"verification_id","wtw_id","status","last_updated_date","sample_date","reviewed_date","wtw_code","wtw_name","wtw_name_chi","phase_1","phase_2","phase_3","verification_item_id","loc_id","loc_full_name","loc_name","loc_suffix","loc_name_chi","ph_manual","ph_manual_dp","ph_analyzer","ph_analyzer_dp","ph_remarks","turb_manual","turb_manual_dp","turb_analyzer","turb_analyzer_dp","turb_remarks","rcl2_manual","rcl2_manual_dp","rcl2_analyzer","rcl2_analyzer_dp","rcl2_remarks","fluoride_manual","fluoride_manual_dp","fluoride_analyzer","fluoride_analyzer_dp","fluoride_remarks","mn_manual","mn_manual_dp","mn_analyzer","mn_analyzer_dp","mn_remarks","nh3_manual","nh3_manual_dp","nh3_analyzer","nh3_analyzer_dp","nh3_remarks","uv_manual","uv_manual_dp","uv_analyzer","uv_analyzer_dp","uv_remarks","dws_update_time","dws_load_time"
20024,1,-1,2026-03-16 08:14:42.649,2026-01-21 21:00:00.000,,SHW,Siu Ho Wan,小蠔灣,true,true,true,20115,40,Filtered Water,Filtered Water,"",過濾後水,,,-1.00000,-1,,0.09000,0,2.00000,2,,0.57000,1,2.00000,2,,,,-1.00000,-1,,,,-1.00000,-1,,,,-1,-1,,,,-1,-1,,2026-03-17 01:14:25.215,2026-03-06 09:03:32.212
20021,1,-1,2026-03-16 08:15:15.717,2026-01-20 13:00:00.000,,SHW,Siu Ho Wan,小蠔灣,true,true,true,20100,40,Filtered Water,Filtered Water,"",過濾後水,,,-1.00000,-1,,0.13000,0,2.00000,1,,0.50000,1,1.00000,2,,,,-1.00000,-1,,,,-1.00000,-1,,,,-1,-1,,,,-1,-1,,2026-03-17 01:14:25.215,2026-03-06 09:03:32.212
20020,1,-1,2026-03-16 08:15:34.852,2026-01-19 21:00:00.000,,SHW,Siu Ho Wan,小蠔灣,true,true,true,20095,40,Filtered Water,Filtered Water,"",過濾後水,,,-1.00000,-1,,0.13000,0,2.00000,2,,0.67000,1,2.00000,2,,,,-1.00000,-1,,,,-1.00000,-1,,,,-1,-1,,,,-1,-1,,2026-03-17 01:14:25.215,2026-03-06 09:03:32.212
20012,1,-1,2026-03-16 08:16:36.315,2026-01-17 05:00:00.000,,SHW,Siu Ho Wan,小蠔灣,true,true,true,20055,40,Filtered Water,Filtered Water,"",過濾後水,,,-1.00000,-1,,0.13000,0,2.00000,2,,0.71000,1,2.00000,2,,,,-1.00000,-1,,,,-1.00000,-1,,,,-1,-1,,,,-1,-1,,2026-03-17 01:14:25.215,2026-03-06 09:03:32.212
20006,1,-1,2026-03-16 08:21:01.118,2026-01-14 13:30:00.000,,SHW,Siu Ho Wan,小蠔灣,true,true,true,20025,40,Filtered Water,Filtered Water,"",過濾後水,,,-1.00000,-1,,0.12000,0,2.00000,2,,0.70000,1,1.00000,2,,,,-1.00000,-1,,,,-1.00000,-1,,,,-1,-1,,,,-1,-1,,2026-03-17 01:14:25.215,2026-03-06 09:03:32.212
20017,1,-1,2026-03-16 08:15:46.283,2026-01-19 13:00:00.000,,SHW,Siu Ho Wan,小蠔灣,true,true,true,20080,40,Filtered Water,Filtered Water,"",過濾後水,,,-1.00000,-1,,0.12000,0,2.00000,2,,0.60000,1,1.00000,2,,,,-1.00000,-1,,,,-1.00000,-1,,,,-1,-1,,,,-1,-1,,2026-03-17 01:14:25.215,2026-03-06 09:03:32.212
20009,1,-1,2026-03-16 08:21:42.849,2026-01-12 00:00:00.000,,SHW,Siu Ho Wan,小蠔灣,true,true,true,20040,40,Filtered Water,Filtered Water,"",過濾後水,,,-1.00000,-1,,0.12000,0,2.00000,2,,0.61000,1,2.00000,2,,,,-1.00000,-1,,,,-1.00000,-1,,,,-1,-1,,,,-1,-1,,2026-03-17 01:14:25.215,2026-03-06 09:03:32.212
20003,1,-1,2026-03-16 08:21:18.449,2026-01-13 13:00:00.000,,SHW,Siu Ho Wan,小蠔灣,true,true,true,20010,40,Filtered Water,Filtered Water,"",過濾後水,,,-1.00000,-1,,0.10000,0,1.00000,2,,0.56000,1,2.00000,2,,,,-1.00000,-1,,,,-1.00000,-1,,,,-1,-1,,,,-1,-1,,2026-03-17 01:14:25.215,2025-12-17 14:14:49.457
20019,1,-1,2026-03-16 08:15:25.253,2026-01-20 05:00:00.000,,SHW,Siu Ho Wan,小蠔灣,true,true,true,20090,40,Filtered Water,Filtered Water,"",過濾後水,,,-1.00000,-1,,0.12000,0,2.00000,2,,0.40000,0,1.00000,2,,,,-1.00000,-1,,,,-1.00000,-1,,,,-1,-1,,,,-1,-1,,2026-03-17 01:14:25.215,2026-03-06 09:03:32.212
20026,1,-1,2026-03-16 08:14:18.780,2026-01-22 13:00:00.000,,SHW,Siu Ho Wan,小蠔灣,true,true,true,20125,40,Filtered Water,Filtered Water,"",過濾後水,,,-1.00000,-1,,0.12000,0,2.00000,2,,0.71000,1,2.00000,2,,,,-1.00000,-1,,,,-1.00000,-1,,,,-1,-1,,,,-1,-1,,2026-03-17 01:14:25.215,2026-03-06 09:03:32.212
20004,1,-1,2026-03-16 08:21:09.781,2026-01-14 13:00:00.000,,SHW,Siu Ho Wan,小蠔灣,true,true,true,20015,40,Filtered Water,Filtered Water,"",過濾後水,,,-1.00000,-1,,0.12000,0,2.00000,2,,0.70000,1,1.00000,2,,,,-1.00000,-1,,,,-1.00000,-1,,,,-1,-1,,,,-1,-1,,2026-03-17 01:14:25.215,2025-12-17 14:14:49.457
20028,1,-1,2026-03-16 08:13:56.934,2026-01-23 13:00:00.000,,SHW,Siu Ho Wan,小蠔灣,true,true,true,20132,0,Raw Water,Raw Water,"",原水,7.42000,8,2.00000,2,,1.18000,1,2.00000,2,,,,-1.00000,-1,,,,-1.00000,-1,,,,-1.00000,-1,,,,-1,-1,,,,-1,-1,,2026-03-17 01:14:25.215,2026-03-06 09:03:32.212
20027,1,-1,2026-03-16 08:14:07.378,2026-01-22 21:00:00.000,,SHW,Siu Ho Wan,小蠔灣,true,true,true,20127,0,Raw Water,Raw Water,"",原水,7.48000,7,2.00000,2,,0.80000,1,1.00000,2,,,,-1.00000,-1,,,,-1.00000,-1,,,,-1.00000,-1,,,,-1,-1,,,,-1,-1,,2026-03-17 01:14:25.215,2026-03-06 09:03:32.212
20018,1,-1,2026-01-20 09:34:10.567,2026-01-19 21:00:00.000,,SHW,Siu Ho Wan,小蠔灣,true,true,true,20082,0,Raw Water,Raw Water,"",原水,7.45000,7,2.00000,2,,2.16000,2,2.00000,2,,,,-1.00000,-1,,,,-1.00000,-1,,,,-1.00000,-1,,,,-1,-1,,,,-1,-1,,2026-03-06 09:03:32.212,2026-03-06 09:03:32.212
20006,1,-1,2026-03-16 08:21:01.118,2026-01-14 13:30:00.000,,SHW,Siu Ho Wan,小蠔灣,true,true,true,20022,0,Raw Water,Raw Water,"",原水,7.34000,2,2.00000,1,,7.52000,2,2.00000,2,,,,-1.00000,-1,,,,-1.00000,-1,,,,-1.00000,-1,,,,-1,-1,,,,-1,-1,,2026-03-17 01:14:25.215,2026-03-06 09:03:32.212
20016,1,-1,2026-03-16 08:15:55.668,2026-01-19 05:00:00.000,,SHW,Siu Ho Wan,小蠔灣,true,true,true,20072,0,Raw Water,Raw Water,"",原水,7.32000,7,2.00000,2,,1.28000,1,2.00000,2,,,,-1.00000,-1,,,,-1.00000,-1,,,,-1.00000,-1,,,,-1,-1,,,,-1,-1,,2026-03-17 01:14:25.215,2026-03-06 09:03:32.212
20024,1,-1,2026-03-16 08:14:42.649,2026-01-21 21:00:00.000,,SHW,Siu Ho Wan,小蠔灣,true,true,true,20112,0,Raw Water,Raw Water,"",原水,7.36000,7,2.00000,2,,1.78000,1,2.00000,2,,,,-1.00000,-1,,,,-1.00000,-1,,,,-1.00000,-1,,,,-1,-1,,,,-1,-1,,2026-03-17 01:14:25.215,2026-03-06 09:03:32.212
20021,1,-1,2026-03-16 08:15:15.717,2026-01-20 13:00:00.000,,SHW,Siu Ho Wan,小蠔灣,true,true,true,20097,0,Raw Water,Raw Water,"",原水,7.48000,7,2.00000,2,,3.01000,3,2.00000,2,,,,-1.00000,-1,,,,-1.00000,-1,,,,-1.00000,-1,,,,-1,-1,,,,-1,-1,,2026-03-17 01:14:25.215,2026-03-06 09:03:32.212
20004,1,-1,2026-03-16 08:21:09.781,2026-01-14 13:00:00.000,,SHW,Siu Ho Wan,小蠔灣,true,true,true,20012,0,Raw Water,Raw Water,"",原水,7.34000,8,2.00000,2,,1.70000,2,1.00000,2,,,,-1.00000,-1,,,,-1.00000,-1,,,,-1.00000,-1,,,,-1,-1,,,,-1,-1,,2026-03-17 01:14:25.215,2025-12-17 14:14:49.457
20021,1,-1,2026-03-16 08:15:15.717,2026-01-20 13:00:00.000,,SHW,Siu Ho Wan,小蠔灣,true,true,true,20098,20,Dosed Water,Dosed Water,"",投藥後水,6.86000,7,2.00000,2,,,,-1.00000,-1,,,,-1.00000,-1,,,,-1.00000,-1,,,,-1.00000,-1,,,,-1,-1,,,,-1,-1,,2026-03-17 01:14:25.215,2026-03-06 09:03:32.212
20020,1,-1,2026-03-16 08:15:34.852,2026-01-19 21:00:00.000,,SHW,Siu Ho Wan,小蠔灣,true,true,true,20093,20,Dosed Water,Dosed Water,"",投藥後水,6.89000,7,2.00000,2,,,,-1.00000,-1,,,,-1.00000,-1,,,,-1.00000,-1,,,,-1.00000,-1,,,,-1,-1,,,,-1,-1,,2026-03-17 01:14:25.215,2026-03-06 09:03:32.212
20018,1,-1,2026-01-20 09:34:10.567,2026-01-19 21:00:00.000,,SHW,Siu Ho Wan,小蠔灣,true,true,true,20083,20,Dosed Water,Dosed Water,"",投藥後水,6.89000,7,2.00000,2,,,,-1.00000,-1,,,,-1.00000,-1,,,,-1.00000,-1,,,,-1.00000,-1,,,,-1,-1,,,,-1,-1,,2026-03-06 09:03:32.212,2026-03-06 09:03:32.212
20010,1,-1,2026-03-16 08:21:50.991,2026-01-03 21:00:00.000,,SHW,Siu Ho Wan,小蠔灣,true,true,true,20043,20,Dosed Water,Dosed Water,"",投藥後水,6.86000,7,2.00000,2,,,,-1.00000,-1,,,,-1.00000,-1,,,,-1.00000,-1,,,,-1.00000,-1,,,,-1,-1,,,,-1,-1,,2026-03-17 01:14:25.215,2026-03-06 09:03:32.212
20029,1,-1,2026-03-16 08:13:44.658,2026-01-24 21:00:00.000,,SHW,Siu Ho Wan,小蠔灣,true,true,true,20138,20,Dosed Water,Dosed Water,"",投藥後水,6.95000,7,2.00000,2,,,,-1.00000,-1,,,,-1.00000,-1,,,,-1.00000,-1,,,,-1.00000,-1,,,,-1,-1,,,,-1,-1,,2026-03-17 01:14:25.215,2026-03-06 09:03:32.212
20028,1,-1,2026-03-16 08:13:56.934,2026-01-23 13:00:00.000,,SHW,Siu Ho Wan,小蠔灣,true,true,true,20133,20,Dosed Water,Dosed Water,"",投藥後水,6.92000,7,2.00000,2,,,,-1.00000,-1,,,,-1.00000,-1,,,,-1.00000,-1,,,,-1.00000,-1,,,,-1,-1,,,,-1,-1,,2026-03-17 01:14:25.215,2026-03-06 09:03:32.212
20015,1,-1,2026-03-16 08:16:07.187,2026-01-18 21:00:00.000,,SHW,Siu Ho Wan,小蠔灣,true,true,true,20068,20,Dosed Water,Dosed Water,"",投藥後水,6.88000,7,2.00000,2,,,,-1.00000,-1,,,,-1.00000,-1,,,,-1.00000,-1,,,,-1.00000,-1,,,,-1,-1,,,,-1,-1,,2026-03-17 01:14:25.215,2026-03-06 09:03:32.212
20012,1,-1,2026-03-16 08:16:36.315,2026-01-17 05:00:00.000,,SHW,Siu Ho Wan,小蠔灣,true,true,true,20053,20,Dosed Water,Dosed Water,"",投藥後水,6.94000,7,2.00000,2,,,,-1.00000,-1,,,,-1.00000,-1,,,,-1.00000,-1,,,,-1.00000,-1,,,,-1,-1,,,,-1,-1,,2026-03-17 01:14:25.215,2026-03-06 09:03:32.212
20007,1,-1,2026-03-16 08:16:59.562,2026-01-15 05:00:00.000,,SHW,Siu Ho Wan,小蠔灣,true,true,true,20028,20,Dosed Water,Dosed Water,"",投藥後水,6.96000,7,2.00000,2,,,,-1.00000,-1,,,,-1.00000,-1,,,,-1.00000,-1,,,,-1.00000,-1,,,,-1,-1,,,,-1,-1,,2026-03-17 01:14:25.215,2026-03-06 09:03:32.212
20005,1,-1,2026-03-16 08:21:26.935,2026-01-13 05:00:00.000,,SHW,Siu Ho Wan,小蠔灣,true,true,true,20018,20,Dosed Water,Dosed Water,"",投藥後水,6.97000,7,2.00000,2,,,,-1.00000,-1,,,,-1.00000,-1,,,,-1.00000,-1,,,,-1.00000,-1,,,,-1,-1,,,,-1,-1,,2026-03-17 01:14:25.215,2025-12-17 14:14:49.457
20004,1,-1,2026-03-16 08:21:09.781,2026-01-14 13:00:00.000,,SHW,Siu Ho Wan,小蠔灣,true,true,true,20013,20,Dosed Water,Dosed Water,"",投藥後水,6.83000,7,2.00000,2,,,,-1.00000,-1,,,,-1.00000,-1,,,,-1.00000,-1,,,,-1.00000,-1,,,,-1,-1,,,,-1,-1,,2026-03-17 01:14:25.215,2025-12-17 14:14:49.457
20007,1,-1,2026-03-16 08:16:59.562,2026-01-15 05:00:00.000,,SHW,Siu Ho Wan,小蠔灣,true,true,true,20029,33,Clarified Water (A & B),Clarified Water (A & B),"",澄清後水 (A & B),6.83000,7,2.00000,2,,0.66000,1,2.00000,2,,0.57000,1,2.00000,2,,,,-1.00000,-1,,,,-1.00000,-1,,,,-1,-1,,,,-1,-1,,2026-03-17 01:14:25.215,2026-03-06 09:03:32.212
20006,1,-1,2026-03-16 08:21:01.118,2026-01-14 13:30:00.000,,SHW,Siu Ho Wan,小蠔灣,true,true,true,20024,33,Clarified Water (A & B),Clarified Water (A & B),"",澄清後水 (A & B),6.79000,7,2.00000,2,,0.69000,1,2.00000,2,,0.66000,1,2.00000,2,,,,-1.00000,-1,,,,-1.00000,-1,,,,-1,-1,,,,-1,-1,,2026-03-17 01:14:25.215,2026-03-06 09:03:32.212
20028,1,-1,2026-03-16 08:13:56.934,2026-01-23 13:00:00.000,,SHW,Siu Ho Wan,小蠔灣,true,true,true,20134,33,Clarified Water (A & B),Clarified Water (A & B),"",澄清後水 (A & B),6.99000,7,2.00000,1,,0.31000,0,2.00000,2,,0.86000,1,2.00000,2,,,,-1.00000,-1,,,,-1.00000,-1,,,,-1,-1,,,,-1,-1,,2026-03-17 01:14:25.215,2026-03-06 09:03:32.212
20026,1,-1,2026-03-16 08:14:18.780,2026-01-22 13:00:00.000,,SHW,Siu Ho Wan,小蠔灣,true,true,true,20124,33,Clarified Water (A & B),Clarified Water (A & B),"",澄清後水 (A & B),6.83000,7,2.00000,2,,0.41000,0,2.00000,2,,0.77000,1,2.00000,2,,,,-1.00000,-1,,,,-1.00000,-1,,,,-1,-1,,,,-1,-1,,2026-03-17 01:14:25.215,2026-03-06 09:03:32.212
20005,1,-1,2026-03-16 08:21:26.935,2026-01-13 05:00:00.000,,SHW,Siu Ho Wan,小蠔灣,true,true,true,20020,40,Filtered Water,Filtered Water,"",過濾後水,,,-1.00000,-1,,0.09000,0,2.00000,1,,0.53000,1,2.00000,2,,,,-1.00000,-1,,,,-1.00000,-1,,,,-1,-1,,,,-1,-1,,2026-03-17 01:14:25.215,2025-12-17 14:14:49.457
20002,1,-1,2026-03-16 08:21:35.399,2026-01-12 13:00:00.000,,SHW,Siu Ho Wan,小蠔灣,true,true,true,20005,40,Filtered Water,Filtered Water,"",過濾後水,,,-1.00000,-1,,0.12000,0,2.00000,2,"0==",0.61000,1,2.00000,2,,,,-1.00000,-1,,,,-1.00000,-1,,,,-1,-1,,,,-1,-1,,2026-03-17 01:14:25.215,2025-12-17 14:14:49.457
20026,1,-1,2026-03-16 08:14:18.780,2026-01-22 13:00:00.000,,SHW,Siu Ho Wan,小蠔灣,true,true,true,20122,0,Raw Water,Raw Water,"",原水,7.42000,7,2.00000,2,,0.81000,1,2.00000,2,,,,-1.00000,-1,,,,-1.00000,-1,,,,-1.00000,-1,,,,-1,-1,,,,-1,-1,,2026-03-17 01:14:25.215,2026-03-06 09:03:32.212
20023,1,-1,2026-03-16 08:14:52.904,2026-01-21 13:00:00.000,,SHW,Siu Ho Wan,小蠔灣,true,true,true,20107,0,Raw Water,Raw Water,"",原水,7.42000,7,2.00000,1,,1.42000,1,2.00000,1,,,,-1.00000,-1,,,,-1.00000,-1,,,,-1.00000,-1,,,,-1,-1,,,,-1,-1,,2026-03-17 01:14:25.215,2026-03-06 09:03:32.212
20022,1,-1,2026-03-16 08:15:06.374,2026-01-20 21:00:00.000,,SHW,Siu Ho Wan,小蠔灣,true,true,true,20102,0,Raw Water,Raw Water,"",原水,7.52000,7,2.00000,2,,1.68000,2,2.00000,1,,,,-1.00000,-1,,,,-1.00000,-1,,,,-1.00000,-1,,,,-1,-1,,,,-1,-1,,2026-03-17 01:14:25.215,2026-03-06 09:03:32.212
20011,1,-1,2026-03-16 08:21:58.390,2026-01-03 08:00:00.000,,SHW,Siu Ho Wan,小蠔灣,true,true,true,20047,0,Raw Water,Raw Water,"",原水,7.47000,7,2.00000,2,,1.31000,1,2.00000,2,,,,-1.00000,-1,,,,-1.00000,-1,,,,-1.00000,-1,,,,-1,-1,,,,-1,-1,,2026-03-19 01:11:08.192,2026-03-06 09:03:32.212
20025,1,-1,2026-03-16 08:14:30.158,2026-01-22 05:00:00.000,,SHW,Siu Ho Wan,小蠔灣,true,true,true,20117,0,Raw Water,Raw Water,"",原水,7.29000,7,2.00000,2,,1.03000,1,2.00000,2,,,,-1.00000,-1,,,,-1.00000,-1,,,,-1.00000,-1,,,,-1,-1,,,,-1,-1,,2026-03-17 01:14:25.215,2026-03-06 09:03:32.212
20007,1,-1,2026-03-16 08:16:59.562,2026-01-15 05:00:00.000,,SHW,Siu Ho Wan,小蠔灣,true,true,true,20027,0,Raw Water,Raw Water,"",原水,7.30000,7,1.00000,1,,2.02000,2,2.00000,2,,,,-1.00000,-1,,,,-1.00000,-1,,,,-1.00000,-1,,,,-1,-1,,,,-1,-1,,2026-03-17 01:14:25.215,2026-03-06 09:03:32.212
20020,1,-1,2026-03-16 08:15:34.852,2026-01-19 21:00:00.000,,SHW,Siu Ho Wan,小蠔灣,true,true,true,20092,0,Raw Water,Raw Water,"",原水,7.45000,7,2.00000,2,,2.16000,2,2.00000,2,,,,-1.00000,-1,,,,-1.00000,-1,,,,-1.00000,-1,,,,-1,-1,,,,-1,-1,,2026-03-17 01:14:25.215,2026-03-06 09:03:32.212
20019,1,-1,2026-03-16 08:15:25.253,2026-01-20 05:00:00.000,,SHW,Siu Ho Wan,小蠔灣,true,true,true,20087,0,Raw Water,Raw Water,"",原水,7.44000,7,2.00000,2,,1.14000,1,2.00000,2,,,,-1.00000,-1,,,,-1.00000,-1,,,,-1.00000,-1,,,,-1,-1,,,,-1,-1,,2026-03-17 01:14:25.215,2026-03-06 09:03:32.212
20015,1,-1,2026-03-16 08:16:07.187,2026-01-18 21:00:00.000,,SHW,Siu Ho Wan,小蠔灣,true,true,true,20067,0,Raw Water,Raw Water,"",原水,7.26000,7,2.00000,2,,1.10000,1,1.00000,2,"",,,-1.00000,-1,,,,-1.00000,-1,,,,-1.00000,-1,,,,-1,-1,,,,-1,-1,,2026-03-17 01:14:25.215,2026-03-06 09:03:32.212
20014,1,-1,2026-03-16 08:16:16.646,2026-01-18 13:00:00.000,,SHW,Siu Ho Wan,小蠔灣,true,true,true,20062,0,Raw Water,Raw Water,"",原水,7.22000,7,2.00000,1,,1.88000,2,2.00000,2,,,,-1.00000,-1,,,,-1.00000,-1,,,,-1.00000,-1,,,,-1,-1,,,,-1,-1,,2026-03-17 01:14:25.215,2026-03-06 09:03:32.212
20008,1,-1,2026-03-16 08:16:45.656,2026-01-16 05:00:00.000,,SHW,Siu Ho Wan,小蠔灣,true,true,true,20032,0,Raw Water,Raw Water,"",原水,7.42000,7,2.00000,2,,1.08000,1,2.00000,0,,,,-1.00000,-1,,,,-1.00000,-1,,,,-1.00000,-1,,,,-1,-1,,,,-1,-1,,2026-03-17 01:14:25.215,2026-03-06 09:03:32.212
20003,1,-1,2026-03-16 08:21:18.449,2026-01-13 13:00:00.000,,SHW,Siu Ho Wan,小蠔灣,true,true,true,20007,0,Raw Water,Raw Water,"",原水,7.44000,7,2.00000,2,,1.63000,2,2.00000,2,,,,-1.00000,-1,,,,-1.00000,-1,,,,-1.00000,-1,,,,-1,-1,,,,-1,-1,,2026-03-17 01:14:25.215,2025-12-17 14:14:49.457
20011,1,-1,2026-03-16 08:21:58.390,2026-01-03 08:00:00.000,,SHW,Siu Ho Wan,小蠔灣,true,true,true,20048,20,Dosed Water,Dosed Water,"",投藥後水,6.86000,7,2.00000,2,,,,-1.00000,-1,,,,-1.00000,-1,,,,-1.00000,-1,,,,-1.00000,-1,,,,-1,-1,,,,-1,-1,,2026-03-19 01:11:08.192,2026-03-06 09:03:32.212
20009,1,-1,2026-03-16 08:21:42.849,2026-01-12 00:00:00.000,,SHW,Siu Ho Wan,小蠔灣,true,true,true,20038,20,Dosed Water,Dosed Water,"",投藥後水,6.90000,7,1.00000,2,,,,-1.00000,-1,,,,-1.00000,-1,,,,-1.00000,-1,,,,-1.00000,-1,,,,-1,-1,,,,-1,-1,,2026-03-17 01:14:25.215,2026-03-06 09:03:32.212
20026,1,-1,2026-03-16 08:14:18.780,2026-01-22 13:00:00.000,,SHW,Siu Ho Wan,小蠔灣,true,true,true,20123,20,Dosed Water,Dosed Water,"",投藥後水,7.03000,7,2.00000,2,,,,-1.00000,-1,,,,-1.00000,-1,,,,-1.00000,-1,,,,-1.00000,-1,,,,-1,-1,,,,-1,-1,,2026-03-17 01:14:25.215,2026-03-06 09:03:32.212
20024,1,-1,2026-03-16 08:14:42.649,2026-01-21 21:00:00.000,,SHW,Siu Ho Wan,小蠔灣,true,true,true,20113,20,Dosed Water,Dosed Water,"",投藥後水,6.88000,7,2.00000,2,,,,-1.00000,-1,,,,-1.00000,-1,,,,-1.00000,-1,,,,-1.00000,-1,,,,-1,-1,,,,-1,-1,,2026-03-17 01:14:25.215,2026-03-06 09:03:32.212
20027,1,-1,2026-03-16 08:14:07.378,2026-01-22 21:00:00.000,,SHW,Siu Ho Wan,小蠔灣,true,true,true,20130,40,Filtered Water,Filtered Water,"",過濾後水,,,-1.00000,-1,,0.11000,0,2.00000,2,,0.65000,1,2.00000,1,,,,-1.00000,-1,,,,-1.00000,-1,,,,-1,-1,,,,-1,-1,,2026-03-17 01:14:25.215,2026-03-06 09:03:32.212
20023,1,-1,2026-03-16 08:14:52.904,2026-01-21 13:00:00.000,,SHW,Siu Ho Wan,小蠔灣,true,true,true,20110,40,Filtered Water,Filtered Water,"",過濾後水,,,-1.00000,-1,,0.12000,0,2.00000,2,,0.51000,1,2.00000,2,,,,-1.00000,-1,,,,-1.00000,-1,,,,-1,-1,,,,-1,-1,,2026-03-17 01:14:25.215,2026-03-06 09:03:32.212
20022,1,-1,2026-03-16 08:15:06.374,2026-01-20 21:00:00.000,,SHW,Siu Ho Wan,小蠔灣,true,true,true,20105,40,Filtered Water,Filtered Water,"",過濾後水,,,-1.00000,-1,,0.10000,0,1.00000,2,,0.66000,1,2.00000,2,,,,-1.00000,-1,,,,-1.00000,-1,,,,-1,-1,,,,-1,-1,,2026-03-17 01:14:25.215,2026-03-06 09:03:32.212
20018,1,-1,2026-01-20 09:34:10.567,2026-01-19 21:00:00.000,,SHW,Siu Ho Wan,小蠔灣,true,true,true,20085,40,Filtered Water,Filtered Water,"",過濾後水,,,-1.00000,-1,,0.13000,0,2.00000,2,"",0.67000,1,2.00000,2,,,,-1.00000,-1,,,,-1.00000,-1,,,,-1,-1,,,,-1,-1,,2026-03-06 09:03:32.212,2026-03-06 09:03:32.212
20011,1,-1,2026-03-16 08:21:58.390,2026-01-03 08:00:00.000,,SHW,Siu Ho Wan,小蠔灣,true,true,true,20050,40,Filtered Water,Filtered Water,"",過濾後水,,,-1.00000,-1,,0.11000,0,2.00000,2,,0.67000,1,2.00000,2,,,,-1.00000,-1,,,,-1.00000,-1,,,,-1,-1,,,,-1,-1,,2026-03-19 01:11:08.192,2026-03-06 09:03:32.212
20008,1,-1,2026-03-16 08:16:45.656,2026-01-16 05:00:00.000,,SHW,Siu Ho Wan,小蠔灣,true,true,true,20035,40,Filtered Water,Filtered Water,"",過濾後水,,,-1.00000,-1,,0.11000,0,2.00000,2,,0.51000,1,2.00000,2,,,,-1.00000,-1,,,,-1.00000,-1,,,,-1,-1,,,,-1,-1,,2026-03-17 01:14:25.215,2026-03-06 09:03:32.212
20025,1,-1,2026-03-16 08:14:30.158,2026-01-22 05:00:00.000,,SHW,Siu Ho Wan,小蠔灣,true,true,true,20120,40,Filtered Water,Filtered Water,"",過濾後水,,,-1.00000,-1,,0.10000,0,1.00000,2,,0.57000,1,2.00000,2,,,,-1.00000,-1,,,,-1.00000,-1,,,,-1,-1,,,,-1,-1,,2026-03-17 01:14:25.215,2026-03-06 09:03:32.212
20016,1,-1,2026-03-16 08:15:55.668,2026-01-19 05:00:00.000,,SHW,Siu Ho Wan,小蠔灣,true,true,true,20075,40,Filtered Water,Filtered Water,"",過濾後水,,,-1.00000,-1,,0.10000,0,1.00000,2,,0.46000,0,2.00000,2,,,,-1.00000,-1,,,,-1.00000,-1,,,,-1,-1,,,,-1,-1,,2026-03-17 01:14:25.215,2026-03-06 09:03:32.212
20007,1,-1,2026-03-16 08:16:59.562,2026-01-15 05:00:00.000,,SHW,Siu Ho Wan,小蠔灣,true,true,true,20030,40,Filtered Water,Filtered Water,"",過濾後水,,,-1.00000,-1,,0.12000,0,2.00000,2,,0.52000,1,2.00000,2,,,,-1.00000,-1,,,,-1.00000,-1,,,,-1,-1,,,,-1,-1,,2026-03-17 01:14:25.215,2026-03-06 09:03:32.212
20017,1,-1,2026-03-16 08:15:46.283,2026-01-19 13:00:00.000,,SHW,Siu Ho Wan,小蠔灣,true,true,true,20077,0,Raw Water,Raw Water,"",原水,7.40000,7,1.00000,2,,3.07000,3,2.00000,2,,,,-1.00000,-1,,,,-1.00000,-1,,,,-1.00000,-1,,,,-1,-1,,,,-1,-1,,2026-03-17 01:14:25.215,2026-03-06 09:03:32.212
20012,1,-1,2026-03-16 08:16:36.315,2026-01-17 05:00:00.000,,SHW,Siu Ho Wan,小蠔灣,true,true,true,20052,0,Raw Water,Raw Water,"",原水,7.43000,7,2.00000,2,,0.95000,1,2.00000,2,,,,-1.00000,-1,,,,-1.00000,-1,,,,-1.00000,-1,,,,-1,-1,,,,-1,-1,,2026-03-17 01:14:25.215,2026-03-06 09:03:32.212
20009,1,-1,2026-03-16 08:21:42.849,2026-01-12 00:00:00.000,,SHW,Siu Ho Wan,小蠔灣,true,true,true,20037,0,Raw Water,Raw Water,"",原水,7.42000,8,2.00000,2,,1.54000,2,2.00000,2,,,,-1.00000,-1,,,,-1.00000,-1,,,,-1.00000,-1,,,,-1,-1,,,,-1,-1,,2026-03-17 01:14:25.215,2026-03-06 09:03:32.212
20016,1,-1,2026-03-16 08:15:55.668,2026-01-19 05:00:00.000,,SHW,Siu Ho Wan,小蠔灣,true,true,true,20073,20,Dosed Water,Dosed Water,"",投藥後水,6.90000,7,1.00000,2,,,,-1.00000,-1,,,,-1.00000,-1,,,,-1.00000,-1,,,,-1.00000,-1,,,,-1,-1,,,,-1,-1,,2026-03-17 01:14:25.215,2026-03-06 09:03:32.212
20029,1,-1,2026-03-16 08:13:44.658,2026-01-24 21:00:00.000,,SHW,Siu Ho Wan,小蠔灣,true,true,true,20140,40,Filtered Water,Filtered Water,"",過濾後水,,,-1.00000,-1,,0.11000,0,2.00000,2,,0.68000,1,2.00000,2,,,,-1.00000,-1,,,,-1.00000,-1,,,,-1,-1,,,,-1,-1,,2026-03-17 01:14:25.215,2026-03-06 09:03:32.212
20028,1,-1,2026-03-16 08:13:56.934,2026-01-23 13:00:00.000,,SHW,Siu Ho Wan,小蠔灣,true,true,true,20135,40,Filtered Water,Filtered Water,"",過濾後水,,,-1.00000,-1,,0.11000,0,2.00000,2,,0.52000,1,2.00000,2,,,,-1.00000,-1,,,,-1.00000,-1,,,,-1,-1,,,,-1,-1,,2026-03-17 01:14:25.215,2026-03-06 09:03:32.212
20013,1,-1,2026-03-16 08:16:27.676,2026-01-17 13:00:00.000,,SHW,Siu Ho Wan,小蠔灣,true,true,true,20060,40,Filtered Water,Filtered Water,"",過濾後水,,,-1.00000,-1,,0.12000,0,2.00000,2,,0.66000,1,2.00000,2,,,,-1.00000,-1,,,,-1.00000,-1,,,,-1,-1,,,,-1,-1,,2026-03-17 01:14:25.215,2026-03-06 09:03:32.212
20010,1,-1,2026-03-16 08:21:50.991,2026-01-03 21:00:00.000,,SHW,Siu Ho Wan,小蠔灣,true,true,true,20045,40,Filtered Water,Filtered Water,"",過濾後水,,,-1.00000,-1,,0.11000,0,2.00000,2,,0.67000,1,2.00000,2,,,,-1.00000,-1,,,,-1.00000,-1,,,,-1,-1,,,,-1,-1,,2026-03-17 01:14:25.215,2026-03-06 09:03:32.212
20015,1,-1,2026-03-16 08:16:07.187,2026-01-18 21:00:00.000,,SHW,Siu Ho Wan,小蠔灣,true,true,true,20070,40,Filtered Water,Filtered Water,"",過濾後水,,,-1.00000,-1,,0.11000,0,2.00000,2,,0.54000,1,2.00000,2,,,,-1.00000,-1,,,,-1.00000,-1,,,,-1,-1,,,,-1,-1,,2026-03-17 01:14:25.215,2026-03-06 09:03:32.212
20014,1,-1,2026-03-16 08:16:16.646,2026-01-18 13:00:00.000,,SHW,Siu Ho Wan,小蠔灣,true,true,true,20065,40,Filtered Water,Filtered Water,"",過濾後水,,,-1.00000,-1,,0.10000,0,1.00000,2,,0.53000,1,2.00000,2,,,,-1.00000,-1,,,,-1.00000,-1,,,,-1,-1,,,,-1,-1,,2026-03-17 01:14:25.215,2026-03-06 09:03:32.212
20029,1,-1,2026-03-16 08:13:44.658,2026-01-24 21:00:00.000,,SHW,Siu Ho Wan,小蠔灣,true,true,true,20137,0,Raw Water,Raw Water,"",原水,7.39000,8,2.00000,2,,1.89000,2,2.00000,2,,,,-1.00000,-1,,,,-1.00000,-1,,,,-1.00000,-1,,,,-1,-1,,,,-1,-1,,2026-03-17 01:14:25.215,2026-03-06 09:03:32.212
20013,1,-1,2026-03-16 08:16:27.676,2026-01-17 13:00:00.000,,SHW,Siu Ho Wan,小蠔灣,true,true,true,20057,0,Raw Water,Raw Water,"",原水,7.30000,7,1.00000,2,,1.24000,1,2.00000,2,,,,-1.00000,-1,,,,-1.00000,-1,,,,-1.00000,-1,,,,-1,-1,,,,-1,-1,,2026-03-17 01:14:25.215,2026-03-06 09:03:32.212
20010,1,-1,2026-03-16 08:21:50.991,2026-01-03 21:00:00.000,,SHW,Siu Ho Wan,小蠔灣,true,true,true,20042,0,Raw Water,Raw Water,"",原水,7.47000,7,2.00000,2,,1.31000,1,2.00000,2,,,,-1.00000,-1,,,,-1.00000,-1,,,,-1.00000,-1,,,,-1,-1,,,,-1,-1,,2026-03-17 01:14:25.215,2026-03-06 09:03:32.212
20005,1,-1,2026-03-16 08:21:26.935,2026-01-13 05:00:00.000,,SHW,Siu Ho Wan,小蠔灣,true,true,true,20017,0,Raw Water,Raw Water,"",原水,7.42000,7,2.00000,2,,1.62000,2,2.00000,2,,,,-1.00000,-1,,,,-1.00000,-1,,,,-1.00000,-1,,,,-1,-1,,,,-1,-1,,2026-03-17 01:14:25.215,2025-12-17 14:14:49.457
20002,1,-1,2026-03-16 08:21:35.399,2026-01-12 13:00:00.000,,SHW,Siu Ho Wan,小蠔灣,true,true,true,20002,0,Raw Water,Raw Water,"",原水,7.42000,8,2.00000,2,,1.54000,2,2.00000,2,,,,-1.00000,-1,,,,-1.00000,-1,,,,-1.00000,-1,,,,-1,-1,,,,-1,-1,,2026-03-17 01:14:25.215,2025-12-17 14:14:49.457
20017,1,-1,2026-03-16 08:15:46.283,2026-01-19 13:00:00.000,,SHW,Siu Ho Wan,小蠔灣,true,true,true,20078,20,Dosed Water,Dosed Water,"",投藥後水,6.94000,7,2.00000,0,,,,-1.00000,-1,,,,-1.00000,-1,,,,-1.00000,-1,,,,-1.00000,-1,,,,-1,-1,,,,-1,-1,,2026-03-17 01:14:25.215,2026-03-06 09:03:32.212
20008,1,-1,2026-03-16 08:16:45.656,2026-01-16 05:00:00.000,,SHW,Siu Ho Wan,小蠔灣,true,true,true,20033,20,Dosed Water,Dosed Water,"",投藥後水,6.98000,7,2.00000,2,,,,-1.00000,-1,,,,-1.00000,-1,,,,-1.00000,-1,,,,-1.00000,-1,,,,-1,-1,,,,-1,-1,,2026-03-17 01:14:25.215,2026-03-06 09:03:32.212
20027,1,-1,2026-03-16 08:14:07.378,2026-01-22 21:00:00.000,,SHW,Siu Ho Wan,小蠔灣,true,true,true,20128,20,Dosed Water,Dosed Water,"",投藥後水,7.01000,7,2.00000,2,,,,-1.00000,-1,,,,-1.00000,-1,,,,-1.00000,-1,,,,-1.00000,-1,,,,-1,-1,,,,-1,-1,,2026-03-17 01:14:25.215,2026-03-06 09:03:32.212
20025,1,-1,2026-03-16 08:14:30.158,2026-01-22 05:00:00.000,,SHW,Siu Ho Wan,小蠔灣,true,true,true,20118,20,Dosed Water,Dosed Water,"",投藥後水,6.94000,7,2.00000,2,,,,-1.00000,-1,,,,-1.00000,-1,,,,-1.00000,-1,,,,-1.00000,-1,,,,-1,-1,,,,-1,-1,,2026-03-17 01:14:25.215,2026-03-06 09:03:32.212
20019,1,-1,2026-03-16 08:15:25.253,2026-01-20 05:00:00.000,,SHW,Siu Ho Wan,小蠔灣,true,true,true,20088,20,Dosed Water,Dosed Water,"",投藥後水,6.85000,7,2.00000,2,,,,-1.00000,-1,,,,-1.00000,-1,,,,-1.00000,-1,,,,-1.00000,-1,,,,-1,-1,,,,-1,-1,,2026-03-17 01:14:25.215,2026-03-06 09:03:32.212
20023,1,-1,2026-03-16 08:14:52.904,2026-01-21 13:00:00.000,,SHW,Siu Ho Wan,小蠔灣,true,true,true,20108,20,Dosed Water,Dosed Water,"",投藥後水,6.90000,7,1.00000,2,,,,-1.00000,-1,,,,-1.00000,-1,,,,-1.00000,-1,,,,-1.00000,-1,,,,-1,-1,,,,-1,-1,,2026-03-17 01:14:25.215,2026-03-06 09:03:32.212
20022,1,-1,2026-03-16 08:15:06.374,2026-01-20 21:00:00.000,,SHW,Siu Ho Wan,小蠔灣,true,true,true,20103,20,Dosed Water,Dosed Water,"",投藥後水,6.90000,7,1.00000,2,,,,-1.00000,-1,,,,-1.00000,-1,,,,-1.00000,-1,,,,-1.00000,-1,,,,-1,-1,,,,-1,-1,,2026-03-17 01:14:25.215,2026-03-06 09:03:32.212
20002,1,-1,2026-03-16 08:21:35.399,2026-01-12 13:00:00.000,,SHW,Siu Ho Wan,小蠔灣,true,true,true,20003,20,Dosed Water,Dosed Water,"",投藥後水,6.90000,7,1.00000,2,,,,-1.00000,-1,,,,-1.00000,-1,,,,-1.00000,-1,,,,-1.00000,-1,,,,-1,-1,,,,-1,-1,,2026-03-17 01:14:25.215,2025-12-17 14:14:49.457
20011,1,-1,2026-03-16 08:21:58.390,2026-01-03 08:00:00.000,,SHW,Siu Ho Wan,小蠔灣,true,true,true,20049,33,Clarified Water (A & B),Clarified Water (A & B),"",澄清後水 (A & B),6.82000,7,2.00000,2,,0.38000,1,2.00000,2,,0.79000,1,2.00000,2,,,,-1.00000,-1,,,,-1.00000,-1,,,,-1,-1,,,,-1,-1,,2026-03-19 01:11:08.192,2026-03-06 09:03:32.212
20010,1,-1,2026-03-16 08:21:50.991,2026-01-03 21:00:00.000,,SHW,Siu Ho Wan,小蠔灣,true,true,true,20044,33,Clarified Water (A & B),Clarified Water (A & B),"",澄清後水 (A & B),6.82000,7,2.00000,2,,0.38000,1,2.00000,2,,0.79000,1,2.00000,2,,,,-1.00000,-1,,,,-1.00000,-1,,,,-1,-1,,,,-1,-1,,2026-03-17 01:14:25.215,2026-03-06 09:03:32.212
20009,1,-1,2026-03-16 08:21:42.849,2026-01-12 00:00:00.000,,SHW,Siu Ho Wan,小蠔灣,true,true,true,20039,33,Clarified Water (A & B),Clarified Water (A & B),"",澄清後水 (A & B),6.89000,7,2.00000,2,,0.63000,1,2.00000,2,,0.62000,1,2.00000,2,,,,-1.00000,-1,,,,-1.00000,-1,,,,-1,-1,,,,-1,-1,,2026-03-17 01:14:25.215,2026-03-06 09:03:32.212
20017,1,-1,2026-03-16 08:15:46.283,2026-01-19 13:00:00.000,,SHW,Siu Ho Wan,小蠔灣,true,true,true,20079,33,Clarified Water (A & B),Clarified Water (A & B),"",澄清後水 (A & B),7.02000,7,2.00000,2,,0.47000,1,2.00000,2,,0.82000,1,2.00000,2,,,,-1.00000,-1,,,,-1.00000,-1,,,,-1,-1,,,,-1,-1,,2026-03-17 01:14:25.215,2026-03-06 09:03:32.212
20016,1,-1,2026-03-16 08:15:55.668,2026-01-19 05:00:00.000,,SHW,Siu Ho Wan,小蠔灣,true,true,true,20074,33,Clarified Water (A & B),Clarified Water (A & B),"",澄清後水 (A & B),6.88000,7,2.00000,2,,0.43000,0,2.00000,2,,0.62000,1,2.00000,2,,,,-1.00000,-1,,,,-1.00000,-1,,,,-1,-1,,,,-1,-1,,2026-03-17 01:14:25.215,2026-03-06 09:03:32.212
20025,1,-1,2026-03-16 08:14:30.158,2026-01-22 05:00:00.000,,SHW,Siu Ho Wan,小蠔灣,true,true,true,20119,33,Clarified Water (A & B),Clarified Water (A & B),"",澄清後水 (A & B),6.97000,7,2.00000,2,,0.49000,0,2.00000,2,,0.77000,1,2.00000,2,,,,-1.00000,-1,,,,-1.00000,-1,,,,-1,-1,,,,-1,-1,,2026-03-17 01:14:25.215,2026-03-06 09:03:32.212
20024,1,-1,2026-03-16 08:14:42.649,2026-01-21 21:00:00.000,,SHW,Siu Ho Wan,小蠔灣,true,true,true,20114,33,Clarified Water (A & B),Clarified Water (A & B),"",澄清後水 (A & B),6.97000,7,2.00000,2,,0.45000,0,2.00000,2,,0.83000,1,2.00000,1,,,,-1.00000,-1,,,,-1.00000,-1,,,,-1,-1,,,,-1,-1,,2026-03-17 01:14:25.215,2026-03-06 09:03:32.212
20014,1,-1,2026-03-16 08:16:16.646,2026-01-18 13:00:00.000,,SHW,Siu Ho Wan,小蠔灣,true,true,true,20063,20,Dosed Water,Dosed Water,"",投藥後水,6.88000,7,2.00000,2,,,,-1.00000,-1,,,,-1.00000,-1,,,,-1.00000,-1,,,,-1.00000,-1,,,,-1,-1,,,,-1,-1,,2026-03-17 01:14:25.215,2026-03-06 09:03:32.212
20006,1,-1,2026-03-16 08:21:01.118,2026-01-14 13:30:00.000,,SHW,Siu Ho Wan,小蠔灣,true,true,true,20023,20,Dosed Water,Dosed Water,"",投藥後水,6.83000,7,2.00000,2,,,,-1.00000,-1,,,,-1.00000,-1,,,,-1.00000,-1,,,,-1.00000,-1,,,,-1,-1,,,,-1,-1,,2026-03-17 01:14:25.215,2026-03-06 09:03:32.212
20013,1,-1,2026-03-16 08:16:27.676,2026-01-17 13:00:00.000,,SHW,Siu Ho Wan,小蠔灣,true,true,true,20058,20,Dosed Water,Dosed Water,"",投藥後水,6.90000,7,1.00000,2,,,,-1.00000,-1,,,,-1.00000,-1,,,,-1.00000,-1,,,,-1.00000,-1,,,,-1,-1,,,,-1,-1,,2026-03-17 01:14:25.215,2026-03-06 09:03:32.212
20029,1,-1,2026-03-16 08:13:44.658,2026-01-24 21:00:00.000,,SHW,Siu Ho Wan,小蠔灣,true,true,true,20139,33,Clarified Water (A & B),Clarified Water (A & B),"",澄清後水 (A & B),6.94000,7,2.00000,2,,0.52000,0,2.00000,2,,0.58000,1,2.00000,2,,,,-1.00000,-1,,,,-1.00000,-1,,,,-1,-1,,,,-1,-1,,2026-03-17 01:14:25.215,2026-03-06 09:03:32.212
20023,1,-1,2026-03-16 08:14:52.904,2026-01-21 13:00:00.000,,SHW,Siu Ho Wan,小蠔灣,true,true,true,20109,33,Clarified Water (A & B),Clarified Water (A & B),"",澄清後水 (A & B),6.97000,7,2.00000,2,,0.48000,1,2.00000,2,,0.77000,1,2.00000,2,,,,-1.00000,-1,,,,-1.00000,-1,,,,-1,-1,,,,-1,-1,,2026-03-17 01:14:25.215,2026-03-06 09:03:32.212
20013,1,-1,2026-03-16 08:16:27.676,2026-01-17 13:00:00.000,,SHW,Siu Ho Wan,小蠔灣,true,true,true,20059,33,Clarified Water (A & B),Clarified Water (A & B),"",澄清後水 (A & B),6.90000,7,1.00000,1,,0.54000,1,2.00000,1,,0.70000,1,1.00000,2,,,,-1.00000,-1,,,,-1.00000,-1,,,,-1,-1,,,,-1,-1,,2026-03-17 01:14:25.215,2026-03-06 09:03:32.212
20005,1,-1,2026-03-16 08:21:26.935,2026-01-13 05:00:00.000,,SHW,Siu Ho Wan,小蠔灣,true,true,true,20019,33,Clarified Water (A & B),Clarified Water (A & B),"",澄清後水 (A & B),6.84000,7,2.00000,2,,0.61000,1,2.00000,2,,0.71000,1,2.00000,2,,,,-1.00000,-1,,,,-1.00000,-1,,,,-1,-1,,,,-1,-1,,2026-03-17 01:14:25.215,2025-12-17 14:14:49.457
20003,1,-1,2026-03-16 08:21:18.449,2026-01-13 13:00:00.000,,SHW,Siu Ho Wan,小蠔灣,true,true,true,20009,33,Clarified Water (A & B),Clarified Water (A & B),"",澄清後水 (A & B),6.85000,7,2.00000,2,,0.62000,1,2.00000,2,,0.72000,1,2.00000,2,,,,-1.00000,-1,,,,-1.00000,-1,,,,-1,-1,,,,-1,-1,,2026-03-17 01:14:25.215,2025-12-17 14:14:49.457
20002,1,-1,2026-03-16 08:21:35.399,2026-01-12 13:00:00.000,,SHW,Siu Ho Wan,小蠔灣,true,true,true,20004,33,Clarified Water (A & B),Clarified Water (A & B),"",澄清後水 (A & B),6.89000,7,2.00000,2,,0.63000,1,2.00000,2,,0.62000,1,2.00000,2,,,,-1.00000,-1,,,,-1.00000,-1,,,,-1,-1,,,,-1,-1,,2026-03-17 01:14:25.215,2025-12-17 14:14:49.457
20027,1,-1,2026-03-16 08:14:07.378,2026-01-22 21:00:00.000,,SHW,Siu Ho Wan,小蠔灣,true,true,true,20131,100,Final Water,Final Water,"",食水,0.14000,0,2.00000,2,,8.35000,8,2.00000,1,,0.95000,1,2.00000,2,,0.49000,1,2.00000,2,,,,-1.00000,-1,,,,-1,-1,,,,-1,-1,,2026-03-17 01:14:25.215,2026-03-06 09:03:32.212
20016,1,-1,2026-03-16 08:15:55.668,2026-01-19 05:00:00.000,,SHW,Siu Ho Wan,小蠔灣,true,true,true,20076,100,Final Water,Final Water,"",食水,8.48000,8,2.00000,2,,0.12000,0,2.00000,2,,1.01000,1,2.00000,2,,0.49000,0,2.00000,2,,,,-1.00000,-1,,,,-1,-1,,,,-1,-1,,2026-03-17 01:14:25.215,2026-03-06 09:03:32.212
20022,1,-1,2026-03-16 08:15:06.374,2026-01-20 21:00:00.000,,SHW,Siu Ho Wan,小蠔灣,true,true,true,20106,100,Final Water,Final Water,"",食水,0.12000,0,2.00000,2,,8.51000,9,2.00000,2,,1.01000,1,2.00000,2,,0.48000,0,2.00000,2,,,,-1.00000,-1,,,,-1,-1,,,,-1,-1,,2026-03-17 01:14:25.215,2026-03-06 09:03:32.212
20019,1,-1,2026-03-16 08:15:25.253,2026-01-20 05:00:00.000,,SHW,Siu Ho Wan,小蠔灣,true,true,true,20089,33,Clarified Water (A & B),Clarified Water (A & B),"",澄清後水 (A & B),6.81000,7,2.00000,2,,0.38000,0,2.00000,2,,0.62000,1,2.00000,2,,,,-1.00000,-1,,,,-1.00000,-1,,,,-1,-1,,,,-1,-1,,2026-03-17 01:14:25.215,2026-03-06 09:03:32.212
20015,1,-1,2026-03-16 08:16:07.187,2026-01-18 21:00:00.000,,SHW,Siu Ho Wan,小蠔灣,true,true,true,20069,33,Clarified Water (A & B),Clarified Water (A & B),"",澄清後水 (A & B),6.86000,7,2.00000,2,,0.44000,0,2.00000,2,,0.54000,1,2.00000,2,,,,-1.00000,-1,,,,-1.00000,-1,,,,-1,-1,,,,-1,-1,,2026-03-17 01:14:25.215,2026-03-06 09:03:32.212
20014,1,-1,2026-03-16 08:16:16.646,2026-01-18 13:00:00.000,,SHW,Siu Ho Wan,小蠔灣,true,true,true,20064,33,Clarified Water (A & B),Clarified Water (A & B),"",澄清後水 (A & B),6.90000,7,1.00000,1,,0.53000,1,2.00000,2,,0.72000,1,2.00000,2,,,,-1.00000,-1,,,,-1.00000,-1,,,,-1,-1,,,,-1,-1,,2026-03-17 01:14:25.215,2026-03-06 09:03:32.212
20008,1,-1,2026-03-16 08:16:45.656,2026-01-16 05:00:00.000,,SHW,Siu Ho Wan,小蠔灣,true,true,true,20034,33,Clarified Water (A & B),Clarified Water (A & B),"",澄清後水 (A & B),6.89000,7,2.00000,2,,0.34000,0,2.00000,2,,0.79000,0,2.00000,2,,,,-1.00000,-1,,,,-1.00000,-1,,,,-1,-1,,,,-1,-1,,2026-03-17 01:14:25.215,2026-03-06 09:03:32.212
20029,1,-1,2026-03-16 08:13:44.658,2026-01-24 21:00:00.000,,SHW,Siu Ho Wan,小蠔灣,true,true,true,20141,100,Final Water,Final Water,"",食水,8.71000,9,2.00000,2,,0.18000,0,2.00000,1,,0.97000,1,2.00000,2,,0.48000,0,2.00000,2,,,,-1.00000,-1,,,,-1,-1,,,,-1,-1,,2026-03-17 01:14:25.215,2026-03-06 09:03:32.212
20026,1,-1,2026-03-16 08:14:18.780,2026-01-22 13:00:00.000,,SHW,Siu Ho Wan,小蠔灣,true,true,true,20126,100,Final Water,Final Water,"",食水,8.74000,9,2.00000,2,,0.19000,0,2.00000,2,,1.16000,1,2.00000,2,,0.53000,1,2.00000,2,,,,-1.00000,-1,,,,-1,-1,,,,-1,-1,,2026-03-17 01:14:25.215,2026-03-06 09:03:32.212
20023,1,-1,2026-03-16 08:14:52.904,2026-01-21 13:00:00.000,,SHW,Siu Ho Wan,小蠔灣,true,true,true,20111,100,Final Water,Final Water,"",食水,8.78000,9,2.00000,2,,0.23000,0,2.00000,1,,0.82000,1,2.00000,2,,0.51000,54,2.00000,0,,,,-1.00000,-1,,,,-1,-1,,,,-1,-1,,2026-03-17 01:14:25.215,2026-03-06 09:03:32.212
20018,1,-1,2026-01-20 09:34:10.567,2026-01-19 21:00:00.000,,SHW,Siu Ho Wan,小蠔灣,true,true,true,20086,100,Final Water,Final Water,"",食水,0.12000,0,2.00000,2,,8.43000,8,2.00000,2,,0.97000,1,2.00000,2,,0.50000,1,1.00000,1,,,,-1.00000,-1,,,,-1,-1,,,,-1,-1,,2026-03-06 09:03:32.212,2026-03-06 09:03:32.212
20025,1,-1,2026-03-16 08:14:30.158,2026-01-22 05:00:00.000,,SHW,Siu Ho Wan,小蠔灣,true,true,true,20121,100,Final Water,Final Water,"",食水,8.38000,8,2.00000,2,,0.14000,0,2.00000,2,,0.96000,1,2.00000,2,,0.50000,1,1.00000,1,,,,-1.00000,-1,,,,-1,-1,,,,-1,-1,,2026-03-17 01:14:25.215,2026-03-06 09:03:32.212
20021,1,-1,2026-03-16 08:15:15.717,2026-01-20 13:00:00.000,,SHW,Siu Ho Wan,小蠔灣,true,true,true,20101,100,Final Water,Final Water,"",食水,8.34000,8,2.00000,2,,0.13000,0,2.00000,2,,1.07000,1,2.00000,2,,0.51000,0,2.00000,2,,,,-1.00000,-1,,,,-1,-1,,,,-1,-1,,2026-03-17 01:14:25.215,2026-03-06 09:03:32.212
20004,1,-1,2026-03-16 08:21:09.781,2026-01-14 13:00:00.000,,SHW,Siu Ho Wan,小蠔灣,true,true,true,20016,100,Final Water,Final Water,"",食水,0.14000,0,2.00000,2,,8.38000,8,2.00000,2,,1.01000,1,2.00000,2,,0.49000,1,2.00000,1,,,,-1.00000,-1,,,,-1,-1,,,,-1,-1,,2026-03-17 01:14:25.215,2025-12-17 14:14:49.457
20002,1,-1,2026-03-16 08:21:35.399,2026-01-12 13:00:00.000,,SHW,Siu Ho Wan,小蠔灣,true,true,true,20006,100,Final Water,Final Water,"",食水,8.43000,5,2.00000,1,,0.19000,0,2.00000,2,,0.97000,1,2.00000,2,,0.50000,1,1.00000,2,,,,-1.00000,-1,,,,-1,-1,,,,-1,-1,,2026-03-17 01:14:25.215,2025-12-17 14:14:49.457
20031,2,0,2026-03-18 17:18:22.211,2026-03-18 17:00:00.000,,SMB,Silver Mine Bay,銀鑛灣,true,true,true,20148,30,Clarified Water,Clarified Water,"",澄清後水,6.90000,7,1.00000,2,,0.16000,0,2.00000,2,,0.96000,1,2.00000,2,,,,-1.00000,-1,,,,-1.00000,-1,,,,-1,-1,,,,-1,-1,,2026-03-20 01:12:02.085,2026-03-19 01:11:08.192
20030,4,0,2026-03-18 09:40:33.556,2026-03-18 09:00:00.000,,CS,Cheung Sha,長沙,true,true,true,20142,0,Raw Water,Raw Water,"",原水,7.02000,7,2.00000,2,,0.88500,1,3.00000,2,,,,-1.00000,-1,,,,-1.00000,-1,,,,-1.00000,-1,,,,-1,-1,,,,-1,-1,,2026-03-19 01:11:08.192,2026-03-19 01:11:08.192
20035,5,3,2026-03-20 09:18:45.676,2026-03-19 10:00:00.000,2026-03-20 09:27:00.000,TO,Tai O,大澳,true,true,true,20169,42,Filtered Water (2),Filtered Water,"2",過濾後水 (2),,,-1.00000,-1,,0.17000,0,2.00000,1,,,,-1.00000,-1,,,,-1.00000,-1,,,,-1.00000,-1,,,,-1,-1,,,,-1,-1,,2026-03-21 01:10:52.761,2026-03-20 01:12:02.085
20033,2,-1,2026-03-19 02:51:12.522,2026-03-19 10:00:00.000,,SMB,Silver Mine Bay,銀鑛灣,true,true,true,20159,100,Final Water,Final Water,"",食水,8.80000,9,1.00000,2,,0.13000,0,2.00000,2,,1.03000,1,2.00000,2,,0.45000,0,2.00000,2,,,,-1.00000,-1,,,,-1,-1,,,,-1,-1,,2026-03-20 01:12:02.085,2026-03-20 01:12:02.085
20036,2,0,2026-03-19 21:23:58.402,2026-03-19 21:09:00.000,,SMB,Silver Mine Bay,銀鑛灣,true,true,true,20176,100,Final Water,Final Water,"",食水,8.61000,9,2.00000,2,,0.13000,0,2.00000,2,,1.07000,1,2.00000,2,,0.49000,1,2.00000,2,,,,-1.00000,-1,,,,-1,-1,,,,-1,-1,,2026-03-21 01:10:52.761,2026-03-20 01:12:02.085
20035,5,3,2026-03-20 09:18:45.676,2026-03-19 10:00:00.000,2026-03-20 09:27:00.000,TO,Tai O,大澳,true,true,true,20165,1,Raw Water (Yi O),Raw Water,Yi O,原水 (Yi O),6.48000,7,2.00000,2,,1.10000,1,1.00000,2,,,,-1.00000,-1,,,,-1.00000,-1,,,,-1.00000,-1,,,,-1,-1,,,,-1,-1,,2026-03-21 01:10:52.761,2026-03-20 01:12:02.085
20041,5,2,2026-03-20 19:57:27.612,2026-03-20 10:00:00.000,,TO,Tai O,大澳,true,true,true,20201,43,Filtered Water (3),Filtered Water,"3",過濾後水 (3),,,-1.00000,-1,,0.15000,0,2.00000,2,,,,-1.00000,-1,,,,-1.00000,-1,,,,-1.00000,-1,,,,-1,-1,,,,-1,-1,,2026-03-22 01:11:48.274,2026-03-21 01:10:52.761
20041,5,2,2026-03-20 19:57:27.612,2026-03-20 10:00:00.000,,TO,Tai O,大澳,true,true,true,20198,20,Dosed Water,Dosed Water,"",投藥後水,6.54000,7,2.00000,1,,,,-1.00000,-1,,,,-1.00000,-1,,,,-1.00000,-1,,,,-1.00000,-1,,,,-1,-1,,,,-1,-1,,2026-03-22 01:11:48.274,2026-03-21 01:10:52.761
20040,2,0,2026-03-20 17:50:52.009,2026-03-20 16:30:00.000,,SMB,Silver Mine Bay,銀鑛灣,true,true,true,20195,100,Final Water,Final Water,"",食水,8.68000,9,2.00000,1,,0.14000,0,2.00000,2,,1.03000,1,2.00000,2,,0.45000,0,2.00000,2,,,,-1.00000,-1,,,,-1,-1,,,,-1,-1,,2026-03-21 01:10:52.761,2026-03-21 01:10:52.761
20037,2,0,2026-03-20 06:33:05.598,2026-03-20 05:00:00.000,,SMB,Silver Mine Bay,銀鑛灣,true,true,true,20177,0,Raw Water,Raw Water,"",原水,6.73000,7,2.00000,1,,0.50000,0,1.00000,2,,,,-1.00000,-1,,,,-1.00000,-1,,,,-1.00000,-1,,,,-1,-1,,,,-1,-1,,2026-03-21 01:10:52.761,2026-03-21 01:10:52.761
20039,2,0,2026-03-20 14:03:45.622,2026-03-20 08:30:00.000,,SMB,Silver Mine Bay,銀鑛灣,true,true,true,20188,30,Clarified Water,Clarified Water,"",澄清後水,6.90000,7,1.00000,2,,0.15000,0,2.00000,2,,0.97000,1,2.00000,2,,,,-1.00000,-1,,,,-1.00000,-1,,,,-1,-1,,,,-1,-1,,2026-03-21 01:10:52.761,2026-03-21 01:10:52.761
20037,2,0,2026-03-20 06:33:05.598,2026-03-20 05:00:00.000,,SMB,Silver Mine Bay,銀鑛灣,true,true,true,20179,30,Clarified Water,Clarified Water,"",澄清後水,6.98000,7,2.00000,2,,0.17000,0,2.00000,2,,0.97000,1,2.00000,2,,,,-1.00000,-1,,,,-1.00000,-1,,,,-1,-1,,,,-1,-1,,2026-03-21 01:10:52.761,2026-03-21 01:10:52.761
20041,5,2,2026-03-20 19:57:27.612,2026-03-20 10:00:00.000,,TO,Tai O,大澳,true,true,true,20200,42,Filtered Water (2),Filtered Water,"2",過濾後水 (2),,,-1.00000,-1,,0.16000,0,2.00000,2,,,,-1.00000,-1,,,,-1.00000,-1,,,,-1.00000,-1,,,,-1,-1,,,,-1,-1,,2026-03-22 01:11:48.274,2026-03-21 01:10:52.761
20046,2,0,2026-03-21 17:02:16.152,2026-03-21 17:00:00.000,,SMB,Silver Mine Bay,銀鑛灣,true,true,true,20227,40,Filtered Water,Filtered Water,"",過濾後水,,,-1.00000,-1,,0.13000,0,2.00000,2,,0.67000,1,2.00000,2,,,,-1.00000,-1,,,,-1.00000,-1,,,,-1,-1,,,,-1,-1,,2026-03-22 01:11:48.274,2026-03-22 01:11:48.274
20044,2,0,2026-03-21 12:35:33.772,2026-03-21 09:00:00.000,,SMB,Silver Mine Bay,銀鑛灣,true,true,true,20216,100,Final Water,Final Water,"",食水,8.67000,9,2.00000,2,,0.15000,0,2.00000,2,,1.01000,1,2.00000,2,,0.46000,0,2.00000,2,,,,-1.00000,-1,,,,-1,-1,,,,-1,-1,,2026-03-22 01:11:48.274,2026-03-22 01:11:48.274
20045,5,2,2026-03-21 17:46:59.299,2026-03-21 10:00:00.000,,TO,Tai O,大澳,true,true,true,20219,20,Dosed Water,Dosed Water,"",投藥後水,6.54000,7,2.00000,1,,,,-1.00000,-1,,,,-1.00000,-1,,,,-1.00000,-1,,,,-1.00000,-1,,,,-1,-1,,,,-1,-1,,2026-03-23 01:10:49.710,2026-03-22 01:11:48.274
20046,2,0,2026-03-21 17:02:16.152,2026-03-21 17:00:00.000,,SMB,Silver Mine Bay,銀鑛灣,true,true,true,20226,30,Clarified Water,Clarified Water,"",澄清後水,6.83000,7,2.00000,2,,0.14000,0,2.00000,2,,0.87000,1,2.00000,2,,,,-1.00000,-1,,,,-1.00000,-1,,,,-1,-1,,,,-1,-1,,2026-03-22 01:11:48.274,2026-03-22 01:11:48.274
20050,2,0,2026-03-22 12:51:32.475,2026-03-22 08:00:00.000,,SMB,Silver Mine Bay,銀鑛灣,true,true,true,20249,100,Final Water,Final Water,"",食水,8.73000,9,2.00000,2,,0.14000,0,2.00000,2,,1.07000,1,2.00000,2,,0.48000,0,2.00000,2,,,,-1.00000,-1,,,,-1,-1,,,,-1,-1,,2026-03-23 01:10:49.710,2026-03-23 01:10:49.710
20050,2,0,2026-03-22 12:51:32.475,2026-03-22 08:00:00.000,,SMB,Silver Mine Bay,銀鑛灣,true,true,true,20245,0,Raw Water,Raw Water,"",原水,6.68000,7,2.00000,2,,0.57000,0,2.00000,2,,,,-1.00000,-1,,,,-1.00000,-1,,,,-1.00000,-1,,,,-1,-1,,,,-1,-1,,2026-03-23 01:10:49.710,2026-03-23 01:10:49.710
20052,2,1,2026-03-24 10:10:24.615,2026-03-22 16:30:00.000,,SMB,Silver Mine Bay,銀鑛灣,true,true,true,20257,0,Raw Water,Raw Water,"",原水,6.68000,7,2.00000,2,,0.95000,1,2.00000,2,,,,-1.00000,-1,,,,-1.00000,-1,,,,-1.00000,-1,,,,-1,-1,,,,-1,-1,,2026-03-25 01:13:17.705,2026-03-23 01:10:49.710
20048,5,2,2026-03-22 19:29:36.278,2026-03-21 22:00:00.000,,TO,Tai O,大澳,true,true,true,20240,100,Final Water,Final Water,"",食水,8.55000,9,2.00000,2,,0.11000,0,2.00000,2,,1.07000,1,2.00000,2,,0.48000,0,2.00000,2,,,,-1.00000,-1,,,,-1,-1,,,,-1,-1,,2026-03-23 01:10:49.710,2026-03-23 01:10:49.710
20048,5,2,2026-03-22 19:29:36.278,2026-03-21 22:00:00.000,,TO,Tai O,大澳,true,true,true,20236,20,Dosed Water,Dosed Water,"",投藥後水,6.63000,7,2.00000,2,,,,-1.00000,-1,,,,-1.00000,-1,,,,-1.00000,-1,,,,-1.00000,-1,,,,-1,-1,,,,-1,-1,,2026-03-23 01:10:49.710,2026-03-23 01:10:49.710
20003,1,-1,2026-03-16 08:21:18.449,2026-01-13 13:00:00.000,,SHW,Siu Ho Wan,小蠔灣,true,true,true,20008,20,Dosed Water,Dosed Water,"",投藥後水,6.98000,7,2.00000,2,,,,-1.00000,-1,,,,-1.00000,-1,,,,-1.00000,-1,,,,-1.00000,-1,,,,-1,-1,,,,-1,-1,,2026-03-17 01:14:25.215,2025-12-17 14:14:49.457
20018,1,-1,2026-01-20 09:34:10.567,2026-01-19 21:00:00.000,,SHW,Siu Ho Wan,小蠔灣,true,true,true,20084,33,Clarified Water (A & B),Clarified Water (A & B),"",澄清後水 (A & B),6.82000,7,2.00000,2,,0.52000,1,2.00000,1,,0.68000,1,2.00000,2,,,,-1.00000,-1,,,,-1.00000,-1,,,,-1,-1,,,,-1,-1,,2026-03-06 09:03:32.212,2026-03-06 09:03:32.212
20020,1,-1,2026-03-16 08:15:34.852,2026-01-19 21:00:00.000,,SHW,Siu Ho Wan,小蠔灣,true,true,true,20094,33,Clarified Water (A & B),Clarified Water (A & B),"",澄清後水 (A & B),6.82000,7,2.00000,2,,0.52000,1,2.00000,1,,0.68000,1,2.00000,2,,,,-1.00000,-1,,,,-1.00000,-1,,,,-1,-1,,,,-1,-1,,2026-03-17 01:14:25.215,2026-03-06 09:03:32.212
20027,1,-1,2026-03-16 08:14:07.378,2026-01-22 21:00:00.000,,SHW,Siu Ho Wan,小蠔灣,true,true,true,20129,33,Clarified Water (A & B),Clarified Water (A & B),"",澄清後水 (A & B),7.05000,7,2.00000,2,,0.57000,0,2.00000,2,,0.72000,1,2.00000,2,,,,-1.00000,-1,,,,-1.00000,-1,,,,-1,-1,,,,-1,-1,,2026-03-17 01:14:25.215,2026-03-06 09:03:32.212
20022,1,-1,2026-03-16 08:15:06.374,2026-01-20 21:00:00.000,,SHW,Siu Ho Wan,小蠔灣,true,true,true,20104,33,Clarified Water (A & B),Clarified Water (A & B),"",澄清後水 (A & B),6.87000,7,2.00000,2,,0.57000,0,2.00000,2,,0.83000,1,2.00000,2,,,,-1.00000,-1,,,,-1.00000,-1,,,,-1,-1,,,,-1,-1,,2026-03-17 01:14:25.215,2026-03-06 09:03:32.212
20021,1,-1,2026-03-16 08:15:15.717,2026-01-20 13:00:00.000,,SHW,Siu Ho Wan,小蠔灣,true,true,true,20099,33,Clarified Water (A & B),Clarified Water (A & B),"",澄清後水 (A & B),6.80000,7,1.00000,2,,0.45000,0,2.00000,2,,1.13000,1,2.00000,2,,,,-1.00000,-1,,,,-1.00000,-1,,,,-1,-1,,,,-1,-1,,2026-03-17 01:14:25.215,2026-03-06 09:03:32.212
20012,1,-1,2026-03-16 08:16:36.315,2026-01-17 05:00:00.000,,SHW,Siu Ho Wan,小蠔灣,true,true,true,20054,33,Clarified Water (A & B),Clarified Water (A & B),"",澄清後水 (A & B),6.85000,7,2.00000,2,,0.37000,0,2.00000,2,,0.71000,1,2.00000,2,,,,-1.00000,-1,,,,-1.00000,-1,,,,-1,-1,,,,-1,-1,,2026-03-17 01:14:25.215,2026-03-06 09:03:32.212
20028,1,-1,2026-03-16 08:13:56.934,2026-01-23 13:00:00.000,,SHW,Siu Ho Wan,小蠔灣,true,true,true,20136,100,Final Water,Final Water,"",食水,8.56000,9,2.00000,2,,0.15000,0,2.00000,2,,0.99000,1,2.00000,2,,0.49000,0,2.00000,2,,,,-1.00000,-1,,,,-1,-1,,,,-1,-1,,2026-03-17 01:14:25.215,2026-03-06 09:03:32.212
20024,1,-1,2026-03-16 08:14:42.649,2026-01-21 21:00:00.000,,SHW,Siu Ho Wan,小蠔灣,true,true,true,20116,100,Final Water,Final Water,"",食水,8.40000,8,1.00000,2,,0.12000,0,2.00000,2,,0.96000,1,2.00000,2,,0.49000,1,2.00000,1,,,,-1.00000,-1,,,,-1,-1,,,,-1,-1,,2026-03-17 01:14:25.215,2026-03-06 09:03:32.212
20013,1,-1,2026-03-16 08:16:27.676,2026-01-17 13:00:00.000,,SHW,Siu Ho Wan,小蠔灣,true,true,true,20061,100,Final Water,Final Water,"",食水,8.50000,8,1.00000,2,,0.13000,0,2.00000,2,,1.10000,1,1.00000,2,,0.50000,0,1.00000,2,,,,-1.00000,-1,,,,-1,-1,,,,-1,-1,,2026-03-17 01:14:25.215,2026-03-06 09:03:32.212
20010,1,-1,2026-03-16 08:21:50.991,2026-01-03 21:00:00.000,,SHW,Siu Ho Wan,小蠔灣,true,true,true,20046,100,Final Water,Final Water,"",食水,8.59000,8,2.00000,2,,0.13000,0,2.00000,2,,0.89000,1,2.00000,2,,0.50000,1,1.00000,1,,,,-1.00000,-1,,,,-1,-1,,,,-1,-1,,2026-03-17 01:14:25.215,2026-03-06 09:03:32.212
20014,1,-1,2026-03-16 08:16:16.646,2026-01-18 13:00:00.000,,SHW,Siu Ho Wan,小蠔灣,true,true,true,20066,100,Final Water,Final Water,"",食水,8.32000,8,2.00000,2,,0.12000,0,2.00000,2,,0.96000,1,2.00000,2,,0.51000,0,2.00000,2,,,,-1.00000,-1,,,,-1,-1,,,,-1,-1,,2026-03-17 01:14:25.215,2026-03-06 09:03:32.212
20007,1,-1,2026-03-16 08:16:59.562,2026-01-15 05:00:00.000,,SHW,Siu Ho Wan,小蠔灣,true,true,true,20031,100,Final Water,Final Water,"",食水,8.42000,8,2.00000,2,,0.10000,0,1.00000,2,,1.01000,1,2.00000,0,"",0.50000,1,1.00000,2,,,,-1.00000,-1,,,,-1,-1,,,,-1,-1,,2026-03-17 01:14:25.215,2026-03-06 09:03:32.212
20031,2,0,2026-03-18 17:18:22.211,2026-03-18 17:00:00.000,,SMB,Silver Mine Bay,銀鑛灣,true,true,true,20146,0,Raw Water,Raw Water,"",原水,6.68000,7,2.00000,2,,0.64000,0,2.00000,2,,,,-1.00000,-1,,,,-1.00000,-1,,,,-1.00000,-1,,,,-1,-1,,,,-1,-1,,2026-03-20 01:12:02.085,2026-03-19 01:11:08.192
20031,2,0,2026-03-18 17:18:22.211,2026-03-18 17:00:00.000,,SMB,Silver Mine Bay,銀鑛灣,true,true,true,20147,20,Dosed Water,Dosed Water,"",投藥後水,6.62000,7,2.00000,1,,,,-1.00000,-1,,,,-1.00000,-1,,,,-1.00000,-1,,,,-1.00000,-1,,,,-1,-1,,,,-1,-1,,2026-03-20 01:12:02.085,2026-03-19 01:11:08.192
20030,4,0,2026-03-18 09:40:33.556,2026-03-18 09:00:00.000,,CS,Cheung Sha,長沙,true,true,true,20144,40,Filtered Water,Filtered Water,"",過濾後水,,,-1.00000,-1,,0.08800,0,3.00000,2,,0.59000,1,2.00000,2,,,,-1.00000,-1,,,,-1.00000,-1,,,,-1,-1,,,,-1,-1,,2026-03-19 01:11:08.192,2026-03-19 01:11:08.192
20031,2,0,2026-03-18 17:18:22.211,2026-03-18 17:00:00.000,,SMB,Silver Mine Bay,銀鑛灣,true,true,true,20149,40,Filtered Water,Filtered Water,"",過濾後水,,,-1.00000,-1,,0.08000,0,2.00000,1,,0.44000,0,2.00000,2,,,,-1.00000,-1,,,,-1.00000,-1,,,,-1,-1,,,,-1,-1,,2026-03-20 01:12:02.085,2026-03-19 01:11:08.192
20032,4,0,2026-03-19 09:26:34.588,2026-03-19 09:00:00.000,,CS,Cheung Sha,長沙,true,true,true,20154,100,Final Water,Final Water,"",食水,8.60000,9,1.00000,2,,0.07600,0,3.00000,3,,1.03000,1,2.00000,2,,0.52000,1,2.00000,2,,,,-1.00000,-1,,,,-1,-1,,,,-1,-1,,2026-03-20 01:12:02.085,2026-03-20 01:12:02.085
20032,4,0,2026-03-19 09:26:34.588,2026-03-19 09:00:00.000,,CS,Cheung Sha,長沙,true,true,true,20151,0,Raw Water,Raw Water,"",原水,6.98000,7,2.00000,2,,0.73400,1,3.00000,3,,,,-1.00000,-1,,,,-1.00000,-1,,,,-1.00000,-1,,,,-1,-1,,,,-1,-1,,2026-03-20 01:12:02.085,2026-03-20 01:12:02.085
20033,2,-1,2026-03-19 02:51:12.522,2026-03-19 10:00:00.000,,SMB,Silver Mine Bay,銀鑛灣,true,true,true,20156,20,Dosed Water,Dosed Water,"",投藥後水,6.75000,7,2.00000,1,,,,-1.00000,-1,,,,-1.00000,-1,,,,-1.00000,-1,,,,-1.00000,-1,,,,-1,-1,,,,-1,-1,,2026-03-20 01:12:02.085,2026-03-20 01:12:02.085
20036,2,0,2026-03-19 21:23:58.402,2026-03-19 21:09:00.000,,SMB,Silver Mine Bay,銀鑛灣,true,true,true,20174,30,Clarified Water,Clarified Water,"",澄清後水,6.89000,7,2.00000,2,,0.17000,0,2.00000,2,,0.90000,1,1.00000,2,,,,-1.00000,-1,,,,-1.00000,-1,,,,-1,-1,,,,-1,-1,,2026-03-21 01:10:52.761,2026-03-20 01:12:02.085
20035,5,3,2026-03-20 09:18:45.676,2026-03-19 10:00:00.000,2026-03-20 09:27:00.000,TO,Tai O,大澳,true,true,true,20168,41,Filtered Water (1),Filtered Water,"1",過濾後水 (1),,,-1.00000,-1,,0.15000,0,2.00000,2,,,,-1.00000,-1,,,,-1.00000,-1,,,,-1.00000,-1,,,,-1,-1,,,,-1,-1,,2026-03-21 01:10:52.761,2026-03-20 01:12:02.085
20041,5,2,2026-03-20 19:57:27.612,2026-03-20 10:00:00.000,,TO,Tai O,大澳,true,true,true,20197,2,Raw Water (Shek Pik),Raw Water,Shek Pik,原水 (Shek Pik),6.79000,7,2.00000,2,,0.98000,1,2.00000,2,,,,-1.00000,-1,,,,-1.00000,-1,,,,-1.00000,-1,,,,-1,-1,,,,-1,-1,,2026-03-22 01:11:48.274,2026-03-21 01:10:52.761
20040,2,0,2026-03-20 17:50:52.009,2026-03-20 16:30:00.000,,SMB,Silver Mine Bay,銀鑛灣,true,true,true,20193,30,Clarified Water,Clarified Water,"",澄清後水,6.90000,7,1.00000,1,,0.14000,0,2.00000,2,,0.97000,1,2.00000,2,,,,-1.00000,-1,,,,-1.00000,-1,,,,-1,-1,,,,-1,-1,,2026-03-21 01:10:52.761,2026-03-21 01:10:52.761
20037,2,0,2026-03-20 06:33:05.598,2026-03-20 05:00:00.000,,SMB,Silver Mine Bay,銀鑛灣,true,true,true,20178,20,Dosed Water,Dosed Water,"",投藥後水,6.67000,7,2.00000,2,,,,-1.00000,-1,,,,-1.00000,-1,,,,-1.00000,-1,,,,-1.00000,-1,,,,-1,-1,,,,-1,-1,,2026-03-21 01:10:52.761,2026-03-21 01:10:52.761
20038,4,0,2026-03-20 09:17:09.048,2026-03-20 09:00:00.000,,CS,Cheung Sha,長沙,true,true,true,20185,100,Final Water,Final Water,"",食水,8.51000,9,2.00000,2,,0.08600,0,3.00000,3,,1.04000,1,2.00000,2,,0.51000,0,2.00000,2,,,,-1.00000,-1,,,,-1,-1,,,,-1,-1,,2026-03-21 01:10:52.761,2026-03-21 01:10:52.761
20040,2,0,2026-03-20 17:50:52.009,2026-03-20 16:30:00.000,,SMB,Silver Mine Bay,銀鑛灣,true,true,true,20192,20,Dosed Water,Dosed Water,"",投藥後水,6.62000,7,2.00000,1,,,,-1.00000,-1,,,,-1.00000,-1,,,,-1.00000,-1,,,,-1.00000,-1,,,,-1,-1,,,,-1,-1,,2026-03-21 01:10:52.761,2026-03-21 01:10:52.761
20040,2,0,2026-03-20 17:50:52.009,2026-03-20 16:30:00.000,,SMB,Silver Mine Bay,銀鑛灣,true,true,true,20191,0,Raw Water,Raw Water,"",原水,6.65000,7,2.00000,2,,0.67000,0,2.00000,2,,,,-1.00000,-1,,,,-1.00000,-1,,,,-1.00000,-1,,,,-1,-1,,,,-1,-1,,2026-03-21 01:10:52.761,2026-03-21 01:10:52.761
20038,4,0,2026-03-20 09:17:09.048,2026-03-20 09:00:00.000,,CS,Cheung Sha,長沙,true,true,true,20184,40,Filtered Water,Filtered Water,"",過濾後水,,,-1.00000,-1,,0.09300,0,3.00000,3,,0.64000,1,2.00000,2,,,,-1.00000,-1,,,,-1.00000,-1,,,,-1,-1,,,,-1,-1,,2026-03-21 01:10:52.761,2026-03-21 01:10:52.761
20040,2,0,2026-03-20 17:50:52.009,2026-03-20 16:30:00.000,,SMB,Silver Mine Bay,銀鑛灣,true,true,true,20194,40,Filtered Water,Filtered Water,"",過濾後水,,,-1.00000,-1,,0.13000,0,2.00000,2,,0.60000,1,1.00000,2,,,,-1.00000,-1,,,,-1.00000,-1,,,,-1,-1,,,,-1,-1,,2026-03-21 01:10:52.761,2026-03-21 01:10:52.761
20046,2,0,2026-03-21 17:02:16.152,2026-03-21 17:00:00.000,,SMB,Silver Mine Bay,銀鑛灣,true,true,true,20228,100,Final Water,Final Water,"",食水,8.46000,8,2.00000,2,,0.15000,0,2.00000,2,,1.08000,1,2.00000,2,,0.52000,1,2.00000,1,,,,-1.00000,-1,,,,-1,-1,,,,-1,-1,,2026-03-22 01:11:48.274,2026-03-22 01:11:48.274
20046,2,0,2026-03-21 17:02:16.152,2026-03-21 17:00:00.000,,SMB,Silver Mine Bay,銀鑛灣,true,true,true,20224,0,Raw Water,Raw Water,"",原水,6.69000,7,2.00000,2,,0.67000,0,2.00000,2,,,,-1.00000,-1,,,,-1.00000,-1,,,,-1.00000,-1,,,,-1,-1,,,,-1,-1,,2026-03-22 01:11:48.274,2026-03-22 01:11:48.274
20043,4,0,2026-03-21 10:07:03.125,2026-03-21 09:00:00.000,,CS,Cheung Sha,長沙,true,true,true,20211,100,Final Water,Final Water,"",食水,8.48000,9,2.00000,2,,0.08100,0,3.00000,3,,1.16000,1,2.00000,2,,0.50500,0,3.00000,2,,,,-1.00000,-1,,,,-1,-1,,,,-1,-1,,2026-03-22 01:11:48.274,2026-03-22 01:11:48.274
20042,2,0,2026-03-21 06:56:12.347,2026-03-21 02:00:00.000,,SMB,Silver Mine Bay,銀鑛灣,true,true,true,20203,0,Raw Water,Raw Water,"",原水,6.69000,7,2.00000,2,,0.68000,0,2.00000,2,,,,-1.00000,-1,,,,-1.00000,-1,,,,-1.00000,-1,,,,-1,-1,,,,-1,-1,,2026-03-22 01:11:48.274,2026-03-22 01:11:48.274
20050,2,0,2026-03-22 12:51:32.475,2026-03-22 08:00:00.000,,SMB,Silver Mine Bay,銀鑛灣,true,true,true,20247,30,Clarified Water,Clarified Water,"",澄清後水,6.88000,7,2.00000,2,,0.18000,0,2.00000,2,,0.92000,1,2.00000,2,,,,-1.00000,-1,,,,-1.00000,-1,,,,-1,-1,,,,-1,-1,,2026-03-23 01:10:49.710,2026-03-23 01:10:49.710
20050,2,0,2026-03-22 12:51:32.475,2026-03-22 08:00:00.000,,SMB,Silver Mine Bay,銀鑛灣,true,true,true,20248,40,Filtered Water,Filtered Water,"",過濾後水,,,-1.00000,-1,,0.10000,0,1.00000,2,,0.70000,1,1.00000,2,,,,-1.00000,-1,,,,-1.00000,-1,,,,-1,-1,,,,-1,-1,,2026-03-23 01:10:49.710,2026-03-23 01:10:49.710
20051,5,2,2026-03-23 19:40:27.810,2026-03-22 10:00:00.000,,TO,Tai O,大澳,true,true,true,20254,42,Filtered Water (2),Filtered Water,"2",過濾後水 (2),,,-1.00000,-1,,0.13000,0,2.00000,2,,,,-1.00000,-1,,,,-1.00000,-1,,,,-1.00000,-1,,,,-1,-1,,,,-1,-1,,2026-03-24 01:12:56.803,2026-03-23 01:10:49.710
20051,5,2,2026-03-23 19:40:27.810,2026-03-22 10:00:00.000,,TO,Tai O,大澳,true,true,true,20253,41,Filtered Water (1),Filtered Water,"1",過濾後水 (1),,,-1.00000,-1,,0.12000,0,2.00000,2,,,,-1.00000,-1,,,,-1.00000,-1,,,,-1.00000,-1,,,,-1,-1,,,,-1,-1,,2026-03-24 01:12:56.803,2026-03-23 01:10:49.710
20048,5,2,2026-03-22 19:29:36.278,2026-03-21 22:00:00.000,,TO,Tai O,大澳,true,true,true,20238,42,Filtered Water (2),Filtered Water,"2",過濾後水 (2),,,-1.00000,-1,,0.16000,0,2.00000,2,,,,-1.00000,-1,,,,-1.00000,-1,,,,-1.00000,-1,,,,-1,-1,,,,-1,-1,,2026-03-23 01:10:49.710,2026-03-23 01:10:49.710
20049,4,0,2026-03-22 09:41:30.032,2026-03-22 09:00:00.000,,CS,Cheung Sha,長沙,true,true,true,20243,40,Filtered Water,Filtered Water,"",過濾後水,,,-1.00000,-1,,0.08500,0,3.00000,2,,0.61000,1,2.00000,2,,,,-1.00000,-1,,,,-1.00000,-1,,,,-1,-1,,,,-1,-1,,2026-03-23 01:10:49.710,2026-03-23 01:10:49.710
40003,5,2,2026-03-23 19:05:33.383,2026-03-23 09:00:00.000,,TO,Tai O,大澳,true,true,true,40007,42,Filtered Water (2),Filtered Water,"2",過濾後水 (2),,,-1.00000,-1,,0.18000,0,2.00000,2,,,,-1.00000,-1,,,,-1.00000,-1,,,,-1.00000,-1,,,,-1,-1,,,,-1,-1,,2026-03-24 01:12:56.803,2026-03-24 01:12:56.803
20056,2,1,2026-03-24 10:09:49.186,2026-03-23 09:00:00.000,,SMB,Silver Mine Bay,銀鑛灣,true,true,true,20281,40,Filtered Water,Filtered Water,"",過濾後水,,,-1.00000,-1,,0.11000,0,2.00000,2,,0.57000,1,2.00000,2,,,,-1.00000,-1,,,,-1.00000,-1,,,,-1,-1,,,,-1,-1,,2026-03-25 01:13:17.705,2026-03-24 01:12:56.803
20053,2,1,2026-03-24 10:10:13.467,2026-03-23 00:30:00.000,,SMB,Silver Mine Bay,銀鑛灣,true,true,true,20263,20,Dosed Water,Dosed Water,"",投藥後水,6.52000,7,2.00000,2,,,,-1.00000,-1,,,,-1.00000,-1,,,,-1.00000,-1,,,,-1.00000,-1,,,,-1,-1,,,,-1,-1,,2026-03-25 01:13:17.705,2026-03-24 01:12:56.803
20053,2,1,2026-03-24 10:10:13.467,2026-03-23 00:30:00.000,,SMB,Silver Mine Bay,銀鑛灣,true,true,true,20266,100,Final Water,Final Water,"",食水,8.79000,9,2.00000,1,,0.13000,0,2.00000,1,,0.97000,1,2.00000,2,,0.45000,0,2.00000,2,,,,-1.00000,-1,,,,-1,-1,,,,-1,-1,,2026-03-25 01:13:17.705,2026-03-24 01:12:56.803
20055,4,0,2026-03-23 09:12:35.975,2026-03-23 09:00:00.000,,CS,Cheung Sha,長沙,true,true,true,20274,0,Raw Water,Raw Water,"",原水,6.90000,7,1.00000,2,,0.76600,1,3.00000,3,,,,-1.00000,-1,,,,-1.00000,-1,,,,-1.00000,-1,,,,-1,-1,,,,-1,-1,,2026-03-24 01:12:56.803,2026-03-24 01:12:56.803
20054,5,2,2026-03-23 19:41:01.818,2026-03-22 22:00:00.000,,TO,Tai O,大澳,true,true,true,20269,20,Dosed Water,Dosed Water,"",投藥後水,6.52000,7,2.00000,2,,,,-1.00000,-1,,,,-1.00000,-1,,,,-1.00000,-1,,,,-1.00000,-1,,,,-1,-1,,,,-1,-1,,2026-03-25 01:13:17.705,2026-03-24 01:12:56.803
20054,5,2,2026-03-23 19:41:01.818,2026-03-22 22:00:00.000,,TO,Tai O,大澳,true,true,true,20272,43,Filtered Water (3),Filtered Water,"3",過濾後水 (3),,,-1.00000,-1,,0.17000,0,2.00000,2,,,,-1.00000,-1,,,,-1.00000,-1,,,,-1.00000,-1,,,,-1,-1,,,,-1,-1,,2026-03-25 01:13:17.705,2026-03-24 01:12:56.803
20056,2,1,2026-03-24 10:09:49.186,2026-03-23 09:00:00.000,,SMB,Silver Mine Bay,銀鑛灣,true,true,true,20278,0,Raw Water,Raw Water,"",原水,6.69000,7,2.00000,2,,0.79000,1,2.00000,2,,,,-1.00000,-1,,,,-1.00000,-1,,,,-1.00000,-1,,,,-1,-1,,,,-1,-1,,2026-03-25 01:13:17.705,2026-03-24 01:12:56.803
20056,2,1,2026-03-24 10:09:49.186,2026-03-23 09:00:00.000,,SMB,Silver Mine Bay,銀鑛灣,true,true,true,20282,100,Final Water,Final Water,"",食水,8.60000,8,1.00000,2,,0.11000,0,2.00000,2,,1.02000,1,2.00000,2,,0.55000,1,2.00000,2,,,,-1.00000,-1,,,,-1,-1,,,,-1,-1,,2026-03-25 01:13:17.705,2026-03-24 01:12:56.803
20056,2,1,2026-03-24 10:09:49.186,2026-03-23 09:00:00.000,,SMB,Silver Mine Bay,銀鑛灣,true,true,true,20280,30,Clarified Water,Clarified Water,"",澄清後水,6.77000,7,2.00000,2,,0.16000,0,2.00000,2,,0.88000,1,2.00000,2,,,,-1.00000,-1,,,,-1.00000,-1,,,,-1,-1,,,,-1,-1,,2026-03-25 01:13:17.705,2026-03-24 01:12:56.803
40008,5,2,2026-03-24 19:46:35.860,2026-03-24 10:00:00.000,,TO,Tai O,大澳,true,true,true,40033,42,Filtered Water (2),Filtered Water,"2",過濾後水 (2),,,-1.00000,-1,,0.18000,0,2.00000,2,,,,-1.00000,-1,,,,-1.00000,-1,,,,-1.00000,-1,,,,-1,-1,,,,-1,-1,,2026-03-26 01:14:39.701,2026-03-25 01:13:17.705
40008,5,2,2026-03-24 19:46:35.860,2026-03-24 10:00:00.000,,TO,Tai O,大澳,true,true,true,40032,41,Filtered Water (1),Filtered Water,"1",過濾後水 (1),,,-1.00000,-1,,0.15000,0,2.00000,2,,,,-1.00000,-1,,,,-1.00000,-1,,,,-1.00000,-1,,,,-1,-1,,,,-1,-1,,2026-03-26 01:14:39.701,2026-03-25 01:13:17.705
40005,2,1,2026-03-24 10:09:11.526,2026-03-24 00:00:00.000,,SMB,Silver Mine Bay,銀鑛灣,true,true,true,40018,40,Filtered Water,Filtered Water,"",過濾後水,,,-1.00000,-1,,0.12000,0,2.00000,2,,0.68000,1,2.00000,2,,,,-1.00000,-1,,,,-1.00000,-1,,,,-1,-1,,,,-1,-1,,2026-03-25 01:13:17.705,2026-03-25 01:13:17.705
40004,2,1,2026-03-24 10:09:38.642,2026-03-23 16:00:00.000,,SMB,Silver Mine Bay,銀鑛灣,true,true,true,40011,20,Dosed Water,Dosed Water,"",投藥後水,6.64000,7,2.00000,2,,,,-1.00000,-1,,,,-1.00000,-1,,,,-1.00000,-1,,,,-1.00000,-1,,,,-1,-1,,,,-1,-1,,2026-03-25 01:13:17.705,2026-03-25 01:13:17.705
40008,5,2,2026-03-24 19:46:35.860,2026-03-24 10:00:00.000,,TO,Tai O,大澳,true,true,true,40035,100,Final Water,Final Water,"",食水,8.56000,9,2.00000,2,,0.18000,0,2.00000,2,,1.12000,1,2.00000,2,,0.48000,1,2.00000,2,,,,-1.00000,-1,,,,-1,-1,,,,-1,-1,,2026-03-26 01:14:39.701,2026-03-25 01:13:17.705
40009,2,0,2026-03-24 17:42:39.328,2026-03-24 18:00:00.000,,SMB,Silver Mine Bay,銀鑛灣,true,true,true,40037,20,Dosed Water,Dosed Water,"",投藥後水,6.58000,7,2.00000,2,,,,-1.00000,-1,,,,-1.00000,-1,,,,-1.00000,-1,,,,-1.00000,-1,,,,-1,-1,,,,-1,-1,,2026-03-25 01:13:17.705,2026-03-25 01:13:17.705
40005,2,1,2026-03-24 10:09:11.526,2026-03-24 00:00:00.000,,SMB,Silver Mine Bay,銀鑛灣,true,true,true,40019,100,Final Water,Final Water,"",食水,8.70000,9,1.00000,2,,0.12000,0,2.00000,1,,1.07000,1,2.00000,2,,0.45000,0,2.00000,2,,,,-1.00000,-1,,,,-1,-1,,,,-1,-1,,2026-03-25 01:13:17.705,2026-03-25 01:13:17.705
40005,2,1,2026-03-24 10:09:11.526,2026-03-24 00:00:00.000,,SMB,Silver Mine Bay,銀鑛灣,true,true,true,40016,20,Dosed Water,Dosed Water,"",投藥後水,6.64000,7,2.00000,2,,,,-1.00000,-1,,,,-1.00000,-1,,,,-1.00000,-1,,,,-1.00000,-1,,,,-1,-1,,,,-1,-1,,2026-03-25 01:13:17.705,2026-03-25 01:13:17.705
40008,5,2,2026-03-24 19:46:35.860,2026-03-24 10:00:00.000,,TO,Tai O,大澳,true,true,true,40030,2,Raw Water (Shek Pik),Raw Water,Shek Pik,原水 (Shek Pik),6.79000,7,2.00000,2,,1.41000,1,2.00000,2,,,,-1.00000,-1,,,,-1.00000,-1,,,,-1.00000,-1,,,,-1,-1,,,,-1,-1,,2026-03-26 01:14:39.701,2026-03-25 01:13:17.705
40012,2,0,2026-03-25 09:55:27.518,2026-03-25 09:00:00.000,,SMB,Silver Mine Bay,銀鑛灣,true,true,true,40054,100,Final Water,Final Water,"",食水,8.30000,8,1.00000,2,,0.13000,0,2.00000,2,,1.07000,1,2.00000,2,,0.48000,0,2.00000,2,,,,-1.00000,-1,,,,-1,-1,,,,-1,-1,,2026-03-26 01:14:39.701,2026-03-26 01:14:39.701
40014,1,0,2026-03-25 17:20:50.862,2026-03-24 21:00:00.000,,SHW,Siu Ho Wan,小蠔灣,true,true,true,40066,100,Final Water,Final Water,"",食水,8.47000,8,2.00000,1,,0.15000,0,2.00000,2,,0.95000,1,2.00000,2,,0.50000,1,1.00000,1,,,,-1.00000,-1,,,,-1,-1,,,,-1,-1,,2026-03-26 01:14:39.701,2026-03-26 01:14:39.701
40013,5,2,2026-03-25 19:48:02.204,2026-03-25 10:00:00.000,,TO,Tai O,大澳,true,true,true,40061,100,Final Water,Final Water,"",食水,8.47000,9,2.00000,2,,0.13000,0,2.00000,2,,1.05000,1,2.00000,2,,0.50000,1,1.00000,1,,,,-1.00000,-1,,,,-1,-1,,,,-1,-1,,2026-03-27 01:14:37.905,2026-03-26 01:14:39.701
20042,2,0,2026-03-21 06:56:12.347,2026-03-21 02:00:00.000,,SMB,Silver Mine Bay,銀鑛灣,true,true,true,20207,100,Final Water,Final Water,"",食水,8.66000,8,2.00000,2,,0.17000,0,2.00000,2,,0.93000,1,2.00000,2,,0.45000,0,2.00000,2,,,,-1.00000,-1,,,,-1,-1,,,,-1,-1,,2026-03-22 01:11:48.274,2026-03-22 01:11:48.274
20045,5,2,2026-03-21 17:46:59.299,2026-03-21 10:00:00.000,,TO,Tai O,大澳,true,true,true,20218,2,Raw Water (Shek Pik),Raw Water,Shek Pik,原水 (Shek Pik),6.67000,7,2.00000,2,,1.02000,1,2.00000,2,,,,-1.00000,-1,,,,-1.00000,-1,,,,-1.00000,-1,,,,-1,-1,,,,-1,-1,,2026-03-23 01:10:49.710,2026-03-22 01:11:48.274
20045,5,2,2026-03-21 17:46:59.299,2026-03-21 10:00:00.000,,TO,Tai O,大澳,true,true,true,20217,1,Raw Water (Yi O),Raw Water,Yi O,原水 (Yi O),0.00000,0,0.00000,0,"",0.00000,0,0.00000,0,,,,-1.00000,-1,,,,-1.00000,-1,,,,-1.00000,-1,,,,-1,-1,,,,-1,-1,,2026-03-23 01:10:49.710,2026-03-22 01:11:48.274
20043,4,0,2026-03-21 10:07:03.125,2026-03-21 09:00:00.000,,CS,Cheung Sha,長沙,true,true,true,20210,40,Filtered Water,Filtered Water,"",過濾後水,,,-1.00000,-1,,0.08100,0,3.00000,3,,0.72000,1,2.00000,2,,,,-1.00000,-1,,,,-1.00000,-1,,,,-1,-1,,,,-1,-1,,2026-03-22 01:11:48.274,2026-03-22 01:11:48.274
20044,2,0,2026-03-21 12:35:33.772,2026-03-21 09:00:00.000,,SMB,Silver Mine Bay,銀鑛灣,true,true,true,20215,40,Filtered Water,Filtered Water,"",過濾後水,,,-1.00000,-1,,0.11000,0,2.00000,2,,0.57000,1,2.00000,2,,,,-1.00000,-1,,,,-1.00000,-1,,,,-1,-1,,,,-1,-1,,2026-03-22 01:11:48.274,2026-03-22 01:11:48.274
20051,5,2,2026-03-23 19:40:27.810,2026-03-22 10:00:00.000,,TO,Tai O,大澳,true,true,true,20255,43,Filtered Water (3),Filtered Water,"3",過濾後水 (3),,,-1.00000,-1,,0.14000,0,2.00000,2,,,,-1.00000,-1,,,,-1.00000,-1,,,,-1.00000,-1,,,,-1,-1,,,,-1,-1,,2026-03-24 01:12:56.803,2026-03-23 01:10:49.710
20051,5,2,2026-03-23 19:40:27.810,2026-03-22 10:00:00.000,,TO,Tai O,大澳,true,true,true,20252,20,Dosed Water,Dosed Water,"",投藥後水,6.54000,7,2.00000,2,,,,-1.00000,-1,,,,-1.00000,-1,,,,-1.00000,-1,,,,-1.00000,-1,,,,-1,-1,,,,-1,-1,,2026-03-24 01:12:56.803,2026-03-23 01:10:49.710
20048,5,2,2026-03-22 19:29:36.278,2026-03-21 22:00:00.000,,TO,Tai O,大澳,true,true,true,20239,43,Filtered Water (3),Filtered Water,"3",過濾後水 (3),,,-1.00000,-1,,0.16000,0,2.00000,2,,,,-1.00000,-1,,,,-1.00000,-1,,,,-1.00000,-1,,,,-1,-1,,,,-1,-1,,2026-03-23 01:10:49.710,2026-03-23 01:10:49.710
20049,4,0,2026-03-22 09:41:30.032,2026-03-22 09:00:00.000,,CS,Cheung Sha,長沙,true,true,true,20241,0,Raw Water,Raw Water,"",原水,6.89000,7,2.00000,2,,0.69600,1,3.00000,2,,,,-1.00000,-1,,,,-1.00000,-1,,,,-1.00000,-1,,,,-1,-1,,,,-1,-1,,2026-03-23 01:10:49.710,2026-03-23 01:10:49.710
20047,2,0,2026-03-22 06:16:40.752,2026-03-22 00:30:00.000,,SMB,Silver Mine Bay,銀鑛灣,true,true,true,20231,30,Clarified Water,Clarified Water,"",澄清後水,6.84000,7,2.00000,2,,0.16000,0,2.00000,2,,0.80000,1,1.00000,1,,,,-1.00000,-1,,,,-1.00000,-1,,,,-1,-1,,,,-1,-1,,2026-03-23 01:10:49.710,2026-03-23 01:10:49.710
20055,4,0,2026-03-23 09:12:35.975,2026-03-23 09:00:00.000,,CS,Cheung Sha,長沙,true,true,true,20277,100,Final Water,Final Water,"",食水,8.55000,9,2.00000,2,,0.08700,0,3.00000,3,,1.09000,1,2.00000,2,,0.49500,0,3.00000,2,,,,-1.00000,-1,,,,-1,-1,,,,-1,-1,,2026-03-24 01:12:56.803,2026-03-24 01:12:56.803
20055,4,0,2026-03-23 09:12:35.975,2026-03-23 09:00:00.000,,CS,Cheung Sha,長沙,true,true,true,20276,40,Filtered Water,Filtered Water,"",過濾後水,,,-1.00000,-1,,0.07800,0,3.00000,3,,0.63000,1,2.00000,2,,,,-1.00000,-1,,,,-1.00000,-1,,,,-1,-1,,,,-1,-1,,2026-03-24 01:12:56.803,2026-03-24 01:12:56.803
20054,5,2,2026-03-23 19:41:01.818,2026-03-22 22:00:00.000,,TO,Tai O,大澳,true,true,true,20271,42,Filtered Water (2),Filtered Water,"2",過濾後水 (2),,,-1.00000,-1,,0.19000,0,2.00000,2,,,,-1.00000,-1,,,,-1.00000,-1,,,,-1.00000,-1,,,,-1,-1,,,,-1,-1,,2026-03-25 01:13:17.705,2026-03-24 01:12:56.803
40003,5,2,2026-03-23 19:05:33.383,2026-03-23 09:00:00.000,,TO,Tai O,大澳,true,true,true,40003,1,Raw Water (Yi O),Raw Water,Yi O,原水 (Yi O),0.00000,0,0.00000,0,,0.00000,0,0.00000,0,,,,-1.00000,-1,,,,-1.00000,-1,,,,-1.00000,-1,,,,-1,-1,,,,-1,-1,,2026-03-24 01:12:56.803,2026-03-24 01:12:56.803
20054,5,2,2026-03-23 19:41:01.818,2026-03-22 22:00:00.000,,TO,Tai O,大澳,true,true,true,20267,1,Raw Water (Yi O),Raw Water,Yi O,原水 (Yi O),0.00000,0,0.00000,0,,0.00000,0,0.00000,0,,,,-1.00000,-1,,,,-1.00000,-1,,,,-1.00000,-1,,,,-1,-1,,,,-1,-1,,2026-03-25 01:13:17.705,2026-03-24 01:12:56.803
40008,5,2,2026-03-24 19:46:35.860,2026-03-24 10:00:00.000,,TO,Tai O,大澳,true,true,true,40034,43,Filtered Water (3),Filtered Water,"3",過濾後水 (3),,,-1.00000,-1,,0.16000,0,2.00000,2,,,,-1.00000,-1,,,,-1.00000,-1,,,,-1.00000,-1,,,,-1,-1,,,,-1,-1,,2026-03-26 01:14:39.701,2026-03-25 01:13:17.705
40009,2,0,2026-03-24 17:42:39.328,2026-03-24 18:00:00.000,,SMB,Silver Mine Bay,銀鑛灣,true,true,true,40036,0,Raw Water,Raw Water,"",原水,6.76000,7,2.00000,1,,1.08000,1,2.00000,2,,,,-1.00000,-1,,,,-1.00000,-1,,,,-1.00000,-1,,,,-1,-1,,,,-1,-1,,2026-03-25 01:13:17.705,2026-03-25 01:13:17.705
40007,2,0,2026-03-24 10:44:34.838,2026-03-24 09:00:00.000,,SMB,Silver Mine Bay,銀鑛灣,true,true,true,40028,100,Final Water,Final Water,"",食水,8.46000,8,2.00000,2,,0.11000,0,2.00000,2,,1.06000,1,2.00000,2,,0.49000,1,2.00000,2,,,,-1.00000,-1,,,,-1,-1,,,,-1,-1,,2026-03-25 01:13:17.705,2026-03-25 01:13:17.705
40009,2,0,2026-03-24 17:42:39.328,2026-03-24 18:00:00.000,,SMB,Silver Mine Bay,銀鑛灣,true,true,true,40038,30,Clarified Water,Clarified Water,"",澄清後水,6.80000,7,1.00000,2,,0.15000,0,2.00000,2,,1.00000,1,0.00000,2,,,,-1.00000,-1,,,,-1.00000,-1,,,,-1,-1,,,,-1,-1,,2026-03-25 01:13:17.705,2026-03-25 01:13:17.705
40007,2,0,2026-03-24 10:44:34.838,2026-03-24 09:00:00.000,,SMB,Silver Mine Bay,銀鑛灣,true,true,true,40026,30,Clarified Water,Clarified Water,"",澄清後水,6.82000,7,2.00000,2,,0.12000,0,2.00000,2,,0.98000,1,2.00000,2,,,,-1.00000,-1,,,,-1.00000,-1,,,,-1,-1,,,,-1,-1,,2026-03-25 01:13:17.705,2026-03-25 01:13:17.705
40006,4,0,2026-03-24 09:11:52.680,2026-03-24 09:00:00.000,,CS,Cheung Sha,長沙,true,true,true,40022,40,Filtered Water,Filtered Water,"",過濾後水,,,-1.00000,-1,,0.08800,0,3.00000,2,,0.69000,1,2.00000,2,,,,-1.00000,-1,,,,-1.00000,-1,,,,-1,-1,,,,-1,-1,,2026-03-25 01:13:17.705,2026-03-25 01:13:17.705
40007,2,0,2026-03-24 10:44:34.838,2026-03-24 09:00:00.000,,SMB,Silver Mine Bay,銀鑛灣,true,true,true,40027,40,Filtered Water,Filtered Water,"",過濾後水,,,-1.00000,-1,,0.10000,0,1.00000,2,,0.74000,1,2.00000,2,,,,-1.00000,-1,,,,-1.00000,-1,,,,-1,-1,,,,-1,-1,,2026-03-25 01:13:17.705,2026-03-25 01:13:17.705
40012,2,0,2026-03-25 09:55:27.518,2026-03-25 09:00:00.000,,SMB,Silver Mine Bay,銀鑛灣,true,true,true,40051,20,Dosed Water,Dosed Water,"",投藥後水,6.66000,7,2.00000,2,,,,-1.00000,-1,,,,-1.00000,-1,,,,-1.00000,-1,,,,-1.00000,-1,,,,-1,-1,,,,-1,-1,,2026-03-26 01:14:39.701,2026-03-26 01:14:39.701
40012,2,0,2026-03-25 09:55:27.518,2026-03-25 09:00:00.000,,SMB,Silver Mine Bay,銀鑛灣,true,true,true,40050,0,Raw Water,Raw Water,"",原水,6.98000,7,2.00000,2,,0.90000,1,1.00000,2,,,,-1.00000,-1,,,,-1.00000,-1,,,,-1.00000,-1,,,,-1,-1,,,,-1,-1,,2026-03-26 01:14:39.701,2026-03-26 01:14:39.701
40014,1,0,2026-03-25 17:20:50.862,2026-03-24 21:00:00.000,,SHW,Siu Ho Wan,小蠔灣,true,true,true,40062,0,Raw Water,Raw Water,"",原水,7.61000,8,2.00000,2,,2.35000,2,2.00000,1,,,,-1.00000,-1,,,,-1.00000,-1,,,,-1.00000,-1,,,,-1,-1,,,,-1,-1,,2026-03-26 01:14:39.701,2026-03-26 01:14:39.701
40013,5,2,2026-03-25 19:48:02.204,2026-03-25 10:00:00.000,,TO,Tai O,大澳,true,true,true,40055,1,Raw Water (Yi O),Raw Water,Yi O,原水 (Yi O),6.45000,6,2.00000,2,,0.72000,1,2.00000,1,,,,-1.00000,-1,,,,-1.00000,-1,,,,-1.00000,-1,,,,-1,-1,,,,-1,-1,,2026-03-27 01:14:37.905,2026-03-26 01:14:39.701
40012,2,0,2026-03-25 09:55:27.518,2026-03-25 09:00:00.000,,SMB,Silver Mine Bay,銀鑛灣,true,true,true,40052,30,Clarified Water,Clarified Water,"",澄清後水,6.81000,7,2.00000,1,,0.14000,0,2.00000,2,,0.85000,1,2.00000,2,,,,-1.00000,-1,,,,-1.00000,-1,,,,-1,-1,,,,-1,-1,,2026-03-26 01:14:39.701,2026-03-26 01:14:39.701
40010,2,0,2026-03-25 06:52:46.579,2026-03-25 00:30:00.000,,SMB,Silver Mine Bay,銀鑛灣,true,true,true,40043,30,Clarified Water,Clarified Water,"",澄清後水,6.76000,7,2.00000,2,,0.12000,0,2.00000,2,,0.92000,1,2.00000,2,,,,-1.00000,-1,,,,-1.00000,-1,,,,-1,-1,,,,-1,-1,,2026-03-26 01:14:39.701,2026-03-26 01:14:39.701
20011,1,-1,2026-03-16 08:21:58.390,2026-01-03 08:00:00.000,,SHW,Siu Ho Wan,小蠔灣,true,true,true,20051,100,Final Water,Final Water,"",食水,8.59000,8,2.00000,2,,0.13000,0,2.00000,2,,0.89000,1,2.00000,2,,0.50000,1,1.00000,1,,,,-1.00000,-1,,,,-1,-1,,,,-1,-1,,2026-03-19 01:11:08.192,2026-03-06 09:03:32.212
20005,1,-1,2026-03-16 08:21:26.935,2026-01-13 05:00:00.000,,SHW,Siu Ho Wan,小蠔灣,true,true,true,20021,100,Final Water,Final Water,"",食水,0.11000,0,2.00000,2,,8.47000,8,2.00000,2,,0.92000,1,2.00000,2,,0.46000,0,2.00000,2,,,,-1.00000,-1,,,,-1,-1,,,,-1,-1,,2026-03-17 01:14:25.215,2025-12-17 14:14:49.457
20003,1,-1,2026-03-16 08:21:18.449,2026-01-13 13:00:00.000,,SHW,Siu Ho Wan,小蠔灣,true,true,true,20011,100,Final Water,Final Water,"",食水,8.48000,8,2.00000,2,,0.11000,0,2.00000,2,,0.94000,1,2.00000,2,,0.47000,0,2.00000,2,,,,-1.00000,-1,,,,-1,-1,,,,-1,-1,,2026-03-17 01:14:25.215,2025-12-17 14:14:49.457
20030,4,0,2026-03-18 09:40:33.556,2026-03-18 09:00:00.000,,CS,Cheung Sha,長沙,true,true,true,20143,20,Dosed Water,Dosed Water,"",投藥後水,6.71000,7,2.00000,2,,,,-1.00000,-1,,1.00000,1,0.00000,2,,,,-1.00000,-1,,,,-1.00000,-1,,,,-1,-1,,,,-1,-1,,2026-03-19 01:11:08.192,2026-03-19 01:11:08.192
20031,2,0,2026-03-18 17:18:22.211,2026-03-18 17:00:00.000,,SMB,Silver Mine Bay,銀鑛灣,true,true,true,20150,100,Final Water,Final Water,"",食水,8.52000,9,2.00000,2,,0.18000,0,2.00000,2,,1.02000,1,2.00000,2,,0.49000,44,2.00000,0,,,,-1.00000,-1,,,,-1,-1,,,,-1,-1,,2026-03-20 01:12:02.085,2026-03-19 01:11:08.192
20033,2,-1,2026-03-19 02:51:12.522,2026-03-19 10:00:00.000,,SMB,Silver Mine Bay,銀鑛灣,true,true,true,20155,0,Raw Water,Raw Water,"",原水,6.74000,7,2.00000,2,,0.56000,0,2.00000,2,,,,-1.00000,-1,,,,-1.00000,-1,,,,-1.00000,-1,,,,-1,-1,,,,-1,-1,,2026-03-20 01:12:02.085,2026-03-20 01:12:02.085
20036,2,0,2026-03-19 21:23:58.402,2026-03-19 21:09:00.000,,SMB,Silver Mine Bay,銀鑛灣,true,true,true,20173,20,Dosed Water,Dosed Water,"",投藥後水,6.68000,7,2.00000,2,,,,-1.00000,-1,,,,-1.00000,-1,,,,-1.00000,-1,,,,-1.00000,-1,,,,-1,-1,,,,-1,-1,,2026-03-21 01:10:52.761,2026-03-20 01:12:02.085
20035,5,3,2026-03-20 09:18:45.676,2026-03-19 10:00:00.000,2026-03-20 09:27:00.000,TO,Tai O,大澳,true,true,true,20171,100,Final Water,Final Water,"",食水,8.49000,9,2.00000,2,,0.12000,0,2.00000,2,,1.05000,1,2.00000,2,,0.50000,0,1.00000,2,,,,-1.00000,-1,,,,-1,-1,,,,-1,-1,,2026-03-21 01:10:52.761,2026-03-20 01:12:02.085
20035,5,3,2026-03-20 09:18:45.676,2026-03-19 10:00:00.000,2026-03-20 09:27:00.000,TO,Tai O,大澳,true,true,true,20167,20,Dosed Water,Dosed Water,"",投藥後水,6.53000,7,2.00000,2,,,,-1.00000,-1,,,,-1.00000,-1,,,,-1.00000,-1,,,,-1.00000,-1,,,,-1,-1,,,,-1,-1,,2026-03-21 01:10:52.761,2026-03-20 01:12:02.085
20034,2,0,2026-03-19 10:55:12.263,2026-03-19 10:00:00.000,,SMB,Silver Mine Bay,銀鑛灣,true,true,true,20160,0,Raw Water,Raw Water,"",原水,6.74000,7,2.00000,2,,0.56000,0,2.00000,2,,,,-1.00000,-1,,,,-1.00000,-1,,,,-1.00000,-1,,,,-1,-1,,,,-1,-1,,2026-03-20 01:12:02.085,2026-03-20 01:12:02.085
20034,2,0,2026-03-19 10:55:12.263,2026-03-19 10:00:00.000,,SMB,Silver Mine Bay,銀鑛灣,true,true,true,20161,20,Dosed Water,Dosed Water,"",投藥後水,6.75000,7,2.00000,1,,,,-1.00000,-1,,,,-1.00000,-1,,,,-1.00000,-1,,,,-1.00000,-1,,,,-1,-1,,,,-1,-1,,2026-03-20 01:12:02.085,2026-03-20 01:12:02.085
20036,2,0,2026-03-19 21:23:58.402,2026-03-19 21:09:00.000,,SMB,Silver Mine Bay,銀鑛灣,true,true,true,20175,40,Filtered Water,Filtered Water,"",過濾後水,,,-1.00000,-1,,0.81000,1,2.00000,2,,0.09000,0,2.00000,2,,,,-1.00000,-1,,,,-1.00000,-1,,,,-1,-1,,,,-1,-1,,2026-03-21 01:10:52.761,2026-03-20 01:12:02.085
20034,2,0,2026-03-19 10:55:12.263,2026-03-19 10:00:00.000,,SMB,Silver Mine Bay,銀鑛灣,true,true,true,20162,30,Clarified Water,Clarified Water,"",澄清後水,6.85000,7,2.00000,2,,0.16000,0,2.00000,1,,1.01000,1,2.00000,2,,,,-1.00000,-1,,,,-1.00000,-1,,,,-1,-1,,,,-1,-1,,2026-03-20 01:12:02.085,2026-03-20 01:12:02.085
20039,2,0,2026-03-20 14:03:45.622,2026-03-20 08:30:00.000,,SMB,Silver Mine Bay,銀鑛灣,true,true,true,20187,20,Dosed Water,Dosed Water,"",投藥後水,6.67000,7,2.00000,2,,,,-1.00000,-1,,,,-1.00000,-1,,,,-1.00000,-1,,,,-1.00000,-1,,,,-1,-1,,,,-1,-1,,2026-03-21 01:10:52.761,2026-03-21 01:10:52.761
20039,2,0,2026-03-20 14:03:45.622,2026-03-20 08:30:00.000,,SMB,Silver Mine Bay,銀鑛灣,true,true,true,20186,0,Raw Water,Raw Water,"",原水,6.69000,7,2.00000,2,,0.55000,0,2.00000,2,,,,-1.00000,-1,,,,-1.00000,-1,,,,-1.00000,-1,,,,-1,-1,,,,-1,-1,,2026-03-21 01:10:52.761,2026-03-21 01:10:52.761
20041,5,2,2026-03-20 19:57:27.612,2026-03-20 10:00:00.000,,TO,Tai O,大澳,true,true,true,20202,100,Final Water,Final Water,"",食水,8.59000,9,2.00000,2,,0.16000,0,2.00000,2,,1.02000,1,2.00000,2,,0.50000,1,1.00000,2,,,,-1.00000,-1,,,,-1,-1,,,,-1,-1,,2026-03-22 01:11:48.274,2026-03-21 01:10:52.761
20037,2,0,2026-03-20 06:33:05.598,2026-03-20 05:00:00.000,,SMB,Silver Mine Bay,銀鑛灣,true,true,true,20180,40,Filtered Water,Filtered Water,"",過濾後水,,,-1.00000,-1,,0.10000,0,1.00000,2,,0.71000,1,2.00000,2,,,,-1.00000,-1,,,,-1.00000,-1,,,,-1,-1,,,,-1,-1,,2026-03-21 01:10:52.761,2026-03-21 01:10:52.761
20039,2,0,2026-03-20 14:03:45.622,2026-03-20 08:30:00.000,,SMB,Silver Mine Bay,銀鑛灣,true,true,true,20189,40,Filtered Water,Filtered Water,"",過濾後水,,,-1.00000,-1,,0.09000,0,2.00000,2,,0.69000,1,2.00000,2,,,,-1.00000,-1,,,,-1.00000,-1,,,,-1,-1,,,,-1,-1,,2026-03-21 01:10:52.761,2026-03-21 01:10:52.761
20046,2,0,2026-03-21 17:02:16.152,2026-03-21 17:00:00.000,,SMB,Silver Mine Bay,銀鑛灣,true,true,true,20225,20,Dosed Water,Dosed Water,"",投藥後水,6.63000,7,2.00000,2,,,,-1.00000,-1,,,,-1.00000,-1,,,,-1.00000,-1,,,,-1.00000,-1,,,,-1,-1,,,,-1,-1,,2026-03-22 01:11:48.274,2026-03-22 01:11:48.274
20043,4,0,2026-03-21 10:07:03.125,2026-03-21 09:00:00.000,,CS,Cheung Sha,長沙,true,true,true,20209,20,Dosed Water,Dosed Water,"",投藥後水,6.66000,7,2.00000,2,,,,-1.00000,-1,,1.05000,1,2.00000,2,,,,-1.00000,-1,,,,-1.00000,-1,,,,-1,-1,,,,-1,-1,,2026-03-22 01:11:48.274,2026-03-22 01:11:48.274
20043,4,0,2026-03-21 10:07:03.125,2026-03-21 09:00:00.000,,CS,Cheung Sha,長沙,true,true,true,20208,0,Raw Water,Raw Water,"",原水,6.95000,7,2.00000,2,,0.72600,1,3.00000,3,,,,-1.00000,-1,,,,-1.00000,-1,,,,-1.00000,-1,,,,-1,-1,,,,-1,-1,,2026-03-22 01:11:48.274,2026-03-22 01:11:48.274
20045,5,2,2026-03-21 17:46:59.299,2026-03-21 10:00:00.000,,TO,Tai O,大澳,true,true,true,20221,42,Filtered Water (2),Filtered Water,"2",過濾後水 (2),,,-1.00000,-1,,0.17000,0,2.00000,2,,,,-1.00000,-1,,,,-1.00000,-1,,,,-1.00000,-1,,,,-1,-1,,,,-1,-1,,2026-03-23 01:10:49.710,2026-03-22 01:11:48.274
20045,5,2,2026-03-21 17:46:59.299,2026-03-21 10:00:00.000,,TO,Tai O,大澳,true,true,true,20220,41,Filtered Water (1),Filtered Water,"1",過濾後水 (1),,,-1.00000,-1,,0.19000,0,2.00000,2,,,,-1.00000,-1,,,,-1.00000,-1,,,,-1.00000,-1,,,,-1,-1,,,,-1,-1,,2026-03-23 01:10:49.710,2026-03-22 01:11:48.274
20048,5,2,2026-03-22 19:29:36.278,2026-03-21 22:00:00.000,,TO,Tai O,大澳,true,true,true,20234,1,Raw Water (Yi O),Raw Water,Yi O,原水 (Yi O),0.00000,0,0.00000,0,,0.00000,0,0.00000,0,,,,-1.00000,-1,,,,-1.00000,-1,,,,-1.00000,-1,,,,-1,-1,,,,-1,-1,,2026-03-23 01:10:49.710,2026-03-23 01:10:49.710
20051,5,2,2026-03-23 19:40:27.810,2026-03-22 10:00:00.000,,TO,Tai O,大澳,true,true,true,20256,100,Final Water,Final Water,"",食水,8.58000,9,2.00000,2,,0.15000,0,2.00000,2,,1.06000,1,2.00000,2,,0.48000,0,2.00000,2,,,,-1.00000,-1,,,,-1,-1,,,,-1,-1,,2026-03-24 01:12:56.803,2026-03-23 01:10:49.710
20047,2,0,2026-03-22 06:16:40.752,2026-03-22 00:30:00.000,,SMB,Silver Mine Bay,銀鑛灣,true,true,true,20233,100,Final Water,Final Water,"",食水,8.69000,9,2.00000,2,,0.13000,0,2.00000,2,,1.04000,1,2.00000,2,,0.50000,1,1.00000,2,,,,-1.00000,-1,,,,-1,-1,,,,-1,-1,,2026-03-23 01:10:49.710,2026-03-23 01:10:49.710
20049,4,0,2026-03-22 09:41:30.032,2026-03-22 09:00:00.000,,CS,Cheung Sha,長沙,true,true,true,20244,100,Final Water,Final Water,"",食水,8.54000,9,2.00000,2,,0.08000,0,2.00000,2,,1.03000,1,2.00000,0,,0.51500,1,3.00000,1,,,,-1.00000,-1,,,,-1,-1,,,,-1,-1,,2026-03-23 01:10:49.710,2026-03-23 01:10:49.710
20052,2,1,2026-03-24 10:10:24.615,2026-03-22 16:30:00.000,,SMB,Silver Mine Bay,銀鑛灣,true,true,true,20260,40,Filtered Water,Filtered Water,"",過濾後水,,,-1.00000,-1,,0.15000,0,2.00000,2,,0.62000,1,2.00000,2,,,,-1.00000,-1,,,,-1.00000,-1,,,,-1,-1,,,,-1,-1,,2026-03-25 01:13:17.705,2026-03-23 01:10:49.710
20047,2,0,2026-03-22 06:16:40.752,2026-03-22 00:30:00.000,,SMB,Silver Mine Bay,銀鑛灣,true,true,true,20232,40,Filtered Water,Filtered Water,"",過濾後水,,,-1.00000,-1,,0.10000,0,1.00000,2,,0.80000,1,1.00000,1,,,,-1.00000,-1,,,,-1.00000,-1,,,,-1,-1,,,,-1,-1,,2026-03-23 01:10:49.710,2026-03-23 01:10:49.710
20052,2,1,2026-03-24 10:10:24.615,2026-03-22 16:30:00.000,,SMB,Silver Mine Bay,銀鑛灣,true,true,true,20259,30,Clarified Water,Clarified Water,"",澄清後水,6.84000,7,2.00000,2,,0.17000,0,2.00000,1,,1.03000,1,2.00000,2,,,,-1.00000,-1,,,,-1.00000,-1,,,,-1,-1,,,,-1,-1,,2026-03-25 01:13:17.705,2026-03-23 01:10:49.710
40003,5,2,2026-03-23 19:05:33.383,2026-03-23 09:00:00.000,,TO,Tai O,大澳,true,true,true,40005,20,Dosed Water,Dosed Water,"",投藥後水,6.54000,7,2.00000,2,,,,-1.00000,-1,,,,-1.00000,-1,,,,-1.00000,-1,,,,-1.00000,-1,,,,-1,-1,,,,-1,-1,,2026-03-24 01:12:56.803,2026-03-24 01:12:56.803
20055,4,0,2026-03-23 09:12:35.975,2026-03-23 09:00:00.000,,CS,Cheung Sha,長沙,true,true,true,20275,20,Dosed Water,Dosed Water,"",投藥後水,6.61000,7,2.00000,2,,,,-1.00000,-1,,1.01000,1,2.00000,2,,,,-1.00000,-1,,,,-1.00000,-1,,,,-1,-1,,,,-1,-1,,2026-03-24 01:12:56.803,2026-03-24 01:12:56.803
40003,5,2,2026-03-23 19:05:33.383,2026-03-23 09:00:00.000,,TO,Tai O,大澳,true,true,true,40006,41,Filtered Water (1),Filtered Water,"1",過濾後水 (1),,,-1.00000,-1,,0.17000,0,2.00000,1,,,,-1.00000,-1,,,,-1.00000,-1,,,,-1.00000,-1,,,,-1,-1,,,,-1,-1,,2026-03-24 01:12:56.803,2026-03-24 01:12:56.803
20053,2,1,2026-03-24 10:10:13.467,2026-03-23 00:30:00.000,,SMB,Silver Mine Bay,銀鑛灣,true,true,true,20264,30,Clarified Water,Clarified Water,"",澄清後水,6.82000,7,2.00000,2,,0.14000,0,2.00000,1,,0.91000,1,2.00000,1,,,,-1.00000,-1,,,,-1.00000,-1,,,,-1,-1,,,,-1,-1,,2026-03-25 01:13:17.705,2026-03-24 01:12:56.803
40005,2,1,2026-03-24 10:09:11.526,2026-03-24 00:00:00.000,,SMB,Silver Mine Bay,銀鑛灣,true,true,true,40015,0,Raw Water,Raw Water,"",原水,6.72000,7,2.00000,2,,0.76000,1,2.00000,2,,,,-1.00000,-1,,,,-1.00000,-1,,,,-1.00000,-1,,,,-1,-1,,,,-1,-1,,2026-03-25 01:13:17.705,2026-03-25 01:13:17.705
20004,1,-1,2026-03-16 08:21:09.781,2026-01-14 13:00:00.000,,SHW,Siu Ho Wan,小蠔灣,true,true,true,20014,33,Clarified Water (A & B),Clarified Water (A & B),"",澄清後水 (A & B),6.79000,7,2.00000,2,,0.69000,1,2.00000,2,,0.66000,1,2.00000,2,,,,-1.00000,-1,,,,-1.00000,-1,,,,-1,-1,,,,-1,-1,,2026-03-17 01:14:25.215,2025-12-17 14:14:49.457
20015,1,-1,2026-03-16 08:16:07.187,2026-01-18 21:00:00.000,,SHW,Siu Ho Wan,小蠔灣,true,true,true,20071,100,Final Water,Final Water,"",食水,8.77000,9,2.00000,2,,0.22000,0,2.00000,2,,1.00000,1,0.00000,2,,0.50000,1,1.00000,2,,,,-1.00000,-1,,,,-1,-1,,,,-1,-1,,2026-03-17 01:14:25.215,2026-03-06 09:03:32.212
20009,1,-1,2026-03-16 08:21:42.849,2026-01-12 00:00:00.000,,SHW,Siu Ho Wan,小蠔灣,true,true,true,20041,100,Final Water,Final Water,"",食水,8.43000,8,2.00000,1,,0.16000,0,2.00000,2,,1.14000,1,2.00000,2,,0.52000,1,2.00000,2,,,,-1.00000,-1,,,,-1,-1,,,,-1,-1,,2026-03-17 01:14:25.215,2026-03-06 09:03:32.212
20008,1,-1,2026-03-16 08:16:45.656,2026-01-16 05:00:00.000,,SHW,Siu Ho Wan,小蠔灣,true,true,true,20036,100,Final Water,Final Water,"",食水,8.53000,8,2.00000,2,,0.14000,0,2.00000,2,,1.01000,1,2.00000,2,,0.52000,1,2.00000,2,,,,-1.00000,-1,,,,-1,-1,,,,-1,-1,,2026-03-17 01:14:25.215,2026-03-06 09:03:32.212
20006,1,-1,2026-03-16 08:21:01.118,2026-01-14 13:30:00.000,,SHW,Siu Ho Wan,小蠔灣,true,true,true,20026,100,Final Water,Final Water,"",食水,8.38000,8,2.00000,2,"",0.14000,0,2.00000,2,,1.01000,1,2.00000,2,,0.49000,1,2.00000,1,,,,-1.00000,-1,,,,-1,-1,,,,-1,-1,,2026-03-17 01:14:25.215,2026-03-06 09:03:32.212
20020,1,-1,2026-03-16 08:15:34.852,2026-01-19 21:00:00.000,,SHW,Siu Ho Wan,小蠔灣,true,true,true,20096,100,Final Water,Final Water,"",食水,8.43000,8,2.00000,2,,0.12000,0,2.00000,2,,0.97000,1,2.00000,2,,0.50000,1,1.00000,1,,,,-1.00000,-1,,,,-1,-1,,,,-1,-1,,2026-03-17 01:14:25.215,2026-03-06 09:03:32.212
20019,1,-1,2026-03-16 08:15:25.253,2026-01-20 05:00:00.000,,SHW,Siu Ho Wan,小蠔灣,true,true,true,20091,100,Final Water,Final Water,"",食水,8.45000,8,2.00000,2,,0.11000,0,2.00000,2,,1.02000,1,2.00000,2,,0.53000,1,2.00000,2,,,,-1.00000,-1,,,,-1,-1,,,,-1,-1,,2026-03-17 01:14:25.215,2026-03-06 09:03:32.212
20017,1,-1,2026-03-16 08:15:46.283,2026-01-19 13:00:00.000,,SHW,Siu Ho Wan,小蠔灣,true,true,true,20081,100,Final Water,Final Water,"",食水,8.47000,8,2.00000,2,,0.12000,0,2.00000,2,,0.86000,1,2.00000,1,,0.46000,0,2.00000,2,,,,-1.00000,-1,,,,-1,-1,,,,-1,-1,,2026-03-17 01:14:25.215,2026-03-06 09:03:32.212
20012,1,-1,2026-03-16 08:16:36.315,2026-01-17 05:00:00.000,,SHW,Siu Ho Wan,小蠔灣,true,true,true,20056,100,Final Water,Final Water,"",食水,8.46000,8,2.00000,2,,0.13000,0,2.00000,2,,1.07000,1,2.00000,2,,0.45000,0,2.00000,2,,,,-1.00000,-1,,,,-1,-1,,,,-1,-1,,2026-03-17 01:14:25.215,2026-03-06 09:03:32.212
20030,4,0,2026-03-18 09:40:33.556,2026-03-18 09:00:00.000,,CS,Cheung Sha,長沙,true,true,true,20145,100,Final Water,Final Water,"",食水,8.56000,9,2.00000,2,,0.08400,0,3.00000,2,,1.06000,1,2.00000,2,,0.49400,1,3.00000,1,,,,-1.00000,-1,,,,-1,-1,,,,-1,-1,,2026-03-19 01:11:08.192,2026-03-19 01:11:08.192
20036,2,0,2026-03-19 21:23:58.402,2026-03-19 21:09:00.000,,SMB,Silver Mine Bay,銀鑛灣,true,true,true,20172,0,Raw Water,Raw Water,"",原水,6.74000,7,2.00000,2,,0.58000,0,2.00000,2,,,,-1.00000,-1,,,,-1.00000,-1,,,,-1.00000,-1,,,,-1,-1,,,,-1,-1,,2026-03-21 01:10:52.761,2026-03-20 01:12:02.085
20035,5,3,2026-03-20 09:18:45.676,2026-03-19 10:00:00.000,2026-03-20 09:27:00.000,TO,Tai O,大澳,true,true,true,20170,43,Filtered Water (3),Filtered Water,"3",過濾後水 (3),,,-1.00000,-1,,0.22000,0,2.00000,2,,,,-1.00000,-1,,,,-1.00000,-1,,,,-1.00000,-1,,,,-1,-1,,,,-1,-1,,2026-03-21 01:10:52.761,2026-03-20 01:12:02.085
20032,4,0,2026-03-19 09:26:34.588,2026-03-19 09:00:00.000,,CS,Cheung Sha,長沙,true,true,true,20152,20,Dosed Water,Dosed Water,"",投藥後水,6.62000,7,2.00000,2,,,,-1.00000,-1,,1.01000,1,2.00000,2,,,,-1.00000,-1,,,,-1.00000,-1,,,,-1,-1,,,,-1,-1,,2026-03-20 01:12:02.085,2026-03-20 01:12:02.085
20034,2,0,2026-03-19 10:55:12.263,2026-03-19 10:00:00.000,,SMB,Silver Mine Bay,銀鑛灣,true,true,true,20164,100,Final Water,Final Water,"",食水,8.80000,9,1.00000,2,,0.13000,0,2.00000,2,,1.03000,1,2.00000,2,,0.45000,0,2.00000,2,,,,-1.00000,-1,,,,-1,-1,,,,-1,-1,,2026-03-20 01:12:02.085,2026-03-20 01:12:02.085
20033,2,-1,2026-03-19 02:51:12.522,2026-03-19 10:00:00.000,,SMB,Silver Mine Bay,銀鑛灣,true,true,true,20157,30,Clarified Water,Clarified Water,"",澄清後水,6.85000,7,2.00000,2,,0.16000,0,2.00000,1,,1.01000,1,2.00000,2,,,,-1.00000,-1,,,,-1.00000,-1,,,,-1,-1,,,,-1,-1,,2026-03-20 01:12:02.085,2026-03-20 01:12:02.085
20035,5,3,2026-03-20 09:18:45.676,2026-03-19 10:00:00.000,2026-03-20 09:27:00.000,TO,Tai O,大澳,true,true,true,20166,2,Raw Water (Shek Pik),Raw Water,Shek Pik,原水 (Shek Pik),6.70000,7,1.00000,2,,0.90000,1,1.00000,2,,,,-1.00000,-1,,,,-1.00000,-1,,,,-1.00000,-1,,,,-1,-1,,,,-1,-1,,2026-03-21 01:10:52.761,2026-03-20 01:12:02.085
20033,2,-1,2026-03-19 02:51:12.522,2026-03-19 10:00:00.000,,SMB,Silver Mine Bay,銀鑛灣,true,true,true,20158,40,Filtered Water,Filtered Water,"",過濾後水,,,-1.00000,-1,,0.09000,0,2.00000,1,,0.58000,1,2.00000,2,,,,-1.00000,-1,,,,-1.00000,-1,,,,-1,-1,,,,-1,-1,,2026-03-20 01:12:02.085,2026-03-20 01:12:02.085
20032,4,0,2026-03-19 09:26:34.588,2026-03-19 09:00:00.000,,CS,Cheung Sha,長沙,true,true,true,20153,40,Filtered Water,Filtered Water,"",過濾後水,,,-1.00000,-1,,0.08400,0,3.00000,3,,0.61000,1,2.00000,2,,,,-1.00000,-1,,,,-1.00000,-1,,,,-1,-1,,,,-1,-1,,2026-03-20 01:12:02.085,2026-03-20 01:12:02.085
20034,2,0,2026-03-19 10:55:12.263,2026-03-19 10:00:00.000,,SMB,Silver Mine Bay,銀鑛灣,true,true,true,20163,40,Filtered Water,Filtered Water,"",過濾後水,,,-1.00000,-1,,0.09000,0,2.00000,1,,0.58000,1,2.00000,2,,,,-1.00000,-1,,,,-1.00000,-1,,,,-1,-1,,,,-1,-1,,2026-03-20 01:12:02.085,2026-03-20 01:12:02.085
20039,2,0,2026-03-20 14:03:45.622,2026-03-20 08:30:00.000,,SMB,Silver Mine Bay,銀鑛灣,true,true,true,20190,100,Final Water,Final Water,"",食水,8.47000,8,2.00000,2,,0.12000,0,2.00000,2,,1.08000,1,2.00000,2,,0.47000,0,2.00000,2,,,,-1.00000,-1,,,,-1,-1,,,,-1,-1,,2026-03-21 01:10:52.761,2026-03-21 01:10:52.761
20037,2,0,2026-03-20 06:33:05.598,2026-03-20 05:00:00.000,,SMB,Silver Mine Bay,銀鑛灣,true,true,true,20181,100,Final Water,Final Water,"",食水,8.46000,8,2.00000,2,,0.13000,0,2.00000,2,,1.02000,1,2.00000,2,,0.48000,0,2.00000,2,,,,-1.00000,-1,,,,-1,-1,,,,-1,-1,,2026-03-21 01:10:52.761,2026-03-21 01:10:52.761
20038,4,0,2026-03-20 09:17:09.048,2026-03-20 09:00:00.000,,CS,Cheung Sha,長沙,true,true,true,20182,0,Raw Water,Raw Water,"",原水,6.88000,7,2.00000,1,,0.74000,1,2.00000,3,,,,-1.00000,-1,,,,-1.00000,-1,,,,-1.00000,-1,,,,-1,-1,,,,-1,-1,,2026-03-21 01:10:52.761,2026-03-21 01:10:52.761
20038,4,0,2026-03-20 09:17:09.048,2026-03-20 09:00:00.000,,CS,Cheung Sha,長沙,true,true,true,20183,20,Dosed Water,Dosed Water,"",投藥後水,6.63000,7,2.00000,1,,,,-1.00000,-1,,1.05000,1,2.00000,2,,,,-1.00000,-1,,,,-1.00000,-1,,,,-1,-1,,,,-1,-1,,2026-03-21 01:10:52.761,2026-03-21 01:10:52.761
20041,5,2,2026-03-20 19:57:27.612,2026-03-20 10:00:00.000,,TO,Tai O,大澳,true,true,true,20199,41,Filtered Water (1),Filtered Water,"1",過濾後水 (1),,,-1.00000,-1,,0.12000,0,2.00000,2,,,,-1.00000,-1,,,,-1.00000,-1,,,,-1.00000,-1,,,,-1,-1,,,,-1,-1,,2026-03-22 01:11:48.274,2026-03-21 01:10:52.761
20041,5,2,2026-03-20 19:57:27.612,2026-03-20 10:00:00.000,,TO,Tai O,大澳,true,true,true,20196,1,Raw Water (Yi O),Raw Water,Yi O,原水 (Yi O),6.50000,7,1.00000,2,,0.81000,1,2.00000,2,,,,-1.00000,-1,,,,-1.00000,-1,,,,-1.00000,-1,,,,-1,-1,,,,-1,-1,,2026-03-22 01:11:48.274,2026-03-21 01:10:52.761
20044,2,0,2026-03-21 12:35:33.772,2026-03-21 09:00:00.000,,SMB,Silver Mine Bay,銀鑛灣,true,true,true,20213,20,Dosed Water,Dosed Water,"",投藥後水,6.55000,7,2.00000,2,,,,-1.00000,-1,,,,-1.00000,-1,,,,-1.00000,-1,,,,-1.00000,-1,,,,-1,-1,,,,-1,-1,,2026-03-22 01:11:48.274,2026-03-22 01:11:48.274
20044,2,0,2026-03-21 12:35:33.772,2026-03-21 09:00:00.000,,SMB,Silver Mine Bay,銀鑛灣,true,true,true,20212,0,Raw Water,Raw Water,"",原水,6.63000,7,2.00000,2,,0.77000,1,2.00000,2,,,,-1.00000,-1,,,,-1.00000,-1,,,,-1.00000,-1,,,,-1,-1,,,,-1,-1,,2026-03-22 01:11:48.274,2026-03-22 01:11:48.274
20042,2,0,2026-03-21 06:56:12.347,2026-03-21 02:00:00.000,,SMB,Silver Mine Bay,銀鑛灣,true,true,true,20204,20,Dosed Water,Dosed Water,"",投藥後水,6.67000,7,2.00000,2,,,,-1.00000,-1,,,,-1.00000,-1,,,,-1.00000,-1,,,,-1.00000,-1,,,,-1,-1,,,,-1,-1,,2026-03-22 01:11:48.274,2026-03-22 01:11:48.274
20045,5,2,2026-03-21 17:46:59.299,2026-03-21 10:00:00.000,,TO,Tai O,大澳,true,true,true,20222,43,Filtered Water (3),Filtered Water,"3",過濾後水 (3),,,-1.00000,-1,,0.18000,0,2.00000,2,,,,-1.00000,-1,,,,-1.00000,-1,,,,-1.00000,-1,,,,-1,-1,,,,-1,-1,,2026-03-23 01:10:49.710,2026-03-22 01:11:48.274
20045,5,2,2026-03-21 17:46:59.299,2026-03-21 10:00:00.000,,TO,Tai O,大澳,true,true,true,20223,100,Final Water,Final Water,"",食水,8.45000,9,2.00000,2,,0.17000,0,2.00000,2,,1.08000,1,2.00000,2,,0.50000,1,1.00000,2,,,,-1.00000,-1,,,,-1,-1,,,,-1,-1,,2026-03-23 01:10:49.710,2026-03-22 01:11:48.274
20042,2,0,2026-03-21 06:56:12.347,2026-03-21 02:00:00.000,,SMB,Silver Mine Bay,銀鑛灣,true,true,true,20206,40,Filtered Water,Filtered Water,"",過濾後水,,,-1.00000,-1,,0.15000,0,2.00000,2,,0.58000,1,2.00000,2,,,,-1.00000,-1,,,,-1.00000,-1,,,,-1,-1,,,,-1,-1,,2026-03-22 01:11:48.274,2026-03-22 01:11:48.274
20044,2,0,2026-03-21 12:35:33.772,2026-03-21 09:00:00.000,,SMB,Silver Mine Bay,銀鑛灣,true,true,true,20214,30,Clarified Water,Clarified Water,"",澄清後水,6.75000,7,2.00000,2,,0.17000,0,2.00000,2,,0.82000,1,2.00000,2,,,,-1.00000,-1,,,,-1.00000,-1,,,,-1,-1,,,,-1,-1,,2026-03-22 01:11:48.274,2026-03-22 01:11:48.274
20042,2,0,2026-03-21 06:56:12.347,2026-03-21 02:00:00.000,,SMB,Silver Mine Bay,銀鑛灣,true,true,true,20205,30,Clarified Water,Clarified Water,"",澄清後水,6.87000,7,2.00000,2,,0.18000,0,2.00000,2,,0.88000,1,2.00000,2,,,,-1.00000,-1,,,,-1.00000,-1,,,,-1,-1,,,,-1,-1,,2026-03-22 01:11:48.274,2026-03-22 01:11:48.274
20050,2,0,2026-03-22 12:51:32.475,2026-03-22 08:00:00.000,,SMB,Silver Mine Bay,銀鑛灣,true,true,true,20246,20,Dosed Water,Dosed Water,"",投藥後水,6.54000,7,2.00000,2,,,,-1.00000,-1,,,,-1.00000,-1,,,,-1.00000,-1,,,,-1.00000,-1,,,,-1,-1,,,,-1,-1,,2026-03-23 01:10:49.710,2026-03-23 01:10:49.710
40006,4,0,2026-03-24 09:11:52.680,2026-03-24 09:00:00.000,,CS,Cheung Sha,長沙,true,true,true,40020,0,Raw Water,Raw Water,"",原水,7.00000,7,0.00000,2,,0.81100,1,3.00000,2,,,,-1.00000,-1,,,,-1.00000,-1,,,,-1.00000,-1,,,,-1,-1,,,,-1,-1,,2026-03-25 01:13:17.705,2026-03-25 01:13:17.705
40004,2,1,2026-03-24 10:09:38.642,2026-03-23 16:00:00.000,,SMB,Silver Mine Bay,銀鑛灣,true,true,true,40014,100,Final Water,Final Water,"",食水,8.62000,9,2.00000,2,,0.09000,0,2.00000,2,,1.02000,1,2.00000,2,,0.45000,0,2.00000,2,,,,-1.00000,-1,,,,-1,-1,,,,-1,-1,,2026-03-25 01:13:17.705,2026-03-25 01:13:17.705
40004,2,1,2026-03-24 10:09:38.642,2026-03-23 16:00:00.000,,SMB,Silver Mine Bay,銀鑛灣,true,true,true,40010,0,Raw Water,Raw Water,"",原水,6.64000,7,2.00000,2,,0.71000,1,2.00000,2,,,,-1.00000,-1,,,,-1.00000,-1,,,,-1.00000,-1,,,,-1,-1,,,,-1,-1,,2026-03-25 01:13:17.705,2026-03-25 01:13:17.705
40007,2,0,2026-03-24 10:44:34.838,2026-03-24 09:00:00.000,,SMB,Silver Mine Bay,銀鑛灣,true,true,true,40024,0,Raw Water,Raw Water,"",原水,0.79000,1,2.00000,2,,6.72000,7,2.00000,2,,,,-1.00000,-1,,,,-1.00000,-1,,,,-1.00000,-1,,,,-1,-1,,,,-1,-1,,2026-03-25 01:13:17.705,2026-03-25 01:13:17.705
40004,2,1,2026-03-24 10:09:38.642,2026-03-23 16:00:00.000,,SMB,Silver Mine Bay,銀鑛灣,true,true,true,40012,30,Clarified Water,Clarified Water,"",澄清後水,6.83000,7,2.00000,2,,0.15000,0,2.00000,2,,1.05000,1,2.00000,2,,,,-1.00000,-1,,,,-1.00000,-1,,,,-1,-1,,,,-1,-1,,2026-03-25 01:13:17.705,2026-03-25 01:13:17.705
40004,2,1,2026-03-24 10:09:38.642,2026-03-23 16:00:00.000,,SMB,Silver Mine Bay,銀鑛灣,true,true,true,40013,40,Filtered Water,Filtered Water,"",過濾後水,,,-1.00000,-1,,0.12000,0,2.00000,2,,0.50000,1,1.00000,2,,,,-1.00000,-1,,,,-1.00000,-1,,,,-1,-1,,,,-1,-1,,2026-03-25 01:13:17.705,2026-03-25 01:13:17.705
40009,2,0,2026-03-24 17:42:39.328,2026-03-24 18:00:00.000,,SMB,Silver Mine Bay,銀鑛灣,true,true,true,40039,40,Filtered Water,Filtered Water,"",過濾後水,,,-1.00000,-1,,0.11000,0,2.00000,2,,0.64000,1,2.00000,2,,,,-1.00000,-1,,,,-1.00000,-1,,,,-1,-1,,,,-1,-1,,2026-03-25 01:13:17.705,2026-03-25 01:13:17.705
40008,5,2,2026-03-24 19:46:35.860,2026-03-24 10:00:00.000,,TO,Tai O,大澳,true,true,true,40029,1,Raw Water (Yi O),Raw Water,Yi O,原水 (Yi O),6.56000,7,2.00000,2,,0.76000,1,2.00000,2,,,,-1.00000,-1,,,,-1.00000,-1,,,,-1.00000,-1,,,,-1,-1,,,,-1,-1,,2026-03-26 01:14:39.701,2026-03-25 01:13:17.705
40014,1,0,2026-03-25 17:20:50.862,2026-03-24 21:00:00.000,,SHW,Siu Ho Wan,小蠔灣,true,true,true,40065,40,Filtered Water,Filtered Water,"",過濾後水,,,-1.00000,-1,,0.10000,0,1.00000,1,,0.48000,0,2.00000,2,,,,-1.00000,-1,,,,-1.00000,-1,,,,-1,-1,,,,-1,-1,,2026-03-26 01:14:39.701,2026-03-26 01:14:39.701
40013,5,2,2026-03-25 19:48:02.204,2026-03-25 10:00:00.000,,TO,Tai O,大澳,true,true,true,40058,41,Filtered Water (1),Filtered Water,"1",過濾後水 (1),,,-1.00000,-1,,0.16000,0,2.00000,2,,,,-1.00000,-1,,,,-1.00000,-1,,,,-1.00000,-1,,,,-1,-1,,,,-1,-1,,2026-03-27 01:14:37.905,2026-03-26 01:14:39.701
40013,5,2,2026-03-25 19:48:02.204,2026-03-25 10:00:00.000,,TO,Tai O,大澳,true,true,true,40059,42,Filtered Water (2),Filtered Water,"2",過濾後水 (2),,,-1.00000,-1,,0.17000,0,2.00000,2,,,,-1.00000,-1,,,,-1.00000,-1,,,,-1.00000,-1,,,,-1,-1,,,,-1,-1,,2026-03-27 01:14:37.905,2026-03-26 01:14:39.701
40011,4,0,2026-03-25 09:50:39.133,2026-03-25 09:00:00.000,,CS,Cheung Sha,長沙,true,true,true,40048,40,Filtered Water,Filtered Water,"",過濾後水,,,-1.00000,-1,,0.09300,0,3.00000,2,,0.64000,1,2.00000,2,,,,-1.00000,-1,,,,-1.00000,-1,,,,-1,-1,,,,-1,-1,,2026-03-26 01:14:39.701,2026-03-26 01:14:39.701
40014,1,0,2026-03-25 17:20:50.862,2026-03-24 21:00:00.000,,SHW,Siu Ho Wan,小蠔灣,true,true,true,40063,20,Dosed Water,Dosed Water,"",投藥後水,6.94000,7,2.00000,2,,,,-1.00000,-1,,,,-1.00000,-1,,,,-1.00000,-1,,,,-1.00000,-1,,,,-1,-1,,,,-1,-1,,2026-03-26 01:14:39.701,2026-03-26 01:14:39.701
40010,2,0,2026-03-25 06:52:46.579,2026-03-25 00:30:00.000,,SMB,Silver Mine Bay,銀鑛灣,true,true,true,40045,100,Final Water,Final Water,"",食水,8.65000,9,2.00000,2,,0.16000,0,2.00000,2,,1.03000,1,2.00000,2,,0.45000,0,2.00000,2,,,,-1.00000,-1,,,,-1,-1,,,,-1,-1,,2026-03-26 01:14:39.701,2026-03-26 01:14:39.701
40011,4,0,2026-03-25 09:50:39.133,2026-03-25 09:00:00.000,,CS,Cheung Sha,長沙,true,true,true,40049,100,Final Water,Final Water,"",食水,8.54000,8,2.00000,2,,0.09400,0,3.00000,2,,1.10000,1,1.00000,2,,0.51900,0,3.00000,2,,,,-1.00000,-1,,,,-1,-1,,,,-1,-1,,2026-03-26 01:14:39.701,2026-03-26 01:14:39.701
40011,4,0,2026-03-25 09:50:39.133,2026-03-25 09:00:00.000,,CS,Cheung Sha,長沙,true,true,true,40046,0,Raw Water,Raw Water,"",原水,6.93000,7,2.00000,2,,0.67300,1,3.00000,2,,,,-1.00000,-1,,,,-1.00000,-1,,,,-1.00000,-1,,,,-1,-1,,,,-1,-1,,2026-03-26 01:14:39.701,2026-03-26 01:14:39.701
40021,5,2,2026-03-26 19:31:39.272,2026-03-26 11:00:00.000,,TO,Tai O,大澳,true,true,true,40096,1,Raw Water (Yi O),Raw Water,Yi O,原水 (Yi O),6.53000,7,2.00000,2,,0.75000,1,2.00000,2,,,,-1.00000,-1,,,,-1.00000,-1,,,,-1.00000,-1,,,,-1,-1,,,,-1,-1,,2026-03-28 01:15:56.948,2026-03-27 01:14:37.905
40019,2,0,2026-03-26 13:12:01.273,2026-03-26 09:00:00.000,,SMB,Silver Mine Bay,銀鑛灣,true,true,true,40089,40,Filtered Water,Filtered Water,"",過濾後水,,,-1.00000,-1,,0.10000,0,1.00000,2,,0.77000,1,2.00000,2,,,,-1.00000,-1,,,,-1.00000,-1,,,,-1,-1,,,,-1,-1,,2026-03-27 01:14:37.905,2026-03-27 01:14:37.905
40015,2,0,2026-03-26 06:55:20.760,2026-03-25 16:00:00.000,,SMB,Silver Mine Bay,銀鑛灣,true,true,true,40070,40,Filtered Water,Filtered Water,"",過濾後水,,,-1.00000,-1,,0.10000,0,1.00000,2,,0.57000,1,2.00000,2,,,,-1.00000,-1,,,,-1.00000,-1,,,,-1,-1,,,,-1,-1,,2026-03-27 01:14:37.905,2026-03-27 01:14:37.905
40021,5,2,2026-03-26 19:31:39.272,2026-03-26 11:00:00.000,,TO,Tai O,大澳,true,true,true,40099,41,Filtered Water (1),Filtered Water,"1",過濾後水 (1),,,-1.00000,-1,,0.15000,0,2.00000,2,,,,-1.00000,-1,,,,-1.00000,-1,,,,-1.00000,-1,,,,-1,-1,,,,-1,-1,,2026-03-28 01:15:56.948,2026-03-27 01:14:37.905
40019,2,0,2026-03-26 13:12:01.273,2026-03-26 09:00:00.000,,SMB,Silver Mine Bay,銀鑛灣,true,true,true,40087,20,Dosed Water,Dosed Water,"",投藥後水,7.00000,7,0.00000,2,,,,-1.00000,-1,,,,-1.00000,-1,,,,-1.00000,-1,,,,-1.00000,-1,,,,-1,-1,,,,-1,-1,,2026-03-27 01:14:37.905,2026-03-27 01:14:37.905
40018,4,0,2026-03-26 09:45:48.010,2026-03-26 09:00:00.000,,CS,Cheung Sha,長沙,true,true,true,40085,100,Final Water,Final Water,"",食水,8.47000,9,2.00000,2,,0.08300,0,3.00000,3,,0.98000,1,2.00000,2,,0.49400,0,3.00000,2,,,,-1.00000,-1,,,,-1,-1,,,,-1,-1,,2026-03-27 01:14:37.905,2026-03-27 01:14:37.905
40018,4,0,2026-03-26 09:45:48.010,2026-03-26 09:00:00.000,,CS,Cheung Sha,長沙,true,true,true,40083,20,Dosed Water,Dosed Water,"",投藥後水,6.58000,7,2.00000,2,,,,-1.00000,-1,,0.85000,1,2.00000,2,,,,-1.00000,-1,,,,-1.00000,-1,,,,-1,-1,,,,-1,-1,,2026-03-27 01:14:37.905,2026-03-27 01:14:37.905
40015,2,0,2026-03-26 06:55:20.760,2026-03-25 16:00:00.000,,SMB,Silver Mine Bay,銀鑛灣,true,true,true,40067,0,Raw Water,Raw Water,"",原水,7.22000,7,2.00000,2,,1.70000,2,1.00000,2,,,,-1.00000,-1,,,,-1.00000,-1,,,,-1.00000,-1,,,,-1,-1,,,,-1,-1,,2026-03-27 01:14:37.905,2026-03-27 01:14:37.905
40017,1,0,2026-03-26 09:19:40.550,2026-03-25 13:00:00.000,,SHW,Siu Ho Wan,小蠔灣,true,true,true,40081,100,Final Water,Final Water,"",食水,8.52000,9,2.00000,2,,0.16000,0,2.00000,2,,0.99000,1,2.00000,2,,0.53000,1,2.00000,2,,,,-1.00000,-1,,,,-1,-1,,,,-1,-1,,2026-03-27 01:14:37.905,2026-03-27 01:14:37.905
40017,1,0,2026-03-26 09:19:40.550,2026-03-25 13:00:00.000,,SHW,Siu Ho Wan,小蠔灣,true,true,true,40077,0,Raw Water,Raw Water,"",原水,7.40000,8,1.00000,2,,2.53000,3,2.00000,2,,,,-1.00000,-1,,,,-1.00000,-1,,,,-1.00000,-1,,,,-1,-1,,,,-1,-1,,2026-03-27 01:14:37.905,2026-03-27 01:14:37.905
40019,2,0,2026-03-26 13:12:01.273,2026-03-26 09:00:00.000,,SMB,Silver Mine Bay,銀鑛灣,true,true,true,40088,30,Clarified Water,Clarified Water,"",澄清後水,7.01000,7,2.00000,2,,0.18000,0,2.00000,2,,1.00000,1,0.00000,2,,,,-1.00000,-1,,,,-1.00000,-1,,,,-1,-1,,,,-1,-1,,2026-03-27 01:14:37.905,2026-03-27 01:14:37.905
40016,2,0,2026-03-26 06:56:52.651,2026-03-26 00:00:00.000,,SMB,Silver Mine Bay,銀鑛灣,true,true,true,40074,30,Clarified Water,Clarified Water,"",澄清後水,7.03000,7,2.00000,2,,0.25000,0,2.00000,2,,1.07000,1,2.00000,2,,,,-1.00000,-1,,,,-1.00000,-1,,,,-1,-1,,,,-1,-1,,2026-03-27 01:14:37.905,2026-03-27 01:14:37.905
20052,2,1,2026-03-24 10:10:24.615,2026-03-22 16:30:00.000,,SMB,Silver Mine Bay,銀鑛灣,true,true,true,20261,100,Final Water,Final Water,"",食水,8.78000,9,2.00000,1,,0.16000,0,2.00000,2,,1.05000,1,2.00000,2,,0.46000,0,2.00000,2,,,,-1.00000,-1,,,,-1,-1,,,,-1,-1,,2026-03-25 01:13:17.705,2026-03-23 01:10:49.710
20052,2,1,2026-03-24 10:10:24.615,2026-03-22 16:30:00.000,,SMB,Silver Mine Bay,銀鑛灣,true,true,true,20258,20,Dosed Water,Dosed Water,"",投藥後水,6.50000,7,1.00000,1,,,,-1.00000,-1,,,,-1.00000,-1,,,,-1.00000,-1,,,,-1.00000,-1,,,,-1,-1,,,,-1,-1,,2026-03-25 01:13:17.705,2026-03-23 01:10:49.710
20047,2,0,2026-03-22 06:16:40.752,2026-03-22 00:30:00.000,,SMB,Silver Mine Bay,銀鑛灣,true,true,true,20230,20,Dosed Water,Dosed Water,"",投藥後水,6.56000,7,2.00000,2,,,,-1.00000,-1,,,,-1.00000,-1,,,,-1.00000,-1,,,,-1.00000,-1,,,,-1,-1,,,,-1,-1,,2026-03-23 01:10:49.710,2026-03-23 01:10:49.710
20047,2,0,2026-03-22 06:16:40.752,2026-03-22 00:30:00.000,,SMB,Silver Mine Bay,銀鑛灣,true,true,true,20229,0,Raw Water,Raw Water,"",原水,6.70000,7,1.00000,2,,0.66000,1,2.00000,1,,,,-1.00000,-1,,,,-1.00000,-1,,,,-1.00000,-1,,,,-1,-1,,,,-1,-1,,2026-03-23 01:10:49.710,2026-03-23 01:10:49.710
20049,4,0,2026-03-22 09:41:30.032,2026-03-22 09:00:00.000,,CS,Cheung Sha,長沙,true,true,true,20242,20,Dosed Water,Dosed Water,"",投藥後水,6.63000,7,2.00000,2,,,,-1.00000,-1,,1.05000,1,2.00000,2,,,,-1.00000,-1,,,,-1.00000,-1,,,,-1,-1,,,,-1,-1,,2026-03-23 01:10:49.710,2026-03-23 01:10:49.710
20051,5,2,2026-03-23 19:40:27.810,2026-03-22 10:00:00.000,,TO,Tai O,大澳,true,true,true,20250,1,Raw Water (Yi O),Raw Water,Yi O,原水 (Yi O),0.00000,0,0.00000,0,,0.00000,0,0.00000,0,,,,-1.00000,-1,,,,-1.00000,-1,,,,-1.00000,-1,,,,-1,-1,,,,-1,-1,,2026-03-24 01:12:56.803,2026-03-23 01:10:49.710
20051,5,2,2026-03-23 19:40:27.810,2026-03-22 10:00:00.000,,TO,Tai O,大澳,true,true,true,20251,2,Raw Water (Shek Pik),Raw Water,Shek Pik,原水 (Shek Pik),6.79000,7,2.00000,2,,0.82000,1,2.00000,2,,,,-1.00000,-1,,,,-1.00000,-1,,,,-1.00000,-1,,,,-1,-1,,,,-1,-1,,2026-03-24 01:12:56.803,2026-03-23 01:10:49.710
20048,5,2,2026-03-22 19:29:36.278,2026-03-21 22:00:00.000,,TO,Tai O,大澳,true,true,true,20235,2,Raw Water (Shek Pik),Raw Water,Shek Pik,原水 (Shek Pik),6.79000,7,2.00000,2,,0.81000,1,2.00000,2,,,,-1.00000,-1,,,,-1.00000,-1,,,,-1.00000,-1,,,,-1,-1,,,,-1,-1,,2026-03-23 01:10:49.710,2026-03-23 01:10:49.710
20048,5,2,2026-03-22 19:29:36.278,2026-03-21 22:00:00.000,,TO,Tai O,大澳,true,true,true,20237,41,Filtered Water (1),Filtered Water,"1",過濾後水 (1),,,-1.00000,-1,,0.13000,0,2.00000,2,,,,-1.00000,-1,,,,-1.00000,-1,,,,-1.00000,-1,,,,-1,-1,,,,-1,-1,,2026-03-23 01:10:49.710,2026-03-23 01:10:49.710
20053,2,1,2026-03-24 10:10:13.467,2026-03-23 00:30:00.000,,SMB,Silver Mine Bay,銀鑛灣,true,true,true,20262,0,Raw Water,Raw Water,"",原水,6.70000,7,1.00000,2,,0.86000,1,2.00000,2,,,,-1.00000,-1,,,,-1.00000,-1,,,,-1.00000,-1,,,,-1,-1,,,,-1,-1,,2026-03-25 01:13:17.705,2026-03-24 01:12:56.803
40003,5,2,2026-03-23 19:05:33.383,2026-03-23 09:00:00.000,,TO,Tai O,大澳,true,true,true,40009,100,Final Water,Final Water,"",食水,8.48000,9,2.00000,2,,0.13000,0,2.00000,2,,1.13000,1,2.00000,2,,0.52000,1,2.00000,1,,,,-1.00000,-1,,,,-1,-1,,,,-1,-1,,2026-03-24 01:12:56.803,2026-03-24 01:12:56.803
40003,5,2,2026-03-23 19:05:33.383,2026-03-23 09:00:00.000,,TO,Tai O,大澳,true,true,true,40008,43,Filtered Water (3),Filtered Water,"3",過濾後水 (3),,,-1.00000,-1,,0.19000,0,2.00000,2,,,,-1.00000,-1,,,,-1.00000,-1,,,,-1.00000,-1,,,,-1,-1,,,,-1,-1,,2026-03-24 01:12:56.803,2026-03-24 01:12:56.803
20054,5,2,2026-03-23 19:41:01.818,2026-03-22 22:00:00.000,,TO,Tai O,大澳,true,true,true,20273,100,Final Water,Final Water,"",食水,8.54000,9,2.00000,2,,0.19000,0,2.00000,2,,1.08000,1,2.00000,2,,0.48000,1,2.00000,2,,,,-1.00000,-1,,,,-1,-1,,,,-1,-1,,2026-03-25 01:13:17.705,2026-03-24 01:12:56.803
20056,2,1,2026-03-24 10:09:49.186,2026-03-23 09:00:00.000,,SMB,Silver Mine Bay,銀鑛灣,true,true,true,20279,20,Dosed Water,Dosed Water,"",投藥後水,6.60000,7,1.00000,2,,,,-1.00000,-1,,,,-1.00000,-1,,,,-1.00000,-1,,,,-1.00000,-1,,,,-1,-1,,,,-1,-1,,2026-03-25 01:13:17.705,2026-03-24 01:12:56.803
20053,2,1,2026-03-24 10:10:13.467,2026-03-23 00:30:00.000,,SMB,Silver Mine Bay,銀鑛灣,true,true,true,20265,40,Filtered Water,Filtered Water,"",過濾後水,,,-1.00000,-1,,0.13000,0,2.00000,2,,0.62000,1,2.00000,2,,,,-1.00000,-1,,,,-1.00000,-1,,,,-1,-1,,,,-1,-1,,2026-03-25 01:13:17.705,2026-03-24 01:12:56.803
20054,5,2,2026-03-23 19:41:01.818,2026-03-22 22:00:00.000,,TO,Tai O,大澳,true,true,true,20270,41,Filtered Water (1),Filtered Water,"1",過濾後水 (1),,,-1.00000,-1,,0.18000,0,2.00000,2,,,,-1.00000,-1,,,,-1.00000,-1,,,,-1.00000,-1,,,,-1,-1,,,,-1,-1,,2026-03-25 01:13:17.705,2026-03-24 01:12:56.803
40003,5,2,2026-03-23 19:05:33.383,2026-03-23 09:00:00.000,,TO,Tai O,大澳,true,true,true,40004,2,Raw Water (Shek Pik),Raw Water,Shek Pik,原水 (Shek Pik),6.75000,7,2.00000,2,,0.83000,1,2.00000,2,,,,-1.00000,-1,,,,-1.00000,-1,,,,-1.00000,-1,,,,-1,-1,,,,-1,-1,,2026-03-24 01:12:56.803,2026-03-24 01:12:56.803
20054,5,2,2026-03-23 19:41:01.818,2026-03-22 22:00:00.000,,TO,Tai O,大澳,true,true,true,20268,2,Raw Water (Shek Pik),Raw Water,Shek Pik,原水 (Shek Pik),6.78000,7,2.00000,1,,0.84000,1,2.00000,2,,,,-1.00000,-1,,,,-1.00000,-1,,,,-1.00000,-1,,,,-1,-1,,,,-1,-1,,2026-03-25 01:13:17.705,2026-03-24 01:12:56.803
40005,2,1,2026-03-24 10:09:11.526,2026-03-24 00:00:00.000,,SMB,Silver Mine Bay,銀鑛灣,true,true,true,40017,30,Clarified Water,Clarified Water,"",澄清後水,6.85000,7,2.00000,2,,0.15000,0,2.00000,2,,1.02000,1,2.00000,2,,,,-1.00000,-1,,,,-1.00000,-1,,,,-1,-1,,,,-1,-1,,2026-03-25 01:13:17.705,2026-03-25 01:13:17.705
40006,4,0,2026-03-24 09:11:52.680,2026-03-24 09:00:00.000,,CS,Cheung Sha,長沙,true,true,true,40023,100,Final Water,Final Water,"",食水,8.51000,9,2.00000,2,,0.09100,0,3.00000,2,,1.08000,1,2.00000,2,,0.50700,0,3.00000,2,,,,-1.00000,-1,,,,-1,-1,,,,-1,-1,,2026-03-25 01:13:17.705,2026-03-25 01:13:17.705
40006,4,0,2026-03-24 09:11:52.680,2026-03-24 09:00:00.000,,CS,Cheung Sha,長沙,true,true,true,40021,20,Dosed Water,Dosed Water,"",投藥後水,6.60000,7,1.00000,2,,,,-1.00000,-1,,1.12000,1,2.00000,2,,,,-1.00000,-1,,,,-1.00000,-1,,,,-1,-1,,,,-1,-1,,2026-03-25 01:13:17.705,2026-03-25 01:13:17.705
40013,5,2,2026-03-25 19:48:02.204,2026-03-25 10:00:00.000,,TO,Tai O,大澳,true,true,true,40056,2,Raw Water (Shek Pik),Raw Water,Shek Pik,原水 (Shek Pik),6.65000,7,2.00000,2,,0.89000,1,2.00000,2,,,,-1.00000,-1,,,,-1.00000,-1,,,,-1.00000,-1,,,,-1,-1,,,,-1,-1,,2026-03-27 01:14:37.905,2026-03-26 01:14:39.701
40021,5,2,2026-03-26 19:31:39.272,2026-03-26 11:00:00.000,,TO,Tai O,大澳,true,true,true,40100,42,Filtered Water (2),Filtered Water,"2",過濾後水 (2),,,-1.00000,-1,,0.16000,0,2.00000,2,,,,-1.00000,-1,,,,-1.00000,-1,,,,-1.00000,-1,,,,-1,-1,,,,-1,-1,,2026-03-28 01:15:56.948,2026-03-27 01:14:37.905
40015,2,0,2026-03-26 06:55:20.760,2026-03-25 16:00:00.000,,SMB,Silver Mine Bay,銀鑛灣,true,true,true,40068,20,Dosed Water,Dosed Water,"",投藥後水,6.93000,7,2.00000,2,,,,-1.00000,-1,,,,-1.00000,-1,,,,-1.00000,-1,,,,-1.00000,-1,,,,-1,-1,,,,-1,-1,,2026-03-27 01:14:37.905,2026-03-27 01:14:37.905
40020,2,0,2026-03-26 17:27:00.492,2026-03-26 16:30:00.000,,SMB,Silver Mine Bay,銀鑛灣,true,true,true,40092,20,Dosed Water,Dosed Water,"",投藥後水,6.95000,7,2.00000,2,,,,-1.00000,-1,,,,-1.00000,-1,,,,-1.00000,-1,,,,-1.00000,-1,,,,-1,-1,,,,-1,-1,,2026-03-27 01:14:37.905,2026-03-27 01:14:37.905
40021,5,2,2026-03-26 19:31:39.272,2026-03-26 11:00:00.000,,TO,Tai O,大澳,true,true,true,40098,20,Dosed Water,Dosed Water,"",投藥後水,6.50000,6,1.00000,2,,,,-1.00000,-1,,,,-1.00000,-1,,,,-1.00000,-1,,,,-1.00000,-1,,,,-1,-1,,,,-1,-1,,2026-03-28 01:15:56.948,2026-03-27 01:14:37.905
40022,2,0,2026-03-27 06:20:40.069,2026-03-27 01:00:00.000,,SMB,Silver Mine Bay,銀鑛灣,true,true,true,40106,40,Filtered Water,Filtered Water,"",過濾後水,,,-1.00000,-1,,0.12000,0,2.00000,1,,0.61000,1,2.00000,2,,,,-1.00000,-1,,,,-1.00000,-1,,,,-1,-1,,,,-1,-1,,2026-03-28 01:15:56.948,2026-03-28 01:15:56.948
40022,2,0,2026-03-27 06:20:40.069,2026-03-27 01:00:00.000,,SMB,Silver Mine Bay,銀鑛灣,true,true,true,40105,30,Clarified Water,Clarified Water,"",澄清後水,7.06000,7,2.00000,2,,0.11000,0,2.00000,2,,0.86000,1,2.00000,2,,,,-1.00000,-1,,,,-1.00000,-1,,,,-1,-1,,,,-1,-1,,2026-03-28 01:15:56.948,2026-03-28 01:15:56.948
40025,5,1,2026-03-27 20:10:57.185,2026-03-27 10:00:00.000,,TO,Tai O,大澳,true,true,true,40117,1,Raw Water (Yi O),Raw Water,Yi O,原水 (Yi O),6.40000,7,1.00000,2,,0.94000,1,2.00000,2,,,,-1.00000,-1,,,,-1.00000,-1,,,,-1.00000,-1,,,,-1,-1,,,,-1,-1,,2026-03-28 01:15:56.948,2026-03-28 01:15:56.948
40025,5,1,2026-03-27 20:10:57.185,2026-03-27 10:00:00.000,,TO,Tai O,大澳,true,true,true,40122,43,Filtered Water (3),Filtered Water,"3",過濾後水 (3),,,-1.00000,-1,,0.18000,0,2.00000,2,,,,-1.00000,-1,,,,-1.00000,-1,,,,-1.00000,-1,,,,-1,-1,,,,-1,-1,,2026-03-28 01:15:56.948,2026-03-28 01:15:56.948
40024,2,0,2026-03-27 15:00:41.287,2026-03-27 09:00:00.000,,SMB,Silver Mine Bay,銀鑛灣,true,true,true,40116,100,Final Water,Final Water,"",食水,8.43000,8,2.00000,2,,0.38000,0,2.00000,2,,1.09000,1,2.00000,2,,0.51000,1,2.00000,2,,,,-1.00000,-1,,,,-1,-1,,,,-1,-1,,2026-03-28 01:15:56.948,2026-03-28 01:15:56.948
40022,2,0,2026-03-27 06:20:40.069,2026-03-27 01:00:00.000,,SMB,Silver Mine Bay,銀鑛灣,true,true,true,40104,20,Dosed Water,Dosed Water,"",投藥後水,6.89000,7,2.00000,2,,,,-1.00000,-1,,,,-1.00000,-1,,,,-1.00000,-1,,,,-1.00000,-1,,,,-1,-1,,,,-1,-1,,2026-03-28 01:15:56.948,2026-03-28 01:15:56.948
40022,2,0,2026-03-27 06:20:40.069,2026-03-27 01:00:00.000,,SMB,Silver Mine Bay,銀鑛灣,true,true,true,40103,0,Raw Water,Raw Water,"",原水,7.22000,7,2.00000,2,,1.31000,2,2.00000,2,,,,-1.00000,-1,,,,-1.00000,-1,,,,-1.00000,-1,,,,-1,-1,,,,-1,-1,,2026-03-28 01:15:56.948,2026-03-28 01:15:56.948
40032,5,2,2026-03-28 20:17:47.042,2026-03-28 10:00:00.000,,TO,Tai O,大澳,true,true,true,40157,42,Filtered Water (2),Filtered Water,"2",過濾後水 (2),,,-1.00000,-1,,0.19000,0,2.00000,1,,,,-1.00000,-1,,,,-1.00000,-1,,,,-1.00000,-1,,,,-1,-1,,,,-1,-1,,2026-03-30 01:10:56.670,2026-03-29 01:15:58.826
40032,5,2,2026-03-28 20:17:47.042,2026-03-28 10:00:00.000,,TO,Tai O,大澳,true,true,true,40156,41,Filtered Water (1),Filtered Water,"1",過濾後水 (1),,,-1.00000,-1,,0.16000,0,2.00000,2,,,,-1.00000,-1,,,,-1.00000,-1,,,,-1.00000,-1,,,,-1,-1,,,,-1,-1,,2026-03-30 01:10:56.670,2026-03-29 01:15:58.826
40028,2,0,2026-03-28 06:30:27.118,2026-03-28 05:05:00.000,,SMB,Silver Mine Bay,銀鑛灣,true,true,true,40136,30,Clarified Water,Clarified Water,"",澄清後水,7.04000,7,2.00000,2,,0.21000,0,2.00000,2,,0.92000,1,2.00000,2,,,,-1.00000,-1,,,,-1.00000,-1,,,,-1,-1,,,,-1,-1,,2026-03-29 01:15:58.826,2026-03-29 01:15:58.826
40032,5,2,2026-03-28 20:17:47.042,2026-03-28 10:00:00.000,,TO,Tai O,大澳,true,true,true,40153,1,Raw Water (Yi O),Raw Water,Yi O,原水 (Yi O),0.00000,0,0.00000,0,,0.00000,0,0.00000,0,,,,-1.00000,-1,,,,-1.00000,-1,,,,-1.00000,-1,,,,-1,-1,,,,-1,-1,,2026-03-30 01:10:56.670,2026-03-29 01:15:58.826
40033,1,0,2026-03-28 17:54:14.571,2026-03-27 21:00:00.000,,SHW,Siu Ho Wan,小蠔灣,true,true,true,40164,100,Final Water,Final Water,"",食水,0.25000,0,2.00000,2,,8.74000,9,2.00000,2,,1.04000,1,2.00000,2,,0.49000,0,2.00000,2,,,,-1.00000,-1,,,,-1,-1,,,,-1,-1,,2026-03-29 01:15:58.826,2026-03-29 01:15:58.826
40030,2,0,2026-03-28 11:12:08.510,2026-03-28 09:30:00.000,,SMB,Silver Mine Bay,銀鑛灣,true,true,true,40147,100,Final Water,Final Water,"",食水,8.60000,8,1.00000,1,,0.25000,0,2.00000,2,,1.04000,1,2.00000,2,,0.52000,1,2.00000,2,,,,-1.00000,-1,,,,-1,-1,,,,-1,-1,,2026-03-29 01:15:58.826,2026-03-29 01:15:58.826
40030,2,0,2026-03-28 11:12:08.510,2026-03-28 09:30:00.000,,SMB,Silver Mine Bay,銀鑛灣,true,true,true,40143,0,Raw Water,Raw Water,"",原水,7.28000,7,2.00000,2,,1.11000,1,2.00000,2,,,,-1.00000,-1,,,,-1.00000,-1,,,,-1.00000,-1,,,,-1,-1,,,,-1,-1,,2026-03-29 01:15:58.826,2026-03-29 01:15:58.826
40031,1,0,2026-03-28 12:49:26.340,2026-03-27 13:00:00.000,,SHW,Siu Ho Wan,小蠔灣,true,true,true,40148,0,Raw Water,Raw Water,"",原水,7.50000,8,1.00000,1,"",1.72000,2,2.00000,2,,,,-1.00000,-1,,,,-1.00000,-1,,,,-1.00000,-1,,,,-1,-1,,,,-1,-1,,2026-03-29 01:15:58.826,2026-03-29 01:15:58.826
40028,2,0,2026-03-28 06:30:27.118,2026-03-28 05:05:00.000,,SMB,Silver Mine Bay,銀鑛灣,true,true,true,40134,0,Raw Water,Raw Water,"",原水,7.29000,7,2.00000,2,,1.18000,1,2.00000,2,,,,-1.00000,-1,,,,-1.00000,-1,,,,-1.00000,-1,,,,-1,-1,,,,-1,-1,,2026-03-29 01:15:58.826,2026-03-29 01:15:58.826
40035,2,0,2026-03-29 06:33:16.852,2026-03-28 17:00:00.000,,SMB,Silver Mine Bay,銀鑛灣,true,true,true,40176,100,Final Water,Final Water,"",食水,8.71000,9,2.00000,2,,0.26000,0,2.00000,2,,1.12000,1,2.00000,2,,0.47000,0,2.00000,2,,,,-1.00000,-1,,,,-1,-1,,,,-1,-1,,2026-03-30 01:10:56.670,2026-03-30 01:10:56.670
40037,1,0,2026-03-29 09:33:23.818,2026-03-28 13:00:00.000,,SHW,Siu Ho Wan,小蠔灣,true,true,true,40186,100,Final Water,Final Water,"",食水,8.42000,8,2.00000,2,,0.12000,0,2.00000,2,,0.99000,1,2.00000,2,,0.49000,1,2.00000,1,,,,-1.00000,-1,,,,-1,-1,,,,-1,-1,,2026-03-30 01:10:56.670,2026-03-30 01:10:56.670
40038,4,0,2026-03-29 09:45:50.945,2026-03-29 09:00:00.000,,CS,Cheung Sha,長沙,true,true,true,40190,100,Final Water,Final Water,"",食水,8.48000,8,2.00000,2,,0.10000,0,1.00000,3,,1.05000,1,2.00000,0,,0.51000,1,2.00000,2,,,,-1.00000,-1,,,,-1,-1,,,,-1,-1,,2026-03-30 01:10:56.670,2026-03-30 01:10:56.670
40042,2,0,2026-03-29 18:40:18.038,2026-03-29 16:00:00.000,,SMB,Silver Mine Bay,銀鑛灣,true,true,true,40212,100,Final Water,Final Water,"",食水,8.70000,9,1.00000,2,,0.30000,0,1.00000,2,,1.05000,1,2.00000,2,,0.46000,0,2.00000,2,,,,-1.00000,-1,,,,-1,-1,,,,-1,-1,,2026-03-30 01:10:56.670,2026-03-30 01:10:56.670
40041,1,0,2026-03-29 17:40:08.737,2026-03-28 21:00:00.000,,SHW,Siu Ho Wan,小蠔灣,true,true,true,40207,100,Final Water,Final Water,"",食水,8.46000,8,2.00000,2,,0.12000,0,2.00000,2,,1.01000,1,2.00000,2,,0.49000,0,2.00000,2,,,,-1.00000,-1,,,,-1,-1,,,,-1,-1,,2026-03-30 01:10:56.670,2026-03-30 01:10:56.670
40041,1,0,2026-03-29 17:40:08.737,2026-03-28 21:00:00.000,,SHW,Siu Ho Wan,小蠔灣,true,true,true,40203,0,Raw Water,Raw Water,"",原水,7.48000,8,2.00000,2,,1.22000,1,2.00000,2,,,,-1.00000,-1,,,,-1.00000,-1,,,,-1.00000,-1,,,,-1,-1,,,,-1,-1,,2026-03-30 01:10:56.670,2026-03-30 01:10:56.670
40039,2,0,2026-03-29 10:10:13.929,2026-03-29 09:00:00.000,,SMB,Silver Mine Bay,銀鑛灣,true,true,true,40192,20,Dosed Water,Dosed Water,"",投藥後水,6.91000,7,2.00000,2,,,,-1.00000,-1,,,,-1.00000,-1,,,,-1.00000,-1,,,,-1.00000,-1,,,,-1,-1,,,,-1,-1,,2026-03-30 01:10:56.670,2026-03-30 01:10:56.670
40035,2,0,2026-03-29 06:33:16.852,2026-03-28 17:00:00.000,,SMB,Silver Mine Bay,銀鑛灣,true,true,true,40175,40,Filtered Water,Filtered Water,"",過濾後水,,,-1.00000,-1,,0.64000,1,2.00000,2,,0.19000,0,2.00000,2,,,,-1.00000,-1,,,,-1.00000,-1,,,,-1,-1,,,,-1,-1,,2026-03-30 01:10:56.670,2026-03-30 01:10:56.670
40037,1,0,2026-03-29 09:33:23.818,2026-03-28 13:00:00.000,,SHW,Siu Ho Wan,小蠔灣,true,true,true,40185,40,Filtered Water,Filtered Water,"",過濾後水,,,-1.00000,-1,,0.10000,0,1.00000,1,,0.50000,0,1.00000,2,,,,-1.00000,-1,,,,-1.00000,-1,,,,-1,-1,,,,-1,-1,,2026-03-30 01:10:56.670,2026-03-30 01:10:56.670
40038,4,0,2026-03-29 09:45:50.945,2026-03-29 09:00:00.000,,CS,Cheung Sha,長沙,true,true,true,40189,40,Filtered Water,Filtered Water,"",過濾後水,,,-1.00000,-1,,0.08900,0,3.00000,3,,0.61000,1,2.00000,2,,,,-1.00000,-1,,,,-1.00000,-1,,,,-1,-1,,,,-1,-1,,2026-03-30 01:10:56.670,2026-03-30 01:10:56.670
40040,5,2,2026-03-29 19:05:30.507,2026-03-29 10:00:00.000,,TO,Tai O,大澳,true,true,true,40199,41,Filtered Water (1),Filtered Water,"1",過濾後水 (1),,,-1.00000,-1,,0.16000,0,2.00000,2,,,,-1.00000,-1,,,,-1.00000,-1,,,,-1.00000,-1,,,,-1,-1,,,,-1,-1,,2026-03-31 01:11:18.817,2026-03-30 01:10:56.670
40036,2,0,2026-03-29 06:34:25.357,2026-03-29 00:00:00.000,,SMB,Silver Mine Bay,銀鑛灣,true,true,true,40179,30,Clarified Water,Clarified Water,"",澄清後水,7.10000,7,1.00000,2,,0.18000,0,2.00000,2,,0.94000,1,2.00000,0,,,,-1.00000,-1,,,,-1.00000,-1,,,,-1,-1,,,,-1,-1,,2026-03-30 01:10:56.670,2026-03-30 01:10:56.670
40046,1,0,2026-03-30 09:33:31.458,2026-03-29 13:00:00.000,,SHW,Siu Ho Wan,小蠔灣,true,true,true,40230,20,Dosed Water,Dosed Water,"",投藥後水,6.97000,7,2.00000,2,,,,-1.00000,-1,,,,-1.00000,-1,,,,-1.00000,-1,,,,-1.00000,-1,,,,-1,-1,,,,-1,-1,,2026-03-31 01:11:18.817,2026-03-31 01:11:18.817
40050,2,2,2026-04-01 09:51:39.904,2026-03-30 17:03:00.000,,SMB,Silver Mine Bay,銀鑛灣,true,true,true,40253,30,Clarified Water,Clarified Water,"",澄清後水,7.11000,7,2.00000,2,,0.17000,0,2.00000,1,,0.98000,1,2.00000,2,,,,-1.00000,-1,,,,-1.00000,-1,,,,-1,-1,,,,-1,-1,,2026-04-02 01:10:57.738,2026-03-31 01:11:18.817
40016,2,0,2026-03-26 06:56:52.651,2026-03-26 00:00:00.000,,SMB,Silver Mine Bay,銀鑛灣,true,true,true,40075,40,Filtered Water,Filtered Water,"",過濾後水,,,-1.00000,-1,,0.12000,0,2.00000,2,,0.63000,1,2.00000,2,,,,-1.00000,-1,,,,-1.00000,-1,,,,-1,-1,,,,-1,-1,,2026-03-27 01:14:37.905,2026-03-27 01:14:37.905
40018,4,0,2026-03-26 09:45:48.010,2026-03-26 09:00:00.000,,CS,Cheung Sha,長沙,true,true,true,40084,40,Filtered Water,Filtered Water,"",過濾後水,,,-1.00000,-1,,0.09000,0,2.00000,3,,0.50000,1,1.00000,2,,,,-1.00000,-1,,,,-1.00000,-1,,,,-1,-1,,,,-1,-1,,2026-03-27 01:14:37.905,2026-03-27 01:14:37.905
40020,2,0,2026-03-26 17:27:00.492,2026-03-26 16:30:00.000,,SMB,Silver Mine Bay,銀鑛灣,true,true,true,40094,40,Filtered Water,Filtered Water,"",過濾後水,,,-1.00000,-1,,0.12000,0,2.00000,1,,0.49000,1,2.00000,2,,,,-1.00000,-1,,,,-1.00000,-1,,,,-1,-1,,,,-1,-1,,2026-03-27 01:14:37.905,2026-03-27 01:14:37.905
40019,2,0,2026-03-26 13:12:01.273,2026-03-26 09:00:00.000,,SMB,Silver Mine Bay,銀鑛灣,true,true,true,40086,0,Raw Water,Raw Water,"",原水,7.23000,7,2.00000,2,,1.51000,2,2.00000,2,,,,-1.00000,-1,,,,-1.00000,-1,,,,-1.00000,-1,,,,-1,-1,,,,-1,-1,,2026-03-27 01:14:37.905,2026-03-27 01:14:37.905
40016,2,0,2026-03-26 06:56:52.651,2026-03-26 00:00:00.000,,SMB,Silver Mine Bay,銀鑛灣,true,true,true,40072,0,Raw Water,Raw Water,"",原水,7.16000,7,2.00000,2,,1.48000,2,2.00000,2,,,,-1.00000,-1,,,,-1.00000,-1,,,,-1.00000,-1,,,,-1,-1,,,,-1,-1,,2026-03-27 01:14:37.905,2026-03-27 01:14:37.905
40016,2,0,2026-03-26 06:56:52.651,2026-03-26 00:00:00.000,,SMB,Silver Mine Bay,銀鑛灣,true,true,true,40076,100,Final Water,Final Water,"",食水,8.29000,8,2.00000,2,,0.15000,0,2.00000,2,,0.99000,1,2.00000,2,,0.45000,0,2.00000,2,,,,-1.00000,-1,,,,-1,-1,,,,-1,-1,,2026-03-27 01:14:37.905,2026-03-27 01:14:37.905
40020,2,0,2026-03-26 17:27:00.492,2026-03-26 16:30:00.000,,SMB,Silver Mine Bay,銀鑛灣,true,true,true,40095,100,Final Water,Final Water,"",食水,8.40000,8,1.00000,2,,0.20000,0,1.00000,2,,1.00000,1,0.00000,2,,0.45000,0,2.00000,2,,,,-1.00000,-1,,,,-1,-1,,,,-1,-1,,2026-03-27 01:14:37.905,2026-03-27 01:14:37.905
40020,2,0,2026-03-26 17:27:00.492,2026-03-26 16:30:00.000,,SMB,Silver Mine Bay,銀鑛灣,true,true,true,40091,0,Raw Water,Raw Water,"",原水,7.23000,7,2.00000,2,,1.22000,2,2.00000,2,,,,-1.00000,-1,,,,-1.00000,-1,,,,-1.00000,-1,,,,-1,-1,,,,-1,-1,,2026-03-27 01:14:37.905,2026-03-27 01:14:37.905
40023,4,0,2026-03-27 09:52:44.778,2026-03-27 09:00:00.000,,CS,Cheung Sha,長沙,true,true,true,40109,20,Dosed Water,Dosed Water,"",投藥後水,6.56000,7,2.00000,2,,,,-1.00000,-1,,0.95000,1,2.00000,2,,,,-1.00000,-1,,,,-1.00000,-1,,,,-1,-1,,,,-1,-1,,2026-03-28 01:15:56.948,2026-03-28 01:15:56.948
40022,2,0,2026-03-27 06:20:40.069,2026-03-27 01:00:00.000,,SMB,Silver Mine Bay,銀鑛灣,true,true,true,40107,100,Final Water,Final Water,"",食水,8.49000,9,2.00000,2,,0.40000,0,1.00000,2,,1.09000,1,2.00000,2,,0.45000,0,2.00000,2,,,,-1.00000,-1,,,,-1,-1,,,,-1,-1,,2026-03-28 01:15:56.948,2026-03-28 01:15:56.948
40026,2,0,2026-03-27 22:30:52.500,2026-03-27 17:00:00.000,,SMB,Silver Mine Bay,銀鑛灣,true,true,true,40128,100,Final Water,Final Water,"",食水,8.64000,9,2.00000,2,,0.32000,0,2.00000,2,,1.11000,1,2.00000,2,,0.47000,0,2.00000,2,,,,-1.00000,-1,,,,-1,-1,,,,-1,-1,,2026-03-29 01:15:58.826,2026-03-28 01:15:56.948
40024,2,0,2026-03-27 15:00:41.287,2026-03-27 09:00:00.000,,SMB,Silver Mine Bay,銀鑛灣,true,true,true,40112,0,Raw Water,Raw Water,"",原水,7.24000,7,2.00000,1,,1.35000,2,2.00000,2,,,,-1.00000,-1,,,,-1.00000,-1,,,,-1.00000,-1,,,,-1,-1,,,,-1,-1,,2026-03-28 01:15:56.948,2026-03-28 01:15:56.948
40025,5,1,2026-03-27 20:10:57.185,2026-03-27 10:00:00.000,,TO,Tai O,大澳,true,true,true,40118,2,Raw Water (Shek Pik),Raw Water,Shek Pik,原水 (Shek Pik),6.56000,7,2.00000,1,,1.13000,1,2.00000,2,,,,-1.00000,-1,,,,-1.00000,-1,,,,-1.00000,-1,,,,-1,-1,,,,-1,-1,,2026-03-28 01:15:56.948,2026-03-28 01:15:56.948
40025,5,1,2026-03-27 20:10:57.185,2026-03-27 10:00:00.000,,TO,Tai O,大澳,true,true,true,40121,42,Filtered Water (2),Filtered Water,"2",過濾後水 (2),,,-1.00000,-1,,0.17000,0,2.00000,2,,,,-1.00000,-1,,,,-1.00000,-1,,,,-1.00000,-1,,,,-1,-1,,,,-1,-1,,2026-03-28 01:15:56.948,2026-03-28 01:15:56.948
40023,4,0,2026-03-27 09:52:44.778,2026-03-27 09:00:00.000,,CS,Cheung Sha,長沙,true,true,true,40110,40,Filtered Water,Filtered Water,"",過濾後水,,,-1.00000,-1,,0.07400,0,3.00000,3,,0.68000,1,2.00000,2,,,,-1.00000,-1,,,,-1.00000,-1,,,,-1,-1,,,,-1,-1,,2026-03-28 01:15:56.948,2026-03-28 01:15:56.948
40026,2,0,2026-03-27 22:30:52.500,2026-03-27 17:00:00.000,,SMB,Silver Mine Bay,銀鑛灣,true,true,true,40127,40,Filtered Water,Filtered Water,"",過濾後水,,,-1.00000,-1,,0.10000,0,1.00000,1,,0.69000,1,2.00000,2,,,,-1.00000,-1,,,,-1.00000,-1,,,,-1,-1,,,,-1,-1,,2026-03-29 01:15:58.826,2026-03-28 01:15:56.948
40030,2,0,2026-03-28 11:12:08.510,2026-03-28 09:30:00.000,,SMB,Silver Mine Bay,銀鑛灣,true,true,true,40145,30,Clarified Water,Clarified Water,"",澄清後水,7.04000,7,2.00000,2,,0.18000,0,2.00000,2,,1.02000,1,2.00000,2,,,,-1.00000,-1,,,,-1.00000,-1,,,,-1,-1,,,,-1,-1,,2026-03-29 01:15:58.826,2026-03-29 01:15:58.826
40031,1,0,2026-03-28 12:49:26.340,2026-03-27 13:00:00.000,,SHW,Siu Ho Wan,小蠔灣,true,true,true,40151,40,Filtered Water,Filtered Water,"",過濾後水,,,-1.00000,-1,,0.11000,0,2.00000,2,,0.97000,1,2.00000,2,,,,-1.00000,-1,,,,-1.00000,-1,,,,-1,-1,,,,-1,-1,,2026-03-29 01:15:58.826,2026-03-29 01:15:58.826
40027,3,0,2026-03-28 01:01:31.621,2026-03-28 01:00:00.000,,RH,Red Hill,紅山,true,true,true,40131,44,Filtered Water (1-2),Filtered Water,"1-2",過濾後水 (1-2),,,-1.00000,-1,,0.08000,0,2.00000,2,,0.57000,1,2.00000,2,,,,-1.00000,-1,,,,-1.00000,-1,,,,-1,-1,,,,-1,-1,,2026-03-29 01:15:58.826,2026-03-29 01:15:58.826
40028,2,0,2026-03-28 06:30:27.118,2026-03-28 05:05:00.000,,SMB,Silver Mine Bay,銀鑛灣,true,true,true,40137,40,Filtered Water,Filtered Water,"",過濾後水,,,-1.00000,-1,,0.09000,0,2.00000,1,,0.75000,1,2.00000,2,,,,-1.00000,-1,,,,-1.00000,-1,,,,-1,-1,,,,-1,-1,,2026-03-29 01:15:58.826,2026-03-29 01:15:58.826
40029,4,0,2026-03-28 09:37:36.810,2026-03-28 09:00:00.000,,CS,Cheung Sha,長沙,true,true,true,40141,40,Filtered Water,Filtered Water,"",過濾後水,,,-1.00000,-1,,0.06300,0,3.00000,3,,0.61000,1,2.00000,1,,,,-1.00000,-1,,,,-1.00000,-1,,,,-1,-1,,,,-1,-1,,2026-03-29 01:15:58.826,2026-03-29 01:15:58.826
40031,1,0,2026-03-28 12:49:26.340,2026-03-27 13:00:00.000,,SHW,Siu Ho Wan,小蠔灣,true,true,true,40150,33,Clarified Water (A & B),Clarified Water (A & B),"",澄清後水 (A & B),6.90000,7,1.00000,1,,0.53000,1,2.00000,2,,0.78000,1,2.00000,2,,,,-1.00000,-1,,,,-1.00000,-1,,,,-1,-1,,,,-1,-1,,2026-03-29 01:15:58.826,2026-03-29 01:15:58.826
40032,5,2,2026-03-28 20:17:47.042,2026-03-28 10:00:00.000,,TO,Tai O,大澳,true,true,true,40158,43,Filtered Water (3),Filtered Water,"3",過濾後水 (3),,,-1.00000,-1,,0.18000,0,2.00000,2,,,,-1.00000,-1,,,,-1.00000,-1,,,,-1.00000,-1,,,,-1,-1,,,,-1,-1,,2026-03-30 01:10:56.670,2026-03-29 01:15:58.826
40033,1,0,2026-03-28 17:54:14.571,2026-03-27 21:00:00.000,,SHW,Siu Ho Wan,小蠔灣,true,true,true,40162,33,Clarified Water (A & B),Clarified Water (A & B),"",澄清後水 (A & B),6.88000,7,2.00000,1,,0.56000,0,2.00000,2,,0.74000,1,2.00000,2,,,,-1.00000,-1,,,,-1.00000,-1,,,,-1,-1,,,,-1,-1,,2026-03-29 01:15:58.826,2026-03-29 01:15:58.826
40027,3,0,2026-03-28 01:01:31.621,2026-03-28 01:00:00.000,,RH,Red Hill,紅山,true,true,true,40133,100,Final Water,Final Water,"",食水,8.50000,0,1.00000,2,,0.15000,9,2.00000,2,,1.06000,1,2.00000,2,,0.51000,1,2.00000,2,,,,-1.00000,-1,,,,-1,-1,,,,-1,-1,,2026-03-29 01:15:58.826,2026-03-29 01:15:58.826
40027,3,0,2026-03-28 01:01:31.621,2026-03-28 01:00:00.000,,RH,Red Hill,紅山,true,true,true,40130,20,Dosed Water,Dosed Water,"",投藥後水,6.79000,7,2.00000,1,,,,-1.00000,-1,,0.85000,1,2.00000,2,,,,-1.00000,-1,,,,-1.00000,-1,,,,-1,-1,,,,-1,-1,,2026-03-29 01:15:58.826,2026-03-29 01:15:58.826
40028,2,0,2026-03-28 06:30:27.118,2026-03-28 05:05:00.000,,SMB,Silver Mine Bay,銀鑛灣,true,true,true,40138,100,Final Water,Final Water,"",食水,8.57000,9,2.00000,2,,0.27000,0,2.00000,2,,1.02000,1,2.00000,2,,0.49000,1,2.00000,2,,,,-1.00000,-1,,,,-1,-1,,,,-1,-1,,2026-03-29 01:15:58.826,2026-03-29 01:15:58.826
40029,4,0,2026-03-28 09:37:36.810,2026-03-28 09:00:00.000,,CS,Cheung Sha,長沙,true,true,true,40142,100,Final Water,Final Water,"",食水,8.53000,8,2.00000,2,,0.07000,0,2.00000,3,,1.08000,1,2.00000,2,,0.51200,1,3.00000,2,,,,-1.00000,-1,,,,-1,-1,,,,-1,-1,,2026-03-29 01:15:58.826,2026-03-29 01:15:58.826
40029,4,0,2026-03-28 09:37:36.810,2026-03-28 09:00:00.000,,CS,Cheung Sha,長沙,true,true,true,40140,20,Dosed Water,Dosed Water,"",投藥後水,6.56000,7,2.00000,1,,,,-1.00000,-1,,0.97000,1,2.00000,2,,,,-1.00000,-1,,,,-1.00000,-1,,,,-1,-1,,,,-1,-1,,2026-03-29 01:15:58.826,2026-03-29 01:15:58.826
40036,2,0,2026-03-29 06:34:25.357,2026-03-29 00:00:00.000,,SMB,Silver Mine Bay,銀鑛灣,true,true,true,40178,20,Dosed Water,Dosed Water,"",投藥後水,7.02000,7,2.00000,2,,,,-1.00000,-1,,,,-1.00000,-1,,,,-1.00000,-1,,,,-1.00000,-1,,,,-1,-1,,,,-1,-1,,2026-03-30 01:10:56.670,2026-03-30 01:10:56.670
40036,2,0,2026-03-29 06:34:25.357,2026-03-29 00:00:00.000,,SMB,Silver Mine Bay,銀鑛灣,true,true,true,40177,0,Raw Water,Raw Water,"",原水,7.25000,7,2.00000,2,,1.27000,1,2.00000,2,,,,-1.00000,-1,,,,-1.00000,-1,,,,-1.00000,-1,,,,-1,-1,,,,-1,-1,,2026-03-30 01:10:56.670,2026-03-30 01:10:56.670
40034,5,2,2026-03-29 08:15:28.073,2026-03-28 22:00:00.000,,TO,Tai O,大澳,true,true,true,40170,43,Filtered Water (3),Filtered Water,"3",過濾後水 (3),,,-1.00000,-1,,0.21000,0,2.00000,2,,,,-1.00000,-1,,,,-1.00000,-1,,,,-1.00000,-1,,,,-1,-1,,,,-1,-1,,2026-03-30 01:10:56.670,2026-03-30 01:10:56.670
40039,2,0,2026-03-29 10:10:13.929,2026-03-29 09:00:00.000,,SMB,Silver Mine Bay,銀鑛灣,true,true,true,40191,0,Raw Water,Raw Water,"",原水,7.25000,7,2.00000,2,,1.19000,1,2.00000,2,,,,-1.00000,-1,,,,-1.00000,-1,,,,-1.00000,-1,,,,-1,-1,,,,-1,-1,,2026-03-30 01:10:56.670,2026-03-30 01:10:56.670
40035,2,0,2026-03-29 06:33:16.852,2026-03-28 17:00:00.000,,SMB,Silver Mine Bay,銀鑛灣,true,true,true,40172,0,Raw Water,Raw Water,"",原水,7.22000,7,2.00000,2,,1.15000,1,2.00000,2,,,,-1.00000,-1,,,,-1.00000,-1,,,,-1.00000,-1,,,,-1,-1,,,,-1,-1,,2026-03-30 01:10:56.670,2026-03-30 01:10:56.670
40040,5,2,2026-03-29 19:05:30.507,2026-03-29 10:00:00.000,,TO,Tai O,大澳,true,true,true,40201,43,Filtered Water (3),Filtered Water,"3",過濾後水 (3),,,-1.00000,-1,,0.21000,0,2.00000,2,,,,-1.00000,-1,,,,-1.00000,-1,,,,-1.00000,-1,,,,-1,-1,,,,-1,-1,,2026-03-31 01:11:18.817,2026-03-30 01:10:56.670
40008,5,2,2026-03-24 19:46:35.860,2026-03-24 10:00:00.000,,TO,Tai O,大澳,true,true,true,40031,20,Dosed Water,Dosed Water,"",投藥後水,6.52000,7,2.00000,2,,,,-1.00000,-1,,,,-1.00000,-1,,,,-1.00000,-1,,,,-1.00000,-1,,,,-1,-1,,,,-1,-1,,2026-03-26 01:14:39.701,2026-03-25 01:13:17.705
40009,2,0,2026-03-24 17:42:39.328,2026-03-24 18:00:00.000,,SMB,Silver Mine Bay,銀鑛灣,true,true,true,40040,100,Final Water,Final Water,"",食水,8.64000,9,2.00000,1,,0.14000,0,2.00000,2,,1.05000,1,2.00000,2,,0.46000,0,2.00000,2,,,,-1.00000,-1,,,,-1,-1,,,,-1,-1,,2026-03-25 01:13:17.705,2026-03-25 01:13:17.705
40007,2,0,2026-03-24 10:44:34.838,2026-03-24 09:00:00.000,,SMB,Silver Mine Bay,銀鑛灣,true,true,true,40025,20,Dosed Water,Dosed Water,"",投藥後水,6.60000,7,1.00000,2,,,,-1.00000,-1,,,,-1.00000,-1,,,,-1.00000,-1,,,,-1.00000,-1,,,,-1,-1,,,,-1,-1,,2026-03-25 01:13:17.705,2026-03-25 01:13:17.705
40014,1,0,2026-03-25 17:20:50.862,2026-03-24 21:00:00.000,,SHW,Siu Ho Wan,小蠔灣,true,true,true,40064,33,Clarified Water (A & B),Clarified Water (A & B),"",澄清後水 (A & B),7.03000,7,2.00000,2,,0.64000,0,2.00000,2,,0.65000,1,2.00000,2,,,,-1.00000,-1,,,,-1.00000,-1,,,,-1,-1,,,,-1,-1,,2026-03-26 01:14:39.701,2026-03-26 01:14:39.701
40010,2,0,2026-03-25 06:52:46.579,2026-03-25 00:30:00.000,,SMB,Silver Mine Bay,銀鑛灣,true,true,true,40041,0,Raw Water,Raw Water,"",原水,6.84000,7,2.00000,2,,0.81000,1,2.00000,2,,,,-1.00000,-1,,,,-1.00000,-1,,,,-1.00000,-1,,,,-1,-1,,,,-1,-1,,2026-03-26 01:14:39.701,2026-03-26 01:14:39.701
40010,2,0,2026-03-25 06:52:46.579,2026-03-25 00:30:00.000,,SMB,Silver Mine Bay,銀鑛灣,true,true,true,40042,20,Dosed Water,Dosed Water,"",投藥後水,6.64000,7,2.00000,1,,,,-1.00000,-1,,,,-1.00000,-1,,,,-1.00000,-1,,,,-1.00000,-1,,,,-1,-1,,,,-1,-1,,2026-03-26 01:14:39.701,2026-03-26 01:14:39.701
40013,5,2,2026-03-25 19:48:02.204,2026-03-25 10:00:00.000,,TO,Tai O,大澳,true,true,true,40057,20,Dosed Water,Dosed Water,"",投藥後水,6.50000,7,1.00000,1,,,,-1.00000,-1,,,,-1.00000,-1,,,,-1.00000,-1,,,,-1.00000,-1,,,,-1,-1,,,,-1,-1,,2026-03-27 01:14:37.905,2026-03-26 01:14:39.701
40013,5,2,2026-03-25 19:48:02.204,2026-03-25 10:00:00.000,,TO,Tai O,大澳,true,true,true,40060,43,Filtered Water (3),Filtered Water,"3",過濾後水 (3),,,-1.00000,-1,,0.19000,0,2.00000,2,,,,-1.00000,-1,,,,-1.00000,-1,,,,-1.00000,-1,,,,-1,-1,,,,-1,-1,,2026-03-27 01:14:37.905,2026-03-26 01:14:39.701
40011,4,0,2026-03-25 09:50:39.133,2026-03-25 09:00:00.000,,CS,Cheung Sha,長沙,true,true,true,40047,20,Dosed Water,Dosed Water,"",投藥後水,6.61000,7,2.00000,2,,,,-1.00000,-1,,0.98000,1,2.00000,2,,,,-1.00000,-1,,,,-1.00000,-1,,,,-1,-1,,,,-1,-1,,2026-03-26 01:14:39.701,2026-03-26 01:14:39.701
40012,2,0,2026-03-25 09:55:27.518,2026-03-25 09:00:00.000,,SMB,Silver Mine Bay,銀鑛灣,true,true,true,40053,40,Filtered Water,Filtered Water,"",過濾後水,,,-1.00000,-1,,0.08000,0,2.00000,2,,0.60000,1,1.00000,2,,,,-1.00000,-1,,,,-1.00000,-1,,,,-1,-1,,,,-1,-1,,2026-03-26 01:14:39.701,2026-03-26 01:14:39.701
40010,2,0,2026-03-25 06:52:46.579,2026-03-25 00:30:00.000,,SMB,Silver Mine Bay,銀鑛灣,true,true,true,40044,40,Filtered Water,Filtered Water,"",過濾後水,,,-1.00000,-1,,0.10000,0,1.00000,2,,0.70000,1,1.00000,2,,,,-1.00000,-1,,,,-1.00000,-1,,,,-1,-1,,,,-1,-1,,2026-03-26 01:14:39.701,2026-03-26 01:14:39.701
40017,1,0,2026-03-26 09:19:40.550,2026-03-25 13:00:00.000,,SHW,Siu Ho Wan,小蠔灣,true,true,true,40080,40,Filtered Water,Filtered Water,"",過濾後水,,,-1.00000,-1,,0.09000,0,2.00000,2,,0.66000,1,2.00000,2,,,,-1.00000,-1,,,,-1.00000,-1,,,,-1,-1,,,,-1,-1,,2026-03-27 01:14:37.905,2026-03-27 01:14:37.905
40021,5,2,2026-03-26 19:31:39.272,2026-03-26 11:00:00.000,,TO,Tai O,大澳,true,true,true,40097,2,Raw Water (Shek Pik),Raw Water,Shek Pik,原水 (Shek Pik),6.70000,7,1.00000,2,,1.18000,1,2.00000,2,,,,-1.00000,-1,,,,-1.00000,-1,,,,-1.00000,-1,,,,-1,-1,,,,-1,-1,,2026-03-28 01:15:56.948,2026-03-27 01:14:37.905
40019,2,0,2026-03-26 13:12:01.273,2026-03-26 09:00:00.000,,SMB,Silver Mine Bay,銀鑛灣,true,true,true,40090,100,Final Water,Final Water,"",食水,8.70000,9,1.00000,2,,0.29000,0,2.00000,2,,1.10000,1,1.00000,2,,0.47000,0,2.00000,2,,,,-1.00000,-1,,,,-1,-1,,,,-1,-1,,2026-03-27 01:14:37.905,2026-03-27 01:14:37.905
40016,2,0,2026-03-26 06:56:52.651,2026-03-26 00:00:00.000,,SMB,Silver Mine Bay,銀鑛灣,true,true,true,40073,20,Dosed Water,Dosed Water,"",投藥後水,6.99000,7,2.00000,2,,,,-1.00000,-1,,,,-1.00000,-1,,,,-1.00000,-1,,,,-1.00000,-1,,,,-1,-1,,,,-1,-1,,2026-03-27 01:14:37.905,2026-03-27 01:14:37.905
40018,4,0,2026-03-26 09:45:48.010,2026-03-26 09:00:00.000,,CS,Cheung Sha,長沙,true,true,true,40082,0,Raw Water,Raw Water,"",原水,6.78000,7,2.00000,2,,0.57200,1,3.00000,3,,,,-1.00000,-1,,,,-1.00000,-1,,,,-1.00000,-1,,,,-1,-1,,,,-1,-1,,2026-03-27 01:14:37.905,2026-03-27 01:14:37.905
40017,1,0,2026-03-26 09:19:40.550,2026-03-25 13:00:00.000,,SHW,Siu Ho Wan,小蠔灣,true,true,true,40078,20,Dosed Water,Dosed Water,"",投藥後水,6.92000,7,2.00000,2,,,,-1.00000,-1,,,,-1.00000,-1,,,,-1.00000,-1,,,,-1.00000,-1,,,,-1,-1,,,,-1,-1,,2026-03-27 01:14:37.905,2026-03-27 01:14:37.905
40017,1,0,2026-03-26 09:19:40.550,2026-03-25 13:00:00.000,,SHW,Siu Ho Wan,小蠔灣,true,true,true,40079,33,Clarified Water (A & B),Clarified Water (A & B),"",澄清後水 (A & B),6.85000,7,2.00000,2,,0.58000,0,2.00000,2,,0.78000,1,2.00000,2,,,,-1.00000,-1,,,,-1.00000,-1,,,,-1,-1,,,,-1,-1,,2026-03-27 01:14:37.905,2026-03-27 01:14:37.905
40021,5,2,2026-03-26 19:31:39.272,2026-03-26 11:00:00.000,,TO,Tai O,大澳,true,true,true,40102,100,Final Water,Final Water,"",食水,8.58000,9,2.00000,2,,0.14000,0,2.00000,2,,1.10000,1,1.00000,2,,0.49000,1,2.00000,1,,,,-1.00000,-1,,,,-1,-1,,,,-1,-1,,2026-03-28 01:15:56.948,2026-03-27 01:14:37.905
40021,5,2,2026-03-26 19:31:39.272,2026-03-26 11:00:00.000,,TO,Tai O,大澳,true,true,true,40101,43,Filtered Water (3),Filtered Water,"3",過濾後水 (3),,,-1.00000,-1,,0.17000,0,2.00000,2,,,,-1.00000,-1,,,,-1.00000,-1,,,,-1.00000,-1,,,,-1,-1,,,,-1,-1,,2026-03-28 01:15:56.948,2026-03-27 01:14:37.905
40015,2,0,2026-03-26 06:55:20.760,2026-03-25 16:00:00.000,,SMB,Silver Mine Bay,銀鑛灣,true,true,true,40071,100,Final Water,Final Water,"",食水,8.47000,8,2.00000,2,,0.16000,0,2.00000,1,,1.07000,1,2.00000,2,,0.46000,0,2.00000,2,,,,-1.00000,-1,,,,-1,-1,,,,-1,-1,,2026-03-27 01:14:37.905,2026-03-27 01:14:37.905
40025,5,1,2026-03-27 20:10:57.185,2026-03-27 10:00:00.000,,TO,Tai O,大澳,true,true,true,40120,41,Filtered Water (1),Filtered Water,"1",過濾後水 (1),,,-1.00000,-1,,0.15000,0,2.00000,2,,,,-1.00000,-1,,,,-1.00000,-1,,,,-1.00000,-1,,,,-1,-1,,,,-1,-1,,2026-03-28 01:15:56.948,2026-03-28 01:15:56.948
40025,5,1,2026-03-27 20:10:57.185,2026-03-27 10:00:00.000,,TO,Tai O,大澳,true,true,true,40119,20,Dosed Water,Dosed Water,"",投藥後水,6.45000,6,2.00000,2,,,,-1.00000,-1,,,,-1.00000,-1,,,,-1.00000,-1,,,,-1.00000,-1,,,,-1,-1,,,,-1,-1,,2026-03-28 01:15:56.948,2026-03-28 01:15:56.948
40023,4,0,2026-03-27 09:52:44.778,2026-03-27 09:00:00.000,,CS,Cheung Sha,長沙,true,true,true,40111,100,Final Water,Final Water,"",食水,8.54000,9,2.00000,2,,0.10300,0,3.00000,3,,1.06000,1,2.00000,2,,0.49100,1,3.00000,1,,,,-1.00000,-1,,,,-1,-1,,,,-1,-1,,2026-03-28 01:15:56.948,2026-03-28 01:15:56.948
40023,4,0,2026-03-27 09:52:44.778,2026-03-27 09:00:00.000,,CS,Cheung Sha,長沙,true,true,true,40108,0,Raw Water,Raw Water,"",原水,6.74000,7,2.00000,2,,0.58400,1,3.00000,3,,,,-1.00000,-1,,,,-1.00000,-1,,,,-1.00000,-1,,,,-1,-1,,,,-1,-1,,2026-03-28 01:15:56.948,2026-03-28 01:15:56.948
40026,2,0,2026-03-27 22:30:52.500,2026-03-27 17:00:00.000,,SMB,Silver Mine Bay,銀鑛灣,true,true,true,40124,0,Raw Water,Raw Water,"",原水,7.32000,7,2.00000,2,,1.32000,1,2.00000,1,,,,-1.00000,-1,,,,-1.00000,-1,,,,-1.00000,-1,,,,-1,-1,,,,-1,-1,,2026-03-29 01:15:58.826,2026-03-28 01:15:56.948
40026,2,0,2026-03-27 22:30:52.500,2026-03-27 17:00:00.000,,SMB,Silver Mine Bay,銀鑛灣,true,true,true,40125,20,Dosed Water,Dosed Water,"",投藥後水,7.02000,7,2.00000,1,,,,-1.00000,-1,,,,-1.00000,-1,,,,-1.00000,-1,,,,-1.00000,-1,,,,-1,-1,,,,-1,-1,,2026-03-29 01:15:58.826,2026-03-28 01:15:56.948
40030,2,0,2026-03-28 11:12:08.510,2026-03-28 09:30:00.000,,SMB,Silver Mine Bay,銀鑛灣,true,true,true,40146,40,Filtered Water,Filtered Water,"",過濾後水,,,-1.00000,-1,,0.10000,0,1.00000,1,,0.62000,1,2.00000,2,,,,-1.00000,-1,,,,-1.00000,-1,,,,-1,-1,,,,-1,-1,,2026-03-29 01:15:58.826,2026-03-29 01:15:58.826
40032,5,2,2026-03-28 20:17:47.042,2026-03-28 10:00:00.000,,TO,Tai O,大澳,true,true,true,40155,20,Dosed Water,Dosed Water,"",投藥後水,6.48000,6,2.00000,2,,,,-1.00000,-1,,,,-1.00000,-1,,,,-1.00000,-1,,,,-1.00000,-1,,,,-1,-1,,,,-1,-1,,2026-03-30 01:10:56.670,2026-03-29 01:15:58.826
40033,1,0,2026-03-28 17:54:14.571,2026-03-27 21:00:00.000,,SHW,Siu Ho Wan,小蠔灣,true,true,true,40161,20,Dosed Water,Dosed Water,"",投藥後水,6.93000,7,2.00000,2,,,,-1.00000,-1,,,,-1.00000,-1,,,,-1.00000,-1,,,,-1.00000,-1,,,,-1,-1,,,,-1,-1,,2026-03-29 01:15:58.826,2026-03-29 01:15:58.826
40033,1,0,2026-03-28 17:54:14.571,2026-03-27 21:00:00.000,,SHW,Siu Ho Wan,小蠔灣,true,true,true,40160,0,Raw Water,Raw Water,"",原水,7.43000,8,2.00000,2,,1.33000,2,2.00000,2,,,,-1.00000,-1,,,,-1.00000,-1,,,,-1.00000,-1,,,,-1,-1,,,,-1,-1,,2026-03-29 01:15:58.826,2026-03-29 01:15:58.826
40047,2,2,2026-04-01 09:51:28.277,2026-03-30 09:00:00.000,,SMB,Silver Mine Bay,銀鑛灣,true,true,true,40236,30,Clarified Water,Clarified Water,"",澄清後水,0.16000,0,2.00000,2,,7.10000,7,1.00000,1,,0.83000,1,2.00000,2,,,,-1.00000,-1,,,,-1.00000,-1,,,,-1,-1,,,,-1,-1,,2026-04-02 01:10:57.738,2026-03-31 01:11:18.817
40043,5,2,2026-03-30 07:55:45.401,2026-03-29 22:00:00.000,,TO,Tai O,大澳,true,true,true,40217,42,Filtered Water (2),Filtered Water,"2",過濾後水 (2),,,-1.00000,-1,,0.16000,0,2.00000,2,,,,-1.00000,-1,,,,-1.00000,-1,,,,-1.00000,-1,,,,-1,-1,,,,-1,-1,,2026-03-31 01:11:18.817,2026-03-31 01:11:18.817
40048,5,2,2026-03-30 18:48:33.269,2026-03-30 10:00:00.000,,TO,Tai O,大澳,true,true,true,40242,41,Filtered Water (1),Filtered Water,"1",過濾後水 (1),,,-1.00000,-1,,0.17000,0,2.00000,2,,,,-1.00000,-1,,,,-1.00000,-1,,,,-1.00000,-1,,,,-1,-1,,,,-1,-1,,2026-03-31 01:11:18.817,2026-03-31 01:11:18.817
40051,3,0,2026-03-31 01:36:45.101,2026-03-30 17:00:00.000,,RH,Red Hill,紅山,true,true,true,40260,100,Final Water,Final Water,"",食水,8.54000,9,2.00000,2,,0.09000,0,2.00000,2,"",1.00000,1,0.00000,2,,0.49000,1,2.00000,1,,,,-1.00000,-1,,,,-1,-1,,,,-1,-1,,2026-04-01 01:10:50.548,2026-04-01 01:10:50.548
40052,2,2,2026-04-01 09:51:51.961,2026-03-31 01:00:00.000,,SMB,Silver Mine Bay,銀鑛灣,true,true,true,40265,100,Final Water,Final Water,"",食水,8.54000,8,2.00000,2,,0.25000,0,2.00000,2,,1.02000,1,2.00000,2,,0.48000,1,2.00000,2,,,,-1.00000,-1,,,,-1,-1,,,,-1,-1,,2026-04-02 01:10:57.738,2026-04-01 01:10:50.548
40054,1,0,2026-03-31 09:17:11.483,2026-03-30 13:00:00.000,,SHW,Siu Ho Wan,小蠔灣,true,true,true,40271,20,Dosed Water,Dosed Water,"",投藥後水,7.01000,7,2.00000,1,,,,-1.00000,-1,,,,-1.00000,-1,,,,-1.00000,-1,,,,-1.00000,-1,,,,-1,-1,,,,-1,-1,,2026-04-01 01:10:50.548,2026-04-01 01:10:50.548
40054,1,0,2026-03-31 09:17:11.483,2026-03-30 13:00:00.000,,SHW,Siu Ho Wan,小蠔灣,true,true,true,40272,33,Clarified Water (A & B),Clarified Water (A & B),"",澄清後水 (A & B),7.03000,7,2.00000,2,,0.48000,0,2.00000,2,,0.93000,1,2.00000,2,,,,-1.00000,-1,,,,-1.00000,-1,,,,-1,-1,,,,-1,-1,,2026-04-01 01:10:50.548,2026-04-01 01:10:50.548
40056,4,2,2026-03-31 17:34:56.118,2026-03-31 17:00:00.000,,CS,Cheung Sha,長沙,true,true,true,40280,0,Raw Water,Raw Water,"",原水,6.42000,6,2.00000,2,,0.66000,1,2.00000,3,,,,-1.00000,-1,,,,-1.00000,-1,,,,-1.00000,-1,,,,-1,-1,,,,-1,-1,,2026-04-01 01:10:50.548,2026-04-01 01:10:50.548
40059,5,2,2026-03-31 19:34:50.622,2026-03-31 11:00:00.000,,TO,Tai O,大澳,true,true,true,40300,100,Final Water,Final Water,"",食水,8.47000,8,2.00000,2,,0.13000,0,2.00000,2,,1.08000,1,2.00000,2,,0.49000,0,2.00000,2,,,,-1.00000,-1,,,,-1,-1,,,,-1,-1,,2026-04-02 01:10:57.738,2026-04-01 01:10:50.548
40059,5,2,2026-03-31 19:34:50.622,2026-03-31 11:00:00.000,,TO,Tai O,大澳,true,true,true,40296,20,Dosed Water,Dosed Water,"",投藥後水,6.46000,6,2.00000,2,,,,-1.00000,-1,,,,-1.00000,-1,,,,-1.00000,-1,,,,-1.00000,-1,,,,-1,-1,,,,-1,-1,,2026-04-02 01:10:57.738,2026-04-01 01:10:50.548
40053,4,0,2026-03-31 09:09:31.594,2026-03-31 09:00:00.000,,CS,Cheung Sha,長沙,true,true,true,40266,0,Raw Water,Raw Water,"",原水,6.49000,7,2.00000,2,,0.55200,1,3.00000,2,,,,-1.00000,-1,,,,-1.00000,-1,,,,-1.00000,-1,,,,-1,-1,,,,-1,-1,,2026-04-01 01:10:50.548,2026-04-01 01:10:50.548
40057,1,0,2026-03-31 17:42:31.876,2026-03-30 21:00:00.000,,SHW,Siu Ho Wan,小蠔灣,true,true,true,40284,0,Raw Water,Raw Water,"",原水,7.43000,8,2.00000,2,,1.66000,1,2.00000,2,,,,-1.00000,-1,,,,-1.00000,-1,,,,-1.00000,-1,,,,-1,-1,,,,-1,-1,,2026-04-01 01:10:50.548,2026-04-01 01:10:50.548
40055,2,2,2026-04-01 09:52:04.129,2026-03-31 09:00:00.000,,SMB,Silver Mine Bay,銀鑛灣,true,true,true,40277,30,Clarified Water,Clarified Water,"",澄清後水,7.12000,7,2.00000,2,,0.13000,0,2.00000,2,,0.92000,1,2.00000,2,,,,-1.00000,-1,,,,-1.00000,-1,,,,-1,-1,,,,-1,-1,,2026-04-02 01:10:57.738,2026-04-01 01:10:50.548
40058,2,2,2026-04-01 09:52:14.624,2026-03-31 17:00:00.000,,SMB,Silver Mine Bay,銀鑛灣,true,true,true,40291,30,Clarified Water,Clarified Water,"",澄清後水,7.10000,7,1.00000,2,,0.21000,0,2.00000,2,,1.00000,1,0.00000,2,,,,-1.00000,-1,,,,-1.00000,-1,,,,-1,-1,,,,-1,-1,,2026-04-02 01:10:57.738,2026-04-01 01:10:50.548
40058,2,2,2026-04-01 09:52:14.624,2026-03-31 17:00:00.000,,SMB,Silver Mine Bay,銀鑛灣,true,true,true,40292,40,Filtered Water,Filtered Water,"",過濾後水,,,-1.00000,-1,,0.15000,0,2.00000,2,,0.64000,1,2.00000,2,,,,-1.00000,-1,,,,-1.00000,-1,,,,-1,-1,,,,-1,-1,,2026-04-02 01:10:57.738,2026-04-01 01:10:50.548
40059,5,2,2026-03-31 19:34:50.622,2026-03-31 11:00:00.000,,TO,Tai O,大澳,true,true,true,40298,42,Filtered Water (2),Filtered Water,"2",過濾後水 (2),,,-1.00000,-1,,0.21000,0,2.00000,2,,,,-1.00000,-1,,,,-1.00000,-1,,,,-1.00000,-1,,,,-1,-1,,,,-1,-1,,2026-04-02 01:10:57.738,2026-04-01 01:10:50.548
40068,5,1,2026-04-01 19:47:14.096,2026-04-01 10:00:00.000,,TO,Tai O,大澳,true,true,true,40342,42,Filtered Water (2),Filtered Water,"2",過濾後水 (2),,,-1.00000,-1,,0.17000,0,2.00000,2,,,,-1.00000,-1,,,,-1.00000,-1,,,,-1.00000,-1,,,,-1,-1,,,,-1,-1,,2026-04-04 01:10:55.438,2026-04-02 01:10:57.738
40068,5,1,2026-04-01 19:47:14.096,2026-04-01 10:00:00.000,,TO,Tai O,大澳,true,true,true,40338,1,Raw Water (Yi O),Raw Water,Yi O,原水 (Yi O),6.57000,7,2.00000,2,,1.30000,1,1.00000,2,,,,-1.00000,-1,,,,-1.00000,-1,,,,-1.00000,-1,,,,-1,-1,,,,-1,-1,,2026-04-04 01:10:55.438,2026-04-02 01:10:57.738
40068,5,1,2026-04-01 19:47:14.096,2026-04-01 10:00:00.000,,TO,Tai O,大澳,true,true,true,40344,100,Final Water,Final Water,"",食水,8.59000,9,2.00000,2,,0.15000,0,2.00000,2,,1.15000,0,2.00000,0,,0.50000,0,1.00000,2,,,,-1.00000,-1,,,,-1,-1,,,,-1,-1,,2026-04-04 01:10:55.438,2026-04-02 01:10:57.738
40061,4,2,2026-04-01 07:26:42.452,2026-04-01 01:00:00.000,,CS,Cheung Sha,長沙,true,true,true,40306,0,Raw Water,Raw Water,"",原水,7.00000,7,0.00000,2,,0.99000,1,2.00000,2,,,,-1.00000,-1,,,,-1.00000,-1,,,,-1.00000,-1,,,,-1,-1,,,,-1,-1,,2026-04-02 01:10:57.738,2026-04-02 01:10:57.738
40062,3,2,2026-04-04 06:22:28.245,2026-04-01 01:00:00.000,,RH,Red Hill,紅山,true,true,true,40314,100,Final Water,Final Water,"",食水,8.55000,9,2.00000,2,,0.11000,0,2.00000,2,,1.16000,1,2.00000,2,,0.47000,0,2.00000,2,,,,-1.00000,-1,,,,-1,-1,,,,-1,-1,,2026-04-05 01:14:44.427,2026-04-02 01:10:57.738
40063,2,2,2026-04-01 09:57:31.616,2026-04-01 09:00:00.000,,SMB,Silver Mine Bay,銀鑛灣,true,true,true,40315,0,Raw Water,Raw Water,"",原水,6.68000,7,2.00000,2,,1.19000,1,2.00000,2,,,,-1.00000,-1,,,,-1.00000,-1,,,,-1.00000,-1,,,,-1,-1,,,,-1,-1,,2026-04-02 01:10:57.738,2026-04-02 01:10:57.738
40065,1,0,2026-04-01 13:42:17.473,2026-03-31 13:00:00.000,,SHW,Siu Ho Wan,小蠔灣,true,true,true,40328,100,Final Water,Final Water,"",食水,8.44000,8,2.00000,2,,0.10000,0,1.00000,1,,0.93000,1,2.00000,2,,0.48000,0,2.00000,2,,,,-1.00000,-1,,,,-1,-1,,,,-1,-1,,2026-04-02 01:10:57.738,2026-04-02 01:10:57.738
40065,1,0,2026-04-01 13:42:17.473,2026-03-31 13:00:00.000,,SHW,Siu Ho Wan,小蠔灣,true,true,true,40325,20,Dosed Water,Dosed Water,"",投藥後水,7.00000,7,0.00000,2,,,,-1.00000,-1,,,,-1.00000,-1,,,,-1.00000,-1,,,,-1.00000,-1,,,,-1,-1,,,,-1,-1,,2026-04-02 01:10:57.738,2026-04-02 01:10:57.738
40067,1,0,2026-04-01 17:35:01.220,2026-03-31 21:00:00.000,,SHW,Siu Ho Wan,小蠔灣,true,true,true,40335,33,Clarified Water (A & B),Clarified Water (A & B),"",澄清後水 (A & B),6.89000,7,2.00000,2,,0.50000,1,1.00000,2,,0.48000,0,2.00000,2,,,,-1.00000,-1,,,,-1.00000,-1,,,,-1,-1,,,,-1,-1,,2026-04-02 01:10:57.738,2026-04-02 01:10:57.738
40063,2,2,2026-04-01 09:57:31.616,2026-04-01 09:00:00.000,,SMB,Silver Mine Bay,銀鑛灣,true,true,true,40317,30,Clarified Water,Clarified Water,"",澄清後水,6.85000,7,2.00000,2,,0.38000,0,2.00000,2,,0.96000,1,2.00000,2,,,,-1.00000,-1,,,,-1.00000,-1,,,,-1,-1,,,,-1,-1,,2026-04-02 01:10:57.738,2026-04-02 01:10:57.738
40071,4,2,2026-04-02 07:14:32.729,2026-04-02 01:00:00.000,,CS,Cheung Sha,長沙,true,true,true,40357,40,Filtered Water,Filtered Water,"",過濾後水,,,-1.00000,-1,,0.08800,0,3.00000,2,,0.50000,1,1.00000,2,,,,-1.00000,-1,,,,-1.00000,-1,,,,-1,-1,,,,-1,-1,,2026-04-04 01:10:55.438,2026-04-04 01:10:55.438
40089,2,2,2026-04-04 06:38:41.329,2026-04-03 18:00:00.000,,SMB,Silver Mine Bay,銀鑛灣,true,true,true,40447,40,Filtered Water,Filtered Water,"",過濾後水,,,-1.00000,-1,,0.12000,0,2.00000,2,,0.60000,1,1.00000,2,,,,-1.00000,-1,,,,-1.00000,-1,,,,-1,-1,,,,-1,-1,,2026-04-05 01:14:44.427,2026-04-04 01:10:55.438
40077,4,2,2026-04-02 17:53:13.763,2026-04-02 17:00:00.000,,CS,Cheung Sha,長沙,true,true,true,40385,40,Filtered Water,Filtered Water,"",過濾後水,,,-1.00000,-1,,0.07400,0,3.00000,3,,0.52000,1,2.00000,2,,,,-1.00000,-1,,,,-1.00000,-1,,,,-1,-1,,,,-1,-1,,2026-04-04 01:10:55.438,2026-04-04 01:10:55.438
40088,5,1,2026-04-03 20:12:07.473,2026-04-03 11:00:00.000,,TO,Tai O,大澳,true,true,true,40440,41,Filtered Water (1),Filtered Water,"1",過濾後水 (1),,,-1.00000,-1,,0.13000,0,2.00000,2,,,,-1.00000,-1,,,,-1.00000,-1,,,,-1.00000,-1,,,,-1,-1,,,,-1,-1,,2026-04-04 01:10:55.438,2026-04-04 01:10:55.438
40074,1,0,2026-04-02 11:04:27.199,2026-04-01 13:00:00.000,,SHW,Siu Ho Wan,小蠔灣,true,true,true,40371,40,Filtered Water,Filtered Water,"",過濾後水,,,-1.00000,-1,,0.10000,0,1.00000,2,,0.63000,1,2.00000,2,,,,-1.00000,-1,,,,-1.00000,-1,,,,-1,-1,,,,-1,-1,,2026-04-04 01:10:55.438,2026-04-04 01:10:55.438
40085,3,2,2026-04-03 12:26:13.724,2026-04-03 09:00:00.000,,RH,Red Hill,紅山,true,true,true,40424,44,Filtered Water (1-2),Filtered Water,"1-2",過濾後水 (1-2),,,-1.00000,-1,,0.10000,0,1.00000,1,,0.57000,1,2.00000,2,,,,-1.00000,-1,,,,-1.00000,-1,,,,-1,-1,,,,-1,-1,,2026-04-04 01:10:55.438,2026-04-04 01:10:55.438
40078,5,2,2026-04-02 19:34:18.651,2026-04-02 10:00:00.000,,TO,Tai O,大澳,true,true,true,40387,1,Raw Water (Yi O),Raw Water,Yi O,原水 (Yi O),6.43000,6,2.00000,1,,1.26000,1,2.00000,2,,,,-1.00000,-1,,,,-1.00000,-1,,,,-1.00000,-1,,,,-1,-1,,,,-1,-1,,2026-04-04 01:10:55.438,2026-04-04 01:10:55.438
40088,5,1,2026-04-03 20:12:07.473,2026-04-03 11:00:00.000,,TO,Tai O,大澳,true,true,true,40437,1,Raw Water (Yi O),Raw Water,Yi O,原水 (Yi O),0.00000,0,0.00000,0,,0.00000,0,0.00000,0,,,,-1.00000,-1,,,,-1.00000,-1,,,,-1.00000,-1,,,,-1,-1,,,,-1,-1,,2026-04-04 01:10:55.438,2026-04-04 01:10:55.438
40076,2,2,2026-04-03 13:21:08.119,2026-04-02 13:00:00.000,,SMB,Silver Mine Bay,銀鑛灣,true,true,true,40378,0,Raw Water,Raw Water,"",原水,6.68000,7,2.00000,2,,0.73000,1,2.00000,2,,,,-1.00000,-1,,,,-1.00000,-1,,,,-1.00000,-1,,,,-1,-1,,,,-1,-1,,2026-04-04 01:10:55.438,2026-04-04 01:10:55.438
40042,2,0,2026-03-29 18:40:18.038,2026-03-29 16:00:00.000,,SMB,Silver Mine Bay,銀鑛灣,true,true,true,40209,20,Dosed Water,Dosed Water,"",投藥後水,6.96000,7,2.00000,2,,,,-1.00000,-1,,,,-1.00000,-1,,,,-1.00000,-1,,,,-1.00000,-1,,,,-1,-1,,,,-1,-1,,2026-03-30 01:10:56.670,2026-03-30 01:10:56.670
40042,2,0,2026-03-29 18:40:18.038,2026-03-29 16:00:00.000,,SMB,Silver Mine Bay,銀鑛灣,true,true,true,40208,0,Raw Water,Raw Water,"",原水,7.19000,7,2.00000,2,,0.22000,1,2.00000,2,,,,-1.00000,-1,,,,-1.00000,-1,,,,-1.00000,-1,,,,-1,-1,,,,-1,-1,,2026-03-30 01:10:56.670,2026-03-30 01:10:56.670
40036,2,0,2026-03-29 06:34:25.357,2026-03-29 00:00:00.000,,SMB,Silver Mine Bay,銀鑛灣,true,true,true,40180,40,Filtered Water,Filtered Water,"",過濾後水,,,-1.00000,-1,,0.63000,1,2.00000,2,,0.13000,0,2.00000,2,,,,-1.00000,-1,,,,-1.00000,-1,,,,-1,-1,,,,-1,-1,,2026-03-30 01:10:56.670,2026-03-30 01:10:56.670
40039,2,0,2026-03-29 10:10:13.929,2026-03-29 09:00:00.000,,SMB,Silver Mine Bay,銀鑛灣,true,true,true,40194,40,Filtered Water,Filtered Water,"",過濾後水,,,-1.00000,-1,,0.11000,0,2.00000,2,,0.65000,1,2.00000,2,,,,-1.00000,-1,,,,-1.00000,-1,,,,-1,-1,,,,-1,-1,,2026-03-30 01:10:56.670,2026-03-30 01:10:56.670
40040,5,2,2026-03-29 19:05:30.507,2026-03-29 10:00:00.000,,TO,Tai O,大澳,true,true,true,40200,42,Filtered Water (2),Filtered Water,"2",過濾後水 (2),,,-1.00000,-1,,0.18000,0,2.00000,2,,,,-1.00000,-1,,,,-1.00000,-1,,,,-1.00000,-1,,,,-1,-1,,,,-1,-1,,2026-03-31 01:11:18.817,2026-03-30 01:10:56.670
40042,2,0,2026-03-29 18:40:18.038,2026-03-29 16:00:00.000,,SMB,Silver Mine Bay,銀鑛灣,true,true,true,40211,40,Filtered Water,Filtered Water,"",過濾後水,,,-1.00000,-1,,0.10000,0,1.00000,2,,0.64000,1,2.00000,2,,,,-1.00000,-1,,,,-1.00000,-1,,,,-1,-1,,,,-1,-1,,2026-03-30 01:10:56.670,2026-03-30 01:10:56.670
40041,1,0,2026-03-29 17:40:08.737,2026-03-28 21:00:00.000,,SHW,Siu Ho Wan,小蠔灣,true,true,true,40206,40,Filtered Water,Filtered Water,"",過濾後水,,,-1.00000,-1,,0.12000,0,2.00000,2,,0.42000,0,2.00000,2,,,,-1.00000,-1,,,,-1.00000,-1,,,,-1,-1,,,,-1,-1,,2026-03-30 01:10:56.670,2026-03-30 01:10:56.670
40042,2,0,2026-03-29 18:40:18.038,2026-03-29 16:00:00.000,,SMB,Silver Mine Bay,銀鑛灣,true,true,true,40210,30,Clarified Water,Clarified Water,"",澄清後水,7.08000,7,2.00000,1,,0.15000,0,2.00000,2,,1.01000,1,2.00000,2,,,,-1.00000,-1,,,,-1.00000,-1,,,,-1,-1,,,,-1,-1,,2026-03-30 01:10:56.670,2026-03-30 01:10:56.670
40040,5,2,2026-03-29 19:05:30.507,2026-03-29 10:00:00.000,,TO,Tai O,大澳,true,true,true,40196,1,Raw Water (Yi O),Raw Water,Yi O,原水 (Yi O),0.00000,0,0.00000,0,,0.00000,0,0.00000,0,,,,-1.00000,-1,,,,-1.00000,-1,,,,-1.00000,-1,,,,-1,-1,,,,-1,-1,,2026-03-31 01:11:18.817,2026-03-30 01:10:56.670
40050,2,2,2026-04-01 09:51:39.904,2026-03-30 17:03:00.000,,SMB,Silver Mine Bay,銀鑛灣,true,true,true,40252,20,Dosed Water,Dosed Water,"",投藥後水,6.94000,7,2.00000,2,,,,-1.00000,-1,,,,-1.00000,-1,,,,-1.00000,-1,,,,-1.00000,-1,,,,-1,-1,,,,-1,-1,,2026-04-02 01:10:57.738,2026-03-31 01:11:18.817
40050,2,2,2026-04-01 09:51:39.904,2026-03-30 17:03:00.000,,SMB,Silver Mine Bay,銀鑛灣,true,true,true,40255,100,Final Water,Final Water,"",食水,8.57000,9,2.00000,2,,0.26000,0,2.00000,2,,1.04000,1,2.00000,1,,0.51000,1,2.00000,2,,,,-1.00000,-1,,,,-1,-1,,,,-1,-1,,2026-04-02 01:10:57.738,2026-03-31 01:11:18.817
40045,4,0,2026-03-30 09:04:28.474,2026-03-30 09:00:00.000,,CS,Cheung Sha,長沙,true,true,true,40225,0,Raw Water,Raw Water,"",原水,6.56000,7,2.00000,2,,0.45200,1,3.00000,1,,,,-1.00000,-1,,,,-1.00000,-1,,,,-1.00000,-1,,,,-1,-1,,,,-1,-1,,2026-03-31 01:11:18.817,2026-03-31 01:11:18.817
40048,5,2,2026-03-30 18:48:33.269,2026-03-30 10:00:00.000,,TO,Tai O,大澳,true,true,true,40241,20,Dosed Water,Dosed Water,"",投藥後水,6.48000,6,2.00000,2,,,,-1.00000,-1,,,,-1.00000,-1,,,,-1.00000,-1,,,,-1.00000,-1,,,,-1,-1,,,,-1,-1,,2026-03-31 01:11:18.817,2026-03-31 01:11:18.817
40046,1,0,2026-03-30 09:33:31.458,2026-03-29 13:00:00.000,,SHW,Siu Ho Wan,小蠔灣,true,true,true,40229,0,Raw Water,Raw Water,"",原水,7.41000,8,2.00000,2,,1.56000,2,2.00000,2,,,,-1.00000,-1,,,,-1.00000,-1,,,,-1.00000,-1,,,,-1,-1,,,,-1,-1,,2026-03-31 01:11:18.817,2026-03-31 01:11:18.817
40046,1,0,2026-03-30 09:33:31.458,2026-03-29 13:00:00.000,,SHW,Siu Ho Wan,小蠔灣,true,true,true,40231,33,Clarified Water (A & B),Clarified Water (A & B),"",澄清後水 (A & B),6.99000,7,2.00000,2,,0.44000,1,2.00000,2,,0.65000,1,2.00000,1,,,,-1.00000,-1,,,,-1.00000,-1,,,,-1,-1,,,,-1,-1,,2026-03-31 01:11:18.817,2026-03-31 01:11:18.817
40049,1,0,2026-03-30 18:18:18.117,2026-03-29 21:00:00.000,,SHW,Siu Ho Wan,小蠔灣,true,true,true,40248,33,Clarified Water (A & B),Clarified Water (A & B),"",澄清後水 (A & B),7.05000,7,2.00000,2,,0.55000,0,2.00000,2,,0.74000,0,2.00000,1,,,,-1.00000,-1,,,,-1.00000,-1,,,,-1,-1,,,,-1,-1,,2026-03-31 01:11:18.817,2026-03-31 01:11:18.817
40049,1,0,2026-03-30 18:18:18.117,2026-03-29 21:00:00.000,,SHW,Siu Ho Wan,小蠔灣,true,true,true,40246,0,Raw Water,Raw Water,"",原水,7.55000,8,2.00000,2,,1.35000,1,2.00000,2,,,,-1.00000,-1,,,,-1.00000,-1,,,,-1.00000,-1,,,,-1,-1,,,,-1,-1,,2026-03-31 01:11:18.817,2026-03-31 01:11:18.817
40044,2,2,2026-04-01 09:51:16.176,2026-03-30 00:30:00.000,,SMB,Silver Mine Bay,銀鑛灣,true,true,true,40221,20,Dosed Water,Dosed Water,"",投藥後水,7.01000,7,2.00000,2,,,,-1.00000,-1,,,,-1.00000,-1,,,,-1.00000,-1,,,,-1.00000,-1,,,,-1,-1,,,,-1,-1,,2026-04-02 01:10:57.738,2026-03-31 01:11:18.817
40048,5,2,2026-03-30 18:48:33.269,2026-03-30 10:00:00.000,,TO,Tai O,大澳,true,true,true,40243,42,Filtered Water (2),Filtered Water,"2",過濾後水 (2),,,-1.00000,-1,,0.17000,0,2.00000,2,,,,-1.00000,-1,,,,-1.00000,-1,,,,-1.00000,-1,,,,-1,-1,,,,-1,-1,,2026-03-31 01:11:18.817,2026-03-31 01:11:18.817
40043,5,2,2026-03-30 07:55:45.401,2026-03-29 22:00:00.000,,TO,Tai O,大澳,true,true,true,40213,1,Raw Water (Yi O),Raw Water,Yi O,原水 (Yi O),0.00000,0,0.00000,0,,0.00000,0,0.00000,0,,,,-1.00000,-1,,,,-1.00000,-1,,,,-1.00000,-1,,,,-1,-1,,,,-1,-1,,2026-03-31 01:11:18.817,2026-03-31 01:11:18.817
40051,3,0,2026-03-31 01:36:45.101,2026-03-30 17:00:00.000,,RH,Red Hill,紅山,true,true,true,40256,0,Raw Water,Raw Water,"",原水,6.77000,7,2.00000,2,,1.18000,1,2.00000,2,,,,-1.00000,-1,,,,-1.00000,-1,,,,-1.00000,-1,,,,-1,-1,,,,-1,-1,,2026-04-01 01:10:50.548,2026-04-01 01:10:50.548
40052,2,2,2026-04-01 09:51:51.961,2026-03-31 01:00:00.000,,SMB,Silver Mine Bay,銀鑛灣,true,true,true,40261,0,Raw Water,Raw Water,"",原水,7.20000,7,1.00000,2,,1.08000,1,2.00000,2,,,,-1.00000,-1,,,,-1.00000,-1,,,,-1.00000,-1,,,,-1,-1,,,,-1,-1,,2026-04-02 01:10:57.738,2026-04-01 01:10:50.548
40055,2,2,2026-04-01 09:52:04.129,2026-03-31 09:00:00.000,,SMB,Silver Mine Bay,銀鑛灣,true,true,true,40279,100,Final Water,Final Water,"",食水,8.55000,8,2.00000,2,,0.26000,0,2.00000,2,,1.07000,1,2.00000,2,,0.45000,0,2.00000,2,,,,-1.00000,-1,,,,-1,-1,,,,-1,-1,,2026-04-02 01:10:57.738,2026-04-01 01:10:50.548
40055,2,2,2026-04-01 09:52:04.129,2026-03-31 09:00:00.000,,SMB,Silver Mine Bay,銀鑛灣,true,true,true,40275,0,Raw Water,Raw Water,"",原水,7.25000,7,2.00000,2,,1.14000,1,2.00000,2,,,,-1.00000,-1,,,,-1.00000,-1,,,,-1.00000,-1,,,,-1,-1,,,,-1,-1,,2026-04-02 01:10:57.738,2026-04-01 01:10:50.548
40054,1,0,2026-03-31 09:17:11.483,2026-03-30 13:00:00.000,,SHW,Siu Ho Wan,小蠔灣,true,true,true,40270,0,Raw Water,Raw Water,"",原水,7.47000,8,2.00000,2,,1.51000,1,2.00000,2,,,,-1.00000,-1,,,,-1.00000,-1,,,,-1.00000,-1,,,,-1,-1,,,,-1,-1,,2026-04-01 01:10:50.548,2026-04-01 01:10:50.548
40053,4,0,2026-03-31 09:09:31.594,2026-03-31 09:00:00.000,,CS,Cheung Sha,長沙,true,true,true,40269,100,Final Water,Final Water,"",食水,8.53000,9,2.00000,1,,0.08700,0,3.00000,3,,1.00000,1,0.00000,2,,0.51000,1,2.00000,2,,,,-1.00000,-1,,,,-1,-1,,,,-1,-1,,2026-04-01 01:10:50.548,2026-04-01 01:10:50.548
40053,4,0,2026-03-31 09:09:31.594,2026-03-31 09:00:00.000,,CS,Cheung Sha,長沙,true,true,true,40267,20,Dosed Water,Dosed Water,"",投藥後水,6.41000,7,2.00000,2,,,,-1.00000,-1,,0.82000,1,2.00000,1,,,,-1.00000,-1,,,,-1.00000,-1,,,,-1,-1,,,,-1,-1,,2026-04-01 01:10:50.548,2026-04-01 01:10:50.548
40057,1,0,2026-03-31 17:42:31.876,2026-03-30 21:00:00.000,,SHW,Siu Ho Wan,小蠔灣,true,true,true,40285,20,Dosed Water,Dosed Water,"",投藥後水,6.93000,7,2.00000,1,,,,-1.00000,-1,,,,-1.00000,-1,,,,-1.00000,-1,,,,-1.00000,-1,,,,-1,-1,,,,-1,-1,,2026-04-01 01:10:50.548,2026-04-01 01:10:50.548
40051,3,0,2026-03-31 01:36:45.101,2026-03-30 17:00:00.000,,RH,Red Hill,紅山,true,true,true,40258,44,Filtered Water (1-2),Filtered Water,"1-2",過濾後水 (1-2),,,-1.00000,-1,,0.12000,0,2.00000,2,,0.51000,1,2.00000,2,,,,-1.00000,-1,,,,-1.00000,-1,,,,-1,-1,,,,-1,-1,,2026-04-01 01:10:50.548,2026-04-01 01:10:50.548
40055,2,2,2026-04-01 09:52:04.129,2026-03-31 09:00:00.000,,SMB,Silver Mine Bay,銀鑛灣,true,true,true,40278,40,Filtered Water,Filtered Water,"",過濾後水,,,-1.00000,-1,,0.08000,0,2.00000,2,,0.61000,1,2.00000,2,,,,-1.00000,-1,,,,-1.00000,-1,,,,-1,-1,,,,-1,-1,,2026-04-02 01:10:57.738,2026-04-01 01:10:50.548
40059,5,2,2026-03-31 19:34:50.622,2026-03-31 11:00:00.000,,TO,Tai O,大澳,true,true,true,40297,41,Filtered Water (1),Filtered Water,"1",過濾後水 (1),,,-1.00000,-1,,0.15000,0,2.00000,2,,,,-1.00000,-1,,,,-1.00000,-1,,,,-1.00000,-1,,,,-1,-1,,,,-1,-1,,2026-04-02 01:10:57.738,2026-04-01 01:10:50.548
40054,1,0,2026-03-31 09:17:11.483,2026-03-30 13:00:00.000,,SHW,Siu Ho Wan,小蠔灣,true,true,true,40273,40,Filtered Water,Filtered Water,"",過濾後水,,,-1.00000,-1,,0.10000,0,1.00000,2,,0.65000,1,2.00000,2,,,,-1.00000,-1,,,,-1.00000,-1,,,,-1,-1,,,,-1,-1,,2026-04-01 01:10:50.548,2026-04-01 01:10:50.548
40053,4,0,2026-03-31 09:09:31.594,2026-03-31 09:00:00.000,,CS,Cheung Sha,長沙,true,true,true,40268,40,Filtered Water,Filtered Water,"",過濾後水,,,-1.00000,-1,,0.09500,0,3.00000,3,,0.59000,1,2.00000,1,,,,-1.00000,-1,,,,-1.00000,-1,,,,-1,-1,,,,-1,-1,,2026-04-01 01:10:50.548,2026-04-01 01:10:50.548
40061,4,2,2026-04-01 07:26:42.452,2026-04-01 01:00:00.000,,CS,Cheung Sha,長沙,true,true,true,40307,20,Dosed Water,Dosed Water,"",投藥後水,6.73000,7,2.00000,2,,,,-1.00000,-1,,0.79000,1,2.00000,1,,,,-1.00000,-1,,,,-1.00000,-1,,,,-1,-1,,,,-1,-1,,2026-04-02 01:10:57.738,2026-04-02 01:10:57.738
40060,2,1,2026-04-01 09:52:24.806,2026-04-01 07:00:00.000,,SMB,Silver Mine Bay,銀鑛灣,true,true,true,40302,20,Dosed Water,Dosed Water,"",投藥後水,6.87000,7,2.00000,2,,,,-1.00000,-1,,,,-1.00000,-1,,,,-1.00000,-1,,,,-1.00000,-1,,,,-1,-1,,,,-1,-1,,2026-04-02 01:10:57.738,2026-04-02 01:10:57.738
40015,2,0,2026-03-26 06:55:20.760,2026-03-25 16:00:00.000,,SMB,Silver Mine Bay,銀鑛灣,true,true,true,40069,30,Clarified Water,Clarified Water,"",澄清後水,6.90000,7,1.00000,2,,0.13000,0,2.00000,2,,1.00000,1,0.00000,2,,,,-1.00000,-1,,,,-1.00000,-1,,,,-1,-1,,,,-1,-1,,2026-03-27 01:14:37.905,2026-03-27 01:14:37.905
40020,2,0,2026-03-26 17:27:00.492,2026-03-26 16:30:00.000,,SMB,Silver Mine Bay,銀鑛灣,true,true,true,40093,30,Clarified Water,Clarified Water,"",澄清後水,7.06000,7,2.00000,2,,0.12000,0,2.00000,2,,0.80000,1,1.00000,2,,,,-1.00000,-1,,,,-1.00000,-1,,,,-1,-1,,,,-1,-1,,2026-03-27 01:14:37.905,2026-03-27 01:14:37.905
40024,2,0,2026-03-27 15:00:41.287,2026-03-27 09:00:00.000,,SMB,Silver Mine Bay,銀鑛灣,true,true,true,40115,40,Filtered Water,Filtered Water,"",過濾後水,,,-1.00000,-1,,0.11000,0,2.00000,1,,0.54000,1,2.00000,2,,,,-1.00000,-1,,,,-1.00000,-1,,,,-1,-1,,,,-1,-1,,2026-03-28 01:15:56.948,2026-03-28 01:15:56.948
40024,2,0,2026-03-27 15:00:41.287,2026-03-27 09:00:00.000,,SMB,Silver Mine Bay,銀鑛灣,true,true,true,40114,30,Clarified Water,Clarified Water,"",澄清後水,7.05000,7,2.00000,2,,0.18000,0,2.00000,2,,0.89000,1,2.00000,2,,,,-1.00000,-1,,,,-1.00000,-1,,,,-1,-1,,,,-1,-1,,2026-03-28 01:15:56.948,2026-03-28 01:15:56.948
40026,2,0,2026-03-27 22:30:52.500,2026-03-27 17:00:00.000,,SMB,Silver Mine Bay,銀鑛灣,true,true,true,40126,30,Clarified Water,Clarified Water,"",澄清後水,7.05000,7,2.00000,2,,0.15000,0,2.00000,2,,0.97000,1,2.00000,2,,,,-1.00000,-1,,,,-1.00000,-1,,,,-1,-1,,,,-1,-1,,2026-03-29 01:15:58.826,2026-03-28 01:15:56.948
40025,5,1,2026-03-27 20:10:57.185,2026-03-27 10:00:00.000,,TO,Tai O,大澳,true,true,true,40123,100,Final Water,Final Water,"",食水,8.57000,9,2.00000,2,,0.13000,0,2.00000,2,,1.12000,1,2.00000,2,,0.51000,0,2.00000,2,,,,-1.00000,-1,,,,-1,-1,,,,-1,-1,,2026-03-28 01:15:56.948,2026-03-28 01:15:56.948
40024,2,0,2026-03-27 15:00:41.287,2026-03-27 09:00:00.000,,SMB,Silver Mine Bay,銀鑛灣,true,true,true,40113,20,Dosed Water,Dosed Water,"",投藥後水,6.84000,7,2.00000,2,,,,-1.00000,-1,,,,-1.00000,-1,,,,-1.00000,-1,,,,-1.00000,-1,,,,-1,-1,,,,-1,-1,,2026-03-28 01:15:56.948,2026-03-28 01:15:56.948
40033,1,0,2026-03-28 17:54:14.571,2026-03-27 21:00:00.000,,SHW,Siu Ho Wan,小蠔灣,true,true,true,40163,40,Filtered Water,Filtered Water,"",過濾後水,,,-1.00000,-1,,0.11000,0,2.00000,1,,0.48000,0,2.00000,2,"",,,-1.00000,-1,,,,-1.00000,-1,,,,-1,-1,,,,-1,-1,,2026-03-29 01:15:58.826,2026-03-29 01:15:58.826
40027,3,0,2026-03-28 01:01:31.621,2026-03-28 01:00:00.000,,RH,Red Hill,紅山,true,true,true,40132,45,Filtered Water (3-4),Filtered Water,"3-4",過濾後水 (3-4),,,-1.00000,-1,,0.13000,0,2.00000,2,,0.54000,1,2.00000,2,,,,-1.00000,-1,,,,-1.00000,-1,,,,-1,-1,,,,-1,-1,,2026-03-29 01:15:58.826,2026-03-29 01:15:58.826
40032,5,2,2026-03-28 20:17:47.042,2026-03-28 10:00:00.000,,TO,Tai O,大澳,true,true,true,40159,100,Final Water,Final Water,"",食水,8.48000,9,2.00000,1,,0.13000,0,2.00000,2,,1.08000,1,2.00000,2,,0.50000,0,1.00000,2,,,,-1.00000,-1,,,,-1,-1,,,,-1,-1,,2026-03-30 01:10:56.670,2026-03-29 01:15:58.826
40031,1,0,2026-03-28 12:49:26.340,2026-03-27 13:00:00.000,,SHW,Siu Ho Wan,小蠔灣,true,true,true,40149,20,Dosed Water,Dosed Water,"",投藥後水,6.98000,7,2.00000,2,,,,-1.00000,-1,,,,-1.00000,-1,,,,-1.00000,-1,,,,-1.00000,-1,,,,-1,-1,,,,-1,-1,,2026-03-29 01:15:58.826,2026-03-29 01:15:58.826
40029,4,0,2026-03-28 09:37:36.810,2026-03-28 09:00:00.000,,CS,Cheung Sha,長沙,true,true,true,40139,0,Raw Water,Raw Water,"",原水,6.71000,7,2.00000,2,,0.52400,0,3.00000,3,,,,-1.00000,-1,,,,-1.00000,-1,,,,-1.00000,-1,,,,-1,-1,,,,-1,-1,,2026-03-29 01:15:58.826,2026-03-29 01:15:58.826
40028,2,0,2026-03-28 06:30:27.118,2026-03-28 05:05:00.000,,SMB,Silver Mine Bay,銀鑛灣,true,true,true,40135,20,Dosed Water,Dosed Water,"",投藥後水,7.01000,7,2.00000,2,,,,-1.00000,-1,,,,-1.00000,-1,,,,-1.00000,-1,,,,-1.00000,-1,,,,-1,-1,,,,-1,-1,,2026-03-29 01:15:58.826,2026-03-29 01:15:58.826
40035,2,0,2026-03-29 06:33:16.852,2026-03-28 17:00:00.000,,SMB,Silver Mine Bay,銀鑛灣,true,true,true,40173,20,Dosed Water,Dosed Water,"",投藥後水,7.03000,7,2.00000,2,,,,-1.00000,-1,,,,-1.00000,-1,,,,-1.00000,-1,,,,-1.00000,-1,,,,-1,-1,,,,-1,-1,,2026-03-30 01:10:56.670,2026-03-30 01:10:56.670
40037,1,0,2026-03-29 09:33:23.818,2026-03-28 13:00:00.000,,SHW,Siu Ho Wan,小蠔灣,true,true,true,40184,33,Clarified Water (A & B),Clarified Water (A & B),"",澄清後水 (A & B),6.97000,7,2.00000,2,,0.41000,0,2.00000,2,,0.50000,1,1.00000,2,,,,-1.00000,-1,,,,-1.00000,-1,,,,-1,-1,,,,-1,-1,,2026-03-30 01:10:56.670,2026-03-30 01:10:56.670
40037,1,0,2026-03-29 09:33:23.818,2026-03-28 13:00:00.000,,SHW,Siu Ho Wan,小蠔灣,true,true,true,40183,20,Dosed Water,Dosed Water,"",投藥後水,6.96000,7,2.00000,2,,,,-1.00000,-1,,,,-1.00000,-1,,,,-1.00000,-1,,,,-1.00000,-1,,,,-1,-1,,,,-1,-1,,2026-03-30 01:10:56.670,2026-03-30 01:10:56.670
40034,5,2,2026-03-29 08:15:28.073,2026-03-28 22:00:00.000,,TO,Tai O,大澳,true,true,true,40171,100,Final Water,Final Water,"",食水,8.38000,8,2.00000,2,,0.17000,0,2.00000,2,,1.06000,1,2.00000,2,,0.50000,0,1.00000,2,,,,-1.00000,-1,,,,-1,-1,,,,-1,-1,,2026-03-30 01:10:56.670,2026-03-30 01:10:56.670
40034,5,2,2026-03-29 08:15:28.073,2026-03-28 22:00:00.000,,TO,Tai O,大澳,true,true,true,40167,20,Dosed Water,Dosed Water,"",投藥後水,6.50000,7,1.00000,2,,,,-1.00000,-1,,,,-1.00000,-1,,,,-1.00000,-1,,,,-1.00000,-1,,,,-1,-1,,,,-1,-1,,2026-03-30 01:10:56.670,2026-03-30 01:10:56.670
40038,4,0,2026-03-29 09:45:50.945,2026-03-29 09:00:00.000,,CS,Cheung Sha,長沙,true,true,true,40188,20,Dosed Water,Dosed Water,"",投藥後水,6.47000,7,2.00000,2,,,,-1.00000,-1,,0.82000,1,2.00000,2,,,,-1.00000,-1,,,,-1.00000,-1,,,,-1,-1,,,,-1,-1,,2026-03-30 01:10:56.670,2026-03-30 01:10:56.670
40040,5,2,2026-03-29 19:05:30.507,2026-03-29 10:00:00.000,,TO,Tai O,大澳,true,true,true,40198,20,Dosed Water,Dosed Water,"",投藥後水,6.49000,7,2.00000,2,,,,-1.00000,-1,,,,-1.00000,-1,,,,-1.00000,-1,,,,-1.00000,-1,,,,-1,-1,,,,-1,-1,,2026-03-31 01:11:18.817,2026-03-30 01:10:56.670
40041,1,0,2026-03-29 17:40:08.737,2026-03-28 21:00:00.000,,SHW,Siu Ho Wan,小蠔灣,true,true,true,40205,33,Clarified Water (A & B),Clarified Water (A & B),"",澄清後水 (A & B),6.87000,7,2.00000,2,,0.34000,0,2.00000,2,,0.50000,1,1.00000,2,,,,-1.00000,-1,,,,-1.00000,-1,,,,-1,-1,,,,-1,-1,,2026-03-30 01:10:56.670,2026-03-30 01:10:56.670
40041,1,0,2026-03-29 17:40:08.737,2026-03-28 21:00:00.000,,SHW,Siu Ho Wan,小蠔灣,true,true,true,40204,20,Dosed Water,Dosed Water,"",投藥後水,6.94000,7,2.00000,2,,,,-1.00000,-1,,,,-1.00000,-1,,,,-1.00000,-1,,,,-1.00000,-1,,,,-1,-1,,,,-1,-1,,2026-03-30 01:10:56.670,2026-03-30 01:10:56.670
40034,5,2,2026-03-29 08:15:28.073,2026-03-28 22:00:00.000,,TO,Tai O,大澳,true,true,true,40168,41,Filtered Water (1),Filtered Water,"1",過濾後水 (1),,,-1.00000,-1,,0.14000,0,2.00000,2,,,,-1.00000,-1,,,,-1.00000,-1,,,,-1.00000,-1,,,,-1,-1,,,,-1,-1,,2026-03-30 01:10:56.670,2026-03-30 01:10:56.670
40035,2,0,2026-03-29 06:33:16.852,2026-03-28 17:00:00.000,,SMB,Silver Mine Bay,銀鑛灣,true,true,true,40174,30,Clarified Water,Clarified Water,"",澄清後水,7.16000,7,2.00000,2,,0.14000,0,2.00000,2,,1.00000,1,0.00000,2,,,,-1.00000,-1,,,,-1.00000,-1,,,,-1,-1,,,,-1,-1,,2026-03-30 01:10:56.670,2026-03-30 01:10:56.670
40039,2,0,2026-03-29 10:10:13.929,2026-03-29 09:00:00.000,,SMB,Silver Mine Bay,銀鑛灣,true,true,true,40193,30,Clarified Water,Clarified Water,"",澄清後水,7.08000,7,2.00000,2,,0.18000,0,2.00000,2,,0.99000,1,2.00000,2,,,,-1.00000,-1,,,,-1.00000,-1,,,,-1,-1,,,,-1,-1,,2026-03-30 01:10:56.670,2026-03-30 01:10:56.670
40043,5,2,2026-03-30 07:55:45.401,2026-03-29 22:00:00.000,,TO,Tai O,大澳,true,true,true,40214,2,Raw Water (Shek Pik),Raw Water,Shek Pik,原水 (Shek Pik),6.71000,7,2.00000,2,,0.94000,1,2.00000,2,,,,-1.00000,-1,,,,-1.00000,-1,,,,-1.00000,-1,,,,-1,-1,,,,-1,-1,,2026-03-31 01:11:18.817,2026-03-31 01:11:18.817
40048,5,2,2026-03-30 18:48:33.269,2026-03-30 10:00:00.000,,TO,Tai O,大澳,true,true,true,40239,1,Raw Water (Yi O),Raw Water,Yi O,原水 (Yi O),0.00000,0,0.00000,0,,0.00000,0,0.00000,0,,,,-1.00000,-1,,,,-1.00000,-1,,,,-1.00000,-1,,,,-1,-1,,,,-1,-1,,2026-03-31 01:11:18.817,2026-03-31 01:11:18.817
40043,5,2,2026-03-30 07:55:45.401,2026-03-29 22:00:00.000,,TO,Tai O,大澳,true,true,true,40218,43,Filtered Water (3),Filtered Water,"3",過濾後水 (3),,,-1.00000,-1,,0.18000,0,2.00000,2,,,,-1.00000,-1,,,,-1.00000,-1,,,,-1.00000,-1,,,,-1,-1,,,,-1,-1,,2026-03-31 01:11:18.817,2026-03-31 01:11:18.817
40043,5,2,2026-03-30 07:55:45.401,2026-03-29 22:00:00.000,,TO,Tai O,大澳,true,true,true,40215,20,Dosed Water,Dosed Water,"",投藥後水,6.48000,6,2.00000,2,,,,-1.00000,-1,,,,-1.00000,-1,,,,-1.00000,-1,,,,-1.00000,-1,,,,-1,-1,,,,-1,-1,,2026-03-31 01:11:18.817,2026-03-31 01:11:18.817
40043,5,2,2026-03-30 07:55:45.401,2026-03-29 22:00:00.000,,TO,Tai O,大澳,true,true,true,40219,100,Final Water,Final Water,"",食水,8.31000,8,2.00000,2,,0.17000,0,2.00000,2,,1.05000,1,2.00000,2,,0.48000,0,2.00000,2,,,,-1.00000,-1,,,,-1,-1,,,,-1,-1,,2026-03-31 01:11:18.817,2026-03-31 01:11:18.817
40050,2,2,2026-04-01 09:51:39.904,2026-03-30 17:03:00.000,,SMB,Silver Mine Bay,銀鑛灣,true,true,true,40251,0,Raw Water,Raw Water,"",原水,7.20000,7,1.00000,2,,1.12000,1,2.00000,2,,,,-1.00000,-1,,,,-1.00000,-1,,,,-1.00000,-1,,,,-1,-1,,,,-1,-1,,2026-04-02 01:10:57.738,2026-03-31 01:11:18.817
40045,4,0,2026-03-30 09:04:28.474,2026-03-30 09:00:00.000,,CS,Cheung Sha,長沙,true,true,true,40228,100,Final Water,Final Water,"",食水,8.33000,8,2.00000,2,,0.08400,1,3.00000,1,,1.05000,1,2.00000,2,,0.51600,1,3.00000,2,,,,-1.00000,-1,,,,-1,-1,,,,-1,-1,,2026-03-31 01:11:18.817,2026-03-31 01:11:18.817
40045,4,0,2026-03-30 09:04:28.474,2026-03-30 09:00:00.000,,CS,Cheung Sha,長沙,true,true,true,40226,20,Dosed Water,Dosed Water,"",投藥後水,6.42000,7,2.00000,2,,,,-1.00000,-1,,0.90000,1,1.00000,2,,,,-1.00000,-1,,,,-1.00000,-1,,,,-1,-1,,,,-1,-1,,2026-03-31 01:11:18.817,2026-03-31 01:11:18.817
40048,5,2,2026-03-30 18:48:33.269,2026-03-30 10:00:00.000,,TO,Tai O,大澳,true,true,true,40245,100,Final Water,Final Water,"",食水,8.50000,9,1.00000,2,,0.13000,0,2.00000,2,,1.10000,1,1.00000,2,,0.50000,0,1.00000,2,,,,-1.00000,-1,,,,-1,-1,,,,-1,-1,,2026-03-31 01:11:18.817,2026-03-31 01:11:18.817
40046,1,0,2026-03-30 09:33:31.458,2026-03-29 13:00:00.000,,SHW,Siu Ho Wan,小蠔灣,true,true,true,40233,100,Final Water,Final Water,"",食水,8.26000,8,2.00000,2,,0.11000,0,2.00000,2,,0.99000,1,2.00000,2,,0.48000,0,2.00000,2,,,,-1.00000,-1,,,,-1,-1,,,,-1,-1,,2026-03-31 01:11:18.817,2026-03-31 01:11:18.817
40030,2,0,2026-03-28 11:12:08.510,2026-03-28 09:30:00.000,,SMB,Silver Mine Bay,銀鑛灣,true,true,true,40144,20,Dosed Water,Dosed Water,"",投藥後水,6.98000,7,2.00000,2,,,,-1.00000,-1,,,,-1.00000,-1,,,,-1.00000,-1,,,,-1.00000,-1,,,,-1,-1,,,,-1,-1,,2026-03-29 01:15:58.826,2026-03-29 01:15:58.826
40031,1,0,2026-03-28 12:49:26.340,2026-03-27 13:00:00.000,,SHW,Siu Ho Wan,小蠔灣,true,true,true,40152,100,Final Water,Final Water,"",食水,0.17000,0,2.00000,2,,8.57000,9,2.00000,2,,1.12000,1,2.00000,2,,0.50000,0,1.00000,2,,,,-1.00000,-1,,,,-1,-1,,,,-1,-1,,2026-03-29 01:15:58.826,2026-03-29 01:15:58.826
40027,3,0,2026-03-28 01:01:31.621,2026-03-28 01:00:00.000,,RH,Red Hill,紅山,true,true,true,40129,0,Raw Water,Raw Water,"",原水,1.09000,1,2.00000,2,,6.81000,7,2.00000,2,,,,-1.00000,-1,,,,-1.00000,-1,,,,-1.00000,-1,,,,-1,-1,,,,-1,-1,,2026-03-29 01:15:58.826,2026-03-29 01:15:58.826
40032,5,2,2026-03-28 20:17:47.042,2026-03-28 10:00:00.000,,TO,Tai O,大澳,true,true,true,40154,2,Raw Water (Shek Pik),Raw Water,Shek Pik,原水 (Shek Pik),6.57000,7,2.00000,2,,1.60000,2,1.00000,2,,,,-1.00000,-1,,,,-1.00000,-1,,,,-1.00000,-1,,,,-1,-1,,,,-1,-1,,2026-03-30 01:10:56.670,2026-03-29 01:15:58.826
40037,1,0,2026-03-29 09:33:23.818,2026-03-28 13:00:00.000,,SHW,Siu Ho Wan,小蠔灣,true,true,true,40182,0,Raw Water,Raw Water,"",原水,7.38000,8,2.00000,2,,1.51000,1,2.00000,2,,,,-1.00000,-1,,,,-1.00000,-1,,,,-1.00000,-1,,,,-1,-1,,,,-1,-1,,2026-03-30 01:10:56.670,2026-03-30 01:10:56.670
40039,2,0,2026-03-29 10:10:13.929,2026-03-29 09:00:00.000,,SMB,Silver Mine Bay,銀鑛灣,true,true,true,40195,100,Final Water,Final Water,"",食水,8.71000,9,2.00000,1,,0.31000,0,2.00000,2,,0.98000,1,2.00000,2,,0.50000,1,1.00000,2,,,,-1.00000,-1,,,,-1,-1,,,,-1,-1,,2026-03-30 01:10:56.670,2026-03-30 01:10:56.670
40040,5,2,2026-03-29 19:05:30.507,2026-03-29 10:00:00.000,,TO,Tai O,大澳,true,true,true,40202,100,Final Water,Final Water,"",食水,8.38000,8,2.00000,2,,0.17000,0,2.00000,2,,1.06000,1,2.00000,2,,0.50000,0,1.00000,2,,,,-1.00000,-1,,,,-1,-1,,,,-1,-1,,2026-03-31 01:11:18.817,2026-03-30 01:10:56.670
40036,2,0,2026-03-29 06:34:25.357,2026-03-29 00:00:00.000,,SMB,Silver Mine Bay,銀鑛灣,true,true,true,40181,100,Final Water,Final Water,"",食水,8.67000,9,2.00000,2,,0.30000,0,1.00000,2,,1.05000,1,2.00000,2,,0.47000,0,2.00000,2,,,,-1.00000,-1,,,,-1,-1,,,,-1,-1,,2026-03-30 01:10:56.670,2026-03-30 01:10:56.670
40038,4,0,2026-03-29 09:45:50.945,2026-03-29 09:00:00.000,,CS,Cheung Sha,長沙,true,true,true,40187,0,Raw Water,Raw Water,"",原水,6.54000,7,2.00000,2,,0.56000,1,2.00000,2,,,,-1.00000,-1,,,,-1.00000,-1,,,,-1.00000,-1,,,,-1,-1,,,,-1,-1,,2026-03-30 01:10:56.670,2026-03-30 01:10:56.670
40034,5,2,2026-03-29 08:15:28.073,2026-03-28 22:00:00.000,,TO,Tai O,大澳,true,true,true,40169,42,Filtered Water (2),Filtered Water,"2",過濾後水 (2),,,-1.00000,-1,,0.18000,0,2.00000,2,,,,-1.00000,-1,,,,-1.00000,-1,,,,-1.00000,-1,,,,-1,-1,,,,-1,-1,,2026-03-30 01:10:56.670,2026-03-30 01:10:56.670
40040,5,2,2026-03-29 19:05:30.507,2026-03-29 10:00:00.000,,TO,Tai O,大澳,true,true,true,40197,2,Raw Water (Shek Pik),Raw Water,Shek Pik,原水 (Shek Pik),6.68000,7,2.00000,2,,0.88000,1,2.00000,2,,,,-1.00000,-1,,,,-1.00000,-1,,,,-1.00000,-1,,,,-1,-1,,,,-1,-1,,2026-03-31 01:11:18.817,2026-03-30 01:10:56.670
40034,5,2,2026-03-29 08:15:28.073,2026-03-28 22:00:00.000,,TO,Tai O,大澳,true,true,true,40166,2,Raw Water (Shek Pik),Raw Water,Shek Pik,原水 (Shek Pik),6.63000,7,2.00000,2,,0.87000,1,2.00000,2,,,,-1.00000,-1,,,,-1.00000,-1,,,,-1.00000,-1,,,,-1,-1,,,,-1,-1,,2026-03-30 01:10:56.670,2026-03-30 01:10:56.670
40034,5,2,2026-03-29 08:15:28.073,2026-03-28 22:00:00.000,,TO,Tai O,大澳,true,true,true,40165,1,Raw Water (Yi O),Raw Water,Yi O,原水 (Yi O),0.00000,0,0.00000,0,,0.00000,0,0.00000,0,,,,-1.00000,-1,,,,-1.00000,-1,,,,-1.00000,-1,,,,-1,-1,,,,-1,-1,,2026-03-30 01:10:56.670,2026-03-30 01:10:56.670
40048,5,2,2026-03-30 18:48:33.269,2026-03-30 10:00:00.000,,TO,Tai O,大澳,true,true,true,40244,43,Filtered Water (3),Filtered Water,"3",過濾後水 (3),,,-1.00000,-1,,0.19000,0,2.00000,2,,,,-1.00000,-1,,,,-1.00000,-1,,,,-1.00000,-1,,,,-1,-1,,,,-1,-1,,2026-03-31 01:11:18.817,2026-03-31 01:11:18.817
40049,1,0,2026-03-30 18:18:18.117,2026-03-29 21:00:00.000,,SHW,Siu Ho Wan,小蠔灣,true,true,true,40247,20,Dosed Water,Dosed Water,"",投藥後水,6.97000,7,2.00000,2,,,,-1.00000,-1,,,,-1.00000,-1,,,,-1.00000,-1,,,,-1.00000,-1,,,,-1,-1,,,,-1,-1,,2026-03-31 01:11:18.817,2026-03-31 01:11:18.817
40044,2,2,2026-04-01 09:51:16.176,2026-03-30 00:30:00.000,,SMB,Silver Mine Bay,銀鑛灣,true,true,true,40220,0,Raw Water,Raw Water,"",原水,7.17000,7,2.00000,2,,1.20000,1,1.00000,2,,,,-1.00000,-1,,,,-1.00000,-1,,,,-1.00000,-1,,,,-1,-1,,,,-1,-1,,2026-04-02 01:10:57.738,2026-03-31 01:11:18.817
40047,2,2,2026-04-01 09:51:28.277,2026-03-30 09:00:00.000,,SMB,Silver Mine Bay,銀鑛灣,true,true,true,40238,100,Final Water,Final Water,"",食水,8.69000,9,2.00000,2,,0.41000,0,2.00000,2,,0.93000,1,2.00000,2,,0.46000,0,2.00000,2,,,,-1.00000,-1,,,,-1,-1,,,,-1,-1,,2026-04-02 01:10:57.738,2026-03-31 01:11:18.817
40047,2,2,2026-04-01 09:51:28.277,2026-03-30 09:00:00.000,,SMB,Silver Mine Bay,銀鑛灣,true,true,true,40234,0,Raw Water,Raw Water,"",原水,7.22000,7,2.00000,2,,1.19000,1,2.00000,2,,,,-1.00000,-1,,,,-1.00000,-1,,,,-1.00000,-1,,,,-1,-1,,,,-1,-1,,2026-04-02 01:10:57.738,2026-03-31 01:11:18.817
40047,2,2,2026-04-01 09:51:28.277,2026-03-30 09:00:00.000,,SMB,Silver Mine Bay,銀鑛灣,true,true,true,40235,20,Dosed Water,Dosed Water,"",投藥後水,7.02000,7,2.00000,2,,,,-1.00000,-1,,,,-1.00000,-1,,,,-1.00000,-1,,,,-1.00000,-1,,,,-1,-1,,,,-1,-1,,2026-04-02 01:10:57.738,2026-03-31 01:11:18.817
40043,5,2,2026-03-30 07:55:45.401,2026-03-29 22:00:00.000,,TO,Tai O,大澳,true,true,true,40216,41,Filtered Water (1),Filtered Water,"1",過濾後水 (1),,,-1.00000,-1,,0.15000,0,2.00000,2,,,,-1.00000,-1,,,,-1.00000,-1,,,,-1.00000,-1,,,,-1,-1,,,,-1,-1,,2026-03-31 01:11:18.817,2026-03-31 01:11:18.817
40045,4,0,2026-03-30 09:04:28.474,2026-03-30 09:00:00.000,,CS,Cheung Sha,長沙,true,true,true,40227,40,Filtered Water,Filtered Water,"",過濾後水,,,-1.00000,-1,,0.08600,0,3.00000,2,,0.60000,1,1.00000,2,,,,-1.00000,-1,,,,-1.00000,-1,,,,-1,-1,,,,-1,-1,,2026-03-31 01:11:18.817,2026-03-31 01:11:18.817
40048,5,2,2026-03-30 18:48:33.269,2026-03-30 10:00:00.000,,TO,Tai O,大澳,true,true,true,40240,2,Raw Water (Shek Pik),Raw Water,Shek Pik,原水 (Shek Pik),6.65000,7,2.00000,2,,0.80000,1,1.00000,2,,,,-1.00000,-1,,,,-1.00000,-1,,,,-1.00000,-1,,,,-1,-1,,,,-1,-1,,2026-03-31 01:11:18.817,2026-03-31 01:11:18.817
40058,2,2,2026-04-01 09:52:14.624,2026-03-31 17:00:00.000,,SMB,Silver Mine Bay,銀鑛灣,true,true,true,40290,20,Dosed Water,Dosed Water,"",投藥後水,6.63000,7,2.00000,1,,,,-1.00000,-1,,,,-1.00000,-1,,,,-1.00000,-1,,,,-1.00000,-1,,,,-1,-1,,,,-1,-1,,2026-04-02 01:10:57.738,2026-04-01 01:10:50.548
40058,2,2,2026-04-01 09:52:14.624,2026-03-31 17:00:00.000,,SMB,Silver Mine Bay,銀鑛灣,true,true,true,40289,0,Raw Water,Raw Water,"",原水,6.62000,7,2.00000,2,,1.00000,1,0.00000,2,,,,-1.00000,-1,,,,-1.00000,-1,,,,-1.00000,-1,,,,-1,-1,,,,-1,-1,,2026-04-02 01:10:57.738,2026-04-01 01:10:50.548
40059,5,2,2026-03-31 19:34:50.622,2026-03-31 11:00:00.000,,TO,Tai O,大澳,true,true,true,40299,43,Filtered Water (3),Filtered Water,"3",過濾後水 (3),,,-1.00000,-1,,0.16000,0,2.00000,2,,,,-1.00000,-1,,,,-1.00000,-1,,,,-1.00000,-1,,,,-1,-1,,,,-1,-1,,2026-04-02 01:10:57.738,2026-04-01 01:10:50.548
40051,3,0,2026-03-31 01:36:45.101,2026-03-30 17:00:00.000,,RH,Red Hill,紅山,true,true,true,40257,20,Dosed Water,Dosed Water,"",投藥後水,6.71000,7,2.00000,2,,,,-1.00000,-1,,0.84000,1,2.00000,2,,,,-1.00000,-1,,,,-1.00000,-1,,,,-1,-1,,,,-1,-1,,2026-04-01 01:10:50.548,2026-04-01 01:10:50.548
40052,2,2,2026-04-01 09:51:51.961,2026-03-31 01:00:00.000,,SMB,Silver Mine Bay,銀鑛灣,true,true,true,40262,20,Dosed Water,Dosed Water,"",投藥後水,6.89000,7,2.00000,1,,,,-1.00000,-1,,,,-1.00000,-1,,,,-1.00000,-1,,,,-1.00000,-1,,,,-1,-1,,,,-1,-1,,2026-04-02 01:10:57.738,2026-04-01 01:10:50.548
40054,1,0,2026-03-31 09:17:11.483,2026-03-30 13:00:00.000,,SHW,Siu Ho Wan,小蠔灣,true,true,true,40274,100,Final Water,Final Water,"",食水,8.23000,8,2.00000,2,,0.15000,0,2.00000,2,,1.10000,1,1.00000,2,,0.47000,0,2.00000,2,,,,-1.00000,-1,,,,-1,-1,,,,-1,-1,,2026-04-01 01:10:50.548,2026-04-01 01:10:50.548
40056,4,2,2026-03-31 17:34:56.118,2026-03-31 17:00:00.000,,CS,Cheung Sha,長沙,true,true,true,40281,20,Dosed Water,Dosed Water,"",投藥後水,6.43000,7,2.00000,2,,,,-1.00000,-1,,0.82000,1,2.00000,2,,,,-1.00000,-1,,,,-1.00000,-1,,,,-1,-1,,,,-1,-1,,2026-04-01 01:10:50.548,2026-04-01 01:10:50.548
40057,1,0,2026-03-31 17:42:31.876,2026-03-30 21:00:00.000,,SHW,Siu Ho Wan,小蠔灣,true,true,true,40288,100,Final Water,Final Water,"",食水,8.23000,8,2.00000,2,,0.12000,0,2.00000,2,,0.89000,1,2.00000,1,,0.45000,0,2.00000,2,,,,-1.00000,-1,,,,-1,-1,,,,-1,-1,,2026-04-01 01:10:50.548,2026-04-01 01:10:50.548
40052,2,2,2026-04-01 09:51:51.961,2026-03-31 01:00:00.000,,SMB,Silver Mine Bay,銀鑛灣,true,true,true,40263,30,Clarified Water,Clarified Water,"",澄清後水,7.03000,7,2.00000,2,,0.19000,0,2.00000,2,,0.93000,1,2.00000,2,,,,-1.00000,-1,,,,-1.00000,-1,,,,-1,-1,,,,-1,-1,,2026-04-02 01:10:57.738,2026-04-01 01:10:50.548
40056,4,2,2026-03-31 17:34:56.118,2026-03-31 17:00:00.000,,CS,Cheung Sha,長沙,true,true,true,40282,40,Filtered Water,Filtered Water,"",過濾後水,,,-1.00000,-1,,0.08800,0,3.00000,3,,0.58000,1,2.00000,2,,,,-1.00000,-1,,,,-1.00000,-1,,,,-1,-1,,,,-1,-1,,2026-04-01 01:10:50.548,2026-04-01 01:10:50.548
40068,5,1,2026-04-01 19:47:14.096,2026-04-01 10:00:00.000,,TO,Tai O,大澳,true,true,true,40339,2,Raw Water (Shek Pik),Raw Water,Shek Pik,原水 (Shek Pik),6.86000,7,2.00000,2,,1.35000,1,2.00000,2,,,,-1.00000,-1,,,,-1.00000,-1,,,,-1.00000,-1,,,,-1,-1,,,,-1,-1,,2026-04-04 01:10:55.438,2026-04-02 01:10:57.738
40063,2,2,2026-04-01 09:57:31.616,2026-04-01 09:00:00.000,,SMB,Silver Mine Bay,銀鑛灣,true,true,true,40318,40,Filtered Water,Filtered Water,"",過濾後水,,,-1.00000,-1,,0.10000,0,1.00000,2,,0.64000,1,2.00000,2,,,,-1.00000,-1,,,,-1.00000,-1,,,,-1,-1,,,,-1,-1,,2026-04-02 01:10:57.738,2026-04-02 01:10:57.738
40060,2,1,2026-04-01 09:52:24.806,2026-04-01 07:00:00.000,,SMB,Silver Mine Bay,銀鑛灣,true,true,true,40301,0,Raw Water,Raw Water,"",原水,6.66000,7,2.00000,2,,1.00000,1,0.00000,2,,,,-1.00000,-1,,,,-1.00000,-1,,,,-1.00000,-1,,,,-1,-1,,,,-1,-1,,2026-04-02 01:10:57.738,2026-04-02 01:10:57.738
40076,2,2,2026-04-03 13:21:08.119,2026-04-02 13:00:00.000,,SMB,Silver Mine Bay,銀鑛灣,true,true,true,40379,20,Dosed Water,Dosed Water,"",投藥後水,6.67000,7,2.00000,2,,,,-1.00000,-1,,,,-1.00000,-1,,,,-1.00000,-1,,,,-1.00000,-1,,,,-1,-1,,,,-1,-1,,2026-04-04 01:10:55.438,2026-04-04 01:10:55.438
40084,1,0,2026-04-03 09:47:48.918,2026-04-02 13:00:00.000,,SHW,Siu Ho Wan,小蠔灣,true,true,true,40417,0,Raw Water,Raw Water,"",原水,7.46000,7,2.00000,2,,0.75000,1,2.00000,0,,,,-1.00000,-1,,,,-1.00000,-1,,,,-1.00000,-1,,,,-1,-1,,,,-1,-1,,2026-04-04 01:10:55.438,2026-04-04 01:10:55.438
40123,5,2,2026-04-06 09:15:53.121,2026-04-05 22:00:00.000,,TO,Tai O,大澳,true,true,true,40614,1,Raw Water (Yi O),Raw Water,Yi O,原水 (Yi O),0.00000,0,0.00000,0,,0.00000,0,0.00000,0,,,,-1.00000,-1,,,,-1.00000,-1,,,,-1.00000,-1,,,,-1,-1,,,,-1,-1,,2026-04-07 01:10:45.221,2026-04-07 01:10:45.221
40086,2,1,2026-04-03 13:23:04.375,2026-04-03 08:00:00.000,,SMB,Silver Mine Bay,銀鑛灣,true,true,true,40427,0,Raw Water,Raw Water,"",原水,6.75000,7,2.00000,1,,0.72000,1,2.00000,2,,,,-1.00000,-1,,,,-1.00000,-1,,,,-1.00000,-1,,,,-1,-1,,,,-1,-1,,2026-04-04 01:10:55.438,2026-04-04 01:10:55.438
40086,2,1,2026-04-03 13:23:04.375,2026-04-03 08:00:00.000,,SMB,Silver Mine Bay,銀鑛灣,true,true,true,40431,100,Final Water,Final Water,"",食水,8.61000,9,2.00000,2,,0.16000,0,2.00000,2,,0.89000,1,2.00000,2,,0.46000,0,2.00000,2,,,,-1.00000,-1,,,,-1,-1,,,,-1,-1,,2026-04-04 01:10:55.438,2026-04-04 01:10:55.438
40075,3,1,2026-04-02 12:00:39.729,2026-04-02 09:00:00.000,,RH,Red Hill,紅山,true,true,true,40373,0,Raw Water,Raw Water,"",原水,6.93000,7,2.00000,2,,1.19000,1,2.00000,2,,,,-1.00000,-1,,,,-1.00000,-1,,,,-1.00000,-1,,,,-1,-1,,,,-1,-1,,2026-04-04 01:10:55.438,2026-04-04 01:10:55.438
40075,3,1,2026-04-02 12:00:39.729,2026-04-02 09:00:00.000,,RH,Red Hill,紅山,true,true,true,40377,100,Final Water,Final Water,"",食水,8.55000,9,2.00000,2,,0.15000,0,2.00000,2,,1.11000,1,2.00000,2,,0.51000,0,2.00000,2,,,,-1.00000,-1,,,,-1,-1,,,,-1,-1,,2026-04-04 01:10:55.438,2026-04-04 01:10:55.438
40072,3,0,2026-04-02 08:42:06.308,2026-04-02 01:00:00.000,,RH,Red Hill,紅山,true,true,true,40359,0,Raw Water,Raw Water,"",原水,6.80000,7,1.00000,2,,1.10000,1,1.00000,2,,,,-1.00000,-1,,,,-1.00000,-1,,,,-1.00000,-1,,,,-1,-1,,,,-1,-1,,2026-04-04 01:10:55.438,2026-04-04 01:10:55.438
40079,3,2,2026-04-14 10:13:40.538,2026-04-02 17:00:00.000,,RH,Red Hill,紅山,true,true,true,40395,20,Dosed Water,Dosed Water,"",投藥後水,6.92000,7,2.00000,2,,,,-1.00000,-1,,0.90000,1,1.00000,2,,,,-1.00000,-1,,,,-1.00000,-1,,,,-1,-1,,,,-1,-1,,2026-04-15 01:10:58.338,2026-04-04 01:10:55.438
40079,3,2,2026-04-14 10:13:40.538,2026-04-02 17:00:00.000,,RH,Red Hill,紅山,true,true,true,40394,0,Raw Water,Raw Water,"",原水,7.05000,7,2.00000,2,,1.13000,1,2.00000,2,,,,-1.00000,-1,,,,-1.00000,-1,,,,-1.00000,-1,,,,-1,-1,,,,-1,-1,,2026-04-15 01:10:58.338,2026-04-04 01:10:55.438
40090,4,2,2026-04-03 22:55:32.970,2026-04-03 17:00:00.000,,CS,Cheung Sha,長沙,true,true,true,40452,100,Final Water,Final Water,"",食水,8.57000,9,2.00000,1,,0.06800,0,3.00000,3,,1.02000,1,2.00000,2,,0.48000,0,2.00000,2,,,,-1.00000,-1,,,,-1,-1,,,,-1,-1,,2026-04-05 01:14:44.427,2026-04-04 01:10:55.438
40090,4,2,2026-04-03 22:55:32.970,2026-04-03 17:00:00.000,,CS,Cheung Sha,長沙,true,true,true,40449,0,Raw Water,Raw Water,"",原水,6.92000,7,2.00000,0,,0.74500,1,3.00000,3,,,,-1.00000,-1,,,,-1.00000,-1,,,,-1.00000,-1,,,,-1,-1,,,,-1,-1,,2026-04-05 01:14:44.427,2026-04-04 01:10:55.438
40089,2,2,2026-04-04 06:38:41.329,2026-04-03 18:00:00.000,,SMB,Silver Mine Bay,銀鑛灣,true,true,true,40445,20,Dosed Water,Dosed Water,"",投藥後水,6.52000,7,2.00000,2,,,,-1.00000,-1,,,,-1.00000,-1,,,,-1.00000,-1,,,,-1.00000,-1,,,,-1,-1,,,,-1,-1,,2026-04-05 01:14:44.427,2026-04-04 01:10:55.438
40083,4,2,2026-04-03 09:44:59.509,2026-04-03 09:00:00.000,,CS,Cheung Sha,長沙,true,true,true,40414,20,Dosed Water,Dosed Water,"",投藥後水,6.65000,7,2.00000,2,,,,-1.00000,-1,,0.92000,1,2.00000,2,,,,-1.00000,-1,,,,-1.00000,-1,,,,-1,-1,,,,-1,-1,,2026-04-04 01:10:55.438,2026-04-04 01:10:55.438
40088,5,1,2026-04-03 20:12:07.473,2026-04-03 11:00:00.000,,TO,Tai O,大澳,true,true,true,40439,20,Dosed Water,Dosed Water,"",投藥後水,6.48000,6,2.00000,2,,,,-1.00000,-1,,,,-1.00000,-1,,,,-1.00000,-1,,,,-1.00000,-1,,,,-1,-1,,,,-1,-1,,2026-04-04 01:10:55.438,2026-04-04 01:10:55.438
40069,2,2,2026-04-02 06:36:27.071,2026-04-01 21:00:00.000,,SMB,Silver Mine Bay,銀鑛灣,true,true,true,40345,0,Raw Water,Raw Water,"",原水,6.73000,7,2.00000,2,,1.24000,1,2.00000,2,,,,-1.00000,-1,,,,-1.00000,-1,,,,-1.00000,-1,,,,-1,-1,,,,-1,-1,,2026-04-04 01:10:55.438,2026-04-04 01:10:55.438
40074,1,0,2026-04-02 11:04:27.199,2026-04-01 13:00:00.000,,SHW,Siu Ho Wan,小蠔灣,true,true,true,40372,100,Final Water,Final Water,"",食水,8.44000,9,2.00000,2,,0.14000,0,2.00000,2,,0.97000,1,2.00000,2,,0.48000,0,2.00000,2,,,,-1.00000,-1,,,,-1,-1,,,,-1,-1,,2026-04-04 01:10:55.438,2026-04-04 01:10:55.438
40081,2,2,2026-04-03 13:21:35.726,2026-04-03 01:00:00.000,,SMB,Silver Mine Bay,銀鑛灣,true,true,true,40405,20,Dosed Water,Dosed Water,"",投藥後水,6.68000,7,2.00000,2,,,,-1.00000,-1,,,,-1.00000,-1,,,,-1.00000,-1,,,,-1.00000,-1,,,,-1,-1,,,,-1,-1,,2026-04-04 01:10:55.438,2026-04-04 01:10:55.438
40087,1,0,2026-04-03 17:16:13.558,2026-04-02 21:00:00.000,,SHW,Siu Ho Wan,小蠔灣,true,true,true,40436,100,Final Water,Final Water,"",食水,0.12000,0,2.00000,2,,8.25000,8,2.00000,1,,0.98000,1,2.00000,0,,45.00000,45,0.00000,0,,,,-1.00000,-1,,,,-1,-1,,,,-1,-1,,2026-04-04 01:10:55.438,2026-04-04 01:10:55.438
40080,2,2,2026-04-03 13:21:20.035,2026-04-02 16:58:00.000,,SMB,Silver Mine Bay,銀鑛灣,true,true,true,40401,30,Clarified Water,Clarified Water,"",澄清後水,6.88000,7,2.00000,2,,0.18000,0,2.00000,2,,0.98000,1,2.00000,2,,,,-1.00000,-1,,,,-1.00000,-1,,,,-1,-1,,,,-1,-1,,2026-04-04 01:10:55.438,2026-04-04 01:10:55.438
40095,3,1,2026-04-04 06:52:11.100,2026-04-04 01:00:00.000,,RH,Red Hill,紅山,true,true,true,40475,44,Filtered Water (1-2),Filtered Water,"1-2",過濾後水 (1-2),,,-1.00000,-1,,0.10000,0,1.00000,2,,0.60000,1,1.00000,2,,,,-1.00000,-1,,,,-1.00000,-1,,,,-1,-1,,,,-1,-1,,2026-04-05 01:14:44.427,2026-04-05 01:14:44.427
40091,3,1,2026-04-04 06:17:04.795,2026-04-03 17:00:00.000,,RH,Red Hill,紅山,true,true,true,40455,44,Filtered Water (1-2),Filtered Water,"1-2",過濾後水 (1-2),,,-1.00000,-1,,0.11000,0,2.00000,2,,0.50000,1,1.00000,2,,,,-1.00000,-1,,,,-1.00000,-1,,,,-1,-1,,,,-1,-1,,2026-04-05 01:14:44.427,2026-04-05 01:14:44.427
40101,3,2,2026-04-04 13:02:49.864,2026-04-04 09:00:00.000,,RH,Red Hill,紅山,true,true,true,40505,44,Filtered Water (1-2),Filtered Water,"1-2",過濾後水 (1-2),,,-1.00000,-1,,0.08000,0,2.00000,2,,0.63000,1,2.00000,2,,,,-1.00000,-1,,,,-1.00000,-1,,,,-1,-1,,,,-1,-1,,2026-04-05 01:14:44.427,2026-04-05 01:14:44.427
40103,4,2,2026-04-04 18:49:33.338,2026-04-04 17:00:00.000,,CS,Cheung Sha,長沙,true,true,true,40515,40,Filtered Water,Filtered Water,"",過濾後水,,,-1.00000,-1,,0.08700,0,3.00000,2,,0.48000,1,2.00000,2,,,,-1.00000,-1,,,,-1.00000,-1,,,,-1,-1,,,,-1,-1,,2026-04-05 01:14:44.427,2026-04-05 01:14:44.427
40093,2,1,2026-04-04 06:38:29.799,2026-04-04 00:30:00.000,,SMB,Silver Mine Bay,銀鑛灣,true,true,true,40466,40,Filtered Water,Filtered Water,"",過濾後水,,,-1.00000,-1,,0.08000,0,2.00000,2,,0.59000,1,2.00000,2,,,,-1.00000,-1,,,,-1.00000,-1,,,,-1,-1,,,,-1,-1,,2026-04-05 01:14:44.427,2026-04-05 01:14:44.427
40095,3,1,2026-04-04 06:52:11.100,2026-04-04 01:00:00.000,,RH,Red Hill,紅山,true,true,true,40473,0,Raw Water,Raw Water,"",原水,6.96000,7,2.00000,2,,1.16000,2,2.00000,2,,,,-1.00000,-1,,,,-1.00000,-1,,,,-1.00000,-1,,,,-1,-1,,,,-1,-1,,2026-04-05 01:14:44.427,2026-04-05 01:14:44.427
40091,3,1,2026-04-04 06:17:04.795,2026-04-03 17:00:00.000,,RH,Red Hill,紅山,true,true,true,40453,0,Raw Water,Raw Water,"",原水,6.90000,7,1.00000,2,,1.39000,1,2.00000,1,,,,-1.00000,-1,,,,-1.00000,-1,,,,-1.00000,-1,,,,-1,-1,,,,-1,-1,,2026-04-05 01:14:44.427,2026-04-05 01:14:44.427
40102,1,0,2026-04-04 17:43:30.221,2026-04-03 21:00:00.000,,SHW,Siu Ho Wan,小蠔灣,true,true,true,40510,33,Clarified Water (A & B),Clarified Water (A & B),"",澄清後水 (A & B),6.99000,7,2.00000,2,,0.41000,0,2.00000,2,,0.76000,1,2.00000,2,,,,-1.00000,-1,,,,-1.00000,-1,,,,-1,-1,,,,-1,-1,,2026-04-05 01:14:44.427,2026-04-05 01:14:44.427
40105,3,2,2026-04-04 19:39:24.839,2026-04-04 17:00:00.000,,RH,Red Hill,紅山,true,true,true,40525,20,Dosed Water,Dosed Water,"",投藥後水,6.85000,7,2.00000,2,,,,-1.00000,-1,,0.89000,1,2.00000,2,,,,-1.00000,-1,,,,-1.00000,-1,,,,-1,-1,,,,-1,-1,,2026-04-05 01:14:44.427,2026-04-05 01:14:44.427
40105,3,2,2026-04-04 19:39:24.839,2026-04-04 17:00:00.000,,RH,Red Hill,紅山,true,true,true,40528,100,Final Water,Final Water,"",食水,0.10000,0,1.00000,2,,8.47000,9,2.00000,1,,1.09000,1,2.00000,2,,0.49000,0,2.00000,2,,,,-1.00000,-1,,,,-1,-1,,,,-1,-1,,2026-04-05 01:14:44.427,2026-04-05 01:14:44.427
40104,5,2,2026-04-04 20:58:32.364,2026-04-04 10:00:00.000,,TO,Tai O,大澳,true,true,true,40522,43,Filtered Water (3),Filtered Water,"3",過濾後水 (3),,,-1.00000,-1,,0.16000,0,2.00000,2,,,,-1.00000,-1,,,,-1.00000,-1,,,,-1.00000,-1,,,,-1,-1,,,,-1,-1,,2026-04-05 01:14:44.427,2026-04-05 01:14:44.427
40098,4,2,2026-04-04 09:39:23.423,2026-04-04 09:00:00.000,,CS,Cheung Sha,長沙,true,true,true,40490,20,Dosed Water,Dosed Water,"",投藥後水,6.69000,7,2.00000,2,,,,-1.00000,-1,,0.80000,1,1.00000,2,,,,-1.00000,-1,,,,-1.00000,-1,,,,-1,-1,,,,-1,-1,,2026-04-05 01:14:44.427,2026-04-05 01:14:44.427
40100,1,0,2026-04-04 11:58:26.684,2026-04-03 13:00:00.000,,SHW,Siu Ho Wan,小蠔灣,true,true,true,40502,100,Final Water,Final Water,"",食水,8.41000,8,2.00000,1,,0.12000,0,2.00000,2,,1.12000,1,2.00000,1,,0.48000,0,2.00000,2,,,,-1.00000,-1,,,,-1,-1,,,,-1,-1,,2026-04-05 01:14:44.427,2026-04-05 01:14:44.427
40100,1,0,2026-04-04 11:58:26.684,2026-04-03 13:00:00.000,,SHW,Siu Ho Wan,小蠔灣,true,true,true,40499,20,Dosed Water,Dosed Water,"",投藥後水,6.83000,7,2.00000,2,,,,-1.00000,-1,,,,-1.00000,-1,,,,-1.00000,-1,,,,-1.00000,-1,,,,-1,-1,,,,-1,-1,,2026-04-05 01:14:44.427,2026-04-05 01:14:44.427
40106,2,-1,2026-04-04 13:17:15.918,2026-04-04 17:00:00.000,,SMB,Silver Mine Bay,銀鑛灣,true,true,true,40533,100,Final Water,Final Water,"",食水,6.70000,9,1.00000,2,,0.18000,0,2.00000,2,,1.08000,1,2.00000,2,,0.48000,0,2.00000,2,,,,-1.00000,-1,,,,-1,-1,,,,-1,-1,,2026-04-05 01:14:44.427,2026-04-05 01:14:44.427
40060,2,1,2026-04-01 09:52:24.806,2026-04-01 07:00:00.000,,SMB,Silver Mine Bay,銀鑛灣,true,true,true,40305,100,Final Water,Final Water,"",食水,8.63000,9,2.00000,1,,0.26000,0,2.00000,2,,0.97000,1,2.00000,0,,0.46000,0,2.00000,2,,,,-1.00000,-1,,,,-1,-1,,,,-1,-1,,2026-04-02 01:10:57.738,2026-04-02 01:10:57.738
40065,1,0,2026-04-01 13:42:17.473,2026-03-31 13:00:00.000,,SHW,Siu Ho Wan,小蠔灣,true,true,true,40326,33,Clarified Water (A & B),Clarified Water (A & B),"",澄清後水 (A & B),6.90000,7,1.00000,2,,0.29000,0,2.00000,2,,1.20000,1,1.00000,2,,,,-1.00000,-1,,,,-1.00000,-1,,,,-1,-1,,,,-1,-1,,2026-04-02 01:10:57.738,2026-04-02 01:10:57.738
40067,1,0,2026-04-01 17:35:01.220,2026-03-31 21:00:00.000,,SHW,Siu Ho Wan,小蠔灣,true,true,true,40333,0,Raw Water,Raw Water,"",原水,7.37000,7,2.00000,2,,1.89000,1,2.00000,2,,,,-1.00000,-1,,,,-1.00000,-1,,,,-1.00000,-1,,,,-1,-1,,,,-1,-1,,2026-04-02 01:10:57.738,2026-04-02 01:10:57.738
40067,1,0,2026-04-01 17:35:01.220,2026-03-31 21:00:00.000,,SHW,Siu Ho Wan,小蠔灣,true,true,true,40334,20,Dosed Water,Dosed Water,"",投藥後水,6.85000,7,2.00000,2,,,,-1.00000,-1,,,,-1.00000,-1,,,,-1.00000,-1,,,,-1.00000,-1,,,,-1,-1,,,,-1,-1,,2026-04-02 01:10:57.738,2026-04-02 01:10:57.738
40066,4,2,2026-04-01 17:15:20.476,2026-04-01 17:00:00.000,,CS,Cheung Sha,長沙,true,true,true,40331,40,Filtered Water,Filtered Water,"",過濾後水,,,-1.00000,-1,,0.09600,0,3.00000,2,,0.49000,0,2.00000,2,,,,-1.00000,-1,,,,-1.00000,-1,,,,-1,-1,,,,-1,-1,,2026-04-02 01:10:57.738,2026-04-02 01:10:57.738
40068,5,1,2026-04-01 19:47:14.096,2026-04-01 10:00:00.000,,TO,Tai O,大澳,true,true,true,40341,41,Filtered Water (1),Filtered Water,"1",過濾後水 (1),,,-1.00000,-1,,0.15000,0,2.00000,2,,,,-1.00000,-1,,,,-1.00000,-1,,,,-1.00000,-1,,,,-1,-1,,,,-1,-1,,2026-04-04 01:10:55.438,2026-04-02 01:10:57.738
40064,4,1,2026-04-01 10:00:07.830,2026-04-01 09:00:00.000,,CS,Cheung Sha,長沙,true,true,true,40322,40,Filtered Water,Filtered Water,"",過濾後水,,,-1.00000,-1,,0.07200,0,3.00000,3,,0.49000,1,2.00000,2,,,,-1.00000,-1,,,,-1.00000,-1,,,,-1,-1,,,,-1,-1,,2026-04-02 01:10:57.738,2026-04-02 01:10:57.738
40067,1,0,2026-04-01 17:35:01.220,2026-03-31 21:00:00.000,,SHW,Siu Ho Wan,小蠔灣,true,true,true,40336,40,Filtered Water,Filtered Water,"",過濾後水,,,-1.00000,-1,,0.11000,0,2.00000,2,,0.72000,1,2.00000,2,,,,-1.00000,-1,,,,-1.00000,-1,,,,-1,-1,,,,-1,-1,,2026-04-02 01:10:57.738,2026-04-02 01:10:57.738
40062,3,2,2026-04-04 06:22:28.245,2026-04-01 01:00:00.000,,RH,Red Hill,紅山,true,true,true,40313,45,Filtered Water (3-4),Filtered Water,"3-4",過濾後水 (3-4),,,-1.00000,-1,,0.10000,0,1.00000,2,,0.52000,1,2.00000,2,,,,-1.00000,-1,,,,-1.00000,-1,,,,-1,-1,,,,-1,-1,,2026-04-05 01:14:44.427,2026-04-02 01:10:57.738
40076,2,2,2026-04-03 13:21:08.119,2026-04-02 13:00:00.000,,SMB,Silver Mine Bay,銀鑛灣,true,true,true,40381,40,Filtered Water,Filtered Water,"",過濾後水,,,-1.00000,-1,,0.12000,0,2.00000,2,,0.70000,1,1.00000,2,,,,-1.00000,-1,,,,-1.00000,-1,,,,-1,-1,,,,-1,-1,,2026-04-04 01:10:55.438,2026-04-04 01:10:55.438
40078,5,2,2026-04-02 19:34:18.651,2026-04-02 10:00:00.000,,TO,Tai O,大澳,true,true,true,40391,42,Filtered Water (2),Filtered Water,"2",過濾後水 (2),,,-1.00000,-1,,0.16000,0,2.00000,2,,,,-1.00000,-1,,,,-1.00000,-1,,,,-1.00000,-1,,,,-1,-1,,,,-1,-1,,2026-04-04 01:10:55.438,2026-04-04 01:10:55.438
40078,5,2,2026-04-02 19:34:18.651,2026-04-02 10:00:00.000,,TO,Tai O,大澳,true,true,true,40390,41,Filtered Water (1),Filtered Water,"1",過濾後水 (1),,,-1.00000,-1,,0.15000,0,2.00000,2,,,,-1.00000,-1,,,,-1.00000,-1,,,,-1.00000,-1,,,,-1,-1,,,,-1,-1,,2026-04-04 01:10:55.438,2026-04-04 01:10:55.438
40081,2,2,2026-04-03 13:21:35.726,2026-04-03 01:00:00.000,,SMB,Silver Mine Bay,銀鑛灣,true,true,true,40407,40,Filtered Water,Filtered Water,"",過濾後水,,,-1.00000,-1,,0.11000,0,2.00000,2,,0.71000,1,2.00000,2,,,,-1.00000,-1,,,,-1.00000,-1,,,,-1,-1,,,,-1,-1,,2026-04-04 01:10:55.438,2026-04-04 01:10:55.438
40078,5,2,2026-04-02 19:34:18.651,2026-04-02 10:00:00.000,,TO,Tai O,大澳,true,true,true,40388,2,Raw Water (Shek Pik),Raw Water,Shek Pik,原水 (Shek Pik),6.78000,7,2.00000,2,,1.71000,1,2.00000,2,,,,-1.00000,-1,,,,-1.00000,-1,,,,-1.00000,-1,,,,-1,-1,,,,-1,-1,,2026-04-04 01:10:55.438,2026-04-04 01:10:55.438
40084,1,0,2026-04-03 09:47:48.918,2026-04-02 13:00:00.000,,SHW,Siu Ho Wan,小蠔灣,true,true,true,40418,20,Dosed Water,Dosed Water,"",投藥後水,6.98000,7,2.00000,1,,,,-1.00000,-1,,,,-1.00000,-1,,,,-1.00000,-1,,,,-1.00000,-1,,,,-1,-1,,,,-1,-1,,2026-04-04 01:10:55.438,2026-04-04 01:10:55.438
40071,4,2,2026-04-02 07:14:32.729,2026-04-02 01:00:00.000,,CS,Cheung Sha,長沙,true,true,true,40356,20,Dosed Water,Dosed Water,"",投藥後水,6.74000,7,2.00000,2,,,,-1.00000,-1,,0.82000,1,2.00000,2,,,,-1.00000,-1,,,,-1.00000,-1,,,,-1,-1,,,,-1,-1,,2026-04-04 01:10:55.438,2026-04-04 01:10:55.438
40071,4,2,2026-04-02 07:14:32.729,2026-04-02 01:00:00.000,,CS,Cheung Sha,長沙,true,true,true,40355,0,Raw Water,Raw Water,"",原水,7.04000,7,2.00000,2,,0.89500,1,3.00000,1,,,,-1.00000,-1,,,,-1.00000,-1,,,,-1.00000,-1,,,,-1,-1,,,,-1,-1,,2026-04-04 01:10:55.438,2026-04-04 01:10:55.438
40079,3,2,2026-04-14 10:13:40.538,2026-04-02 17:00:00.000,,RH,Red Hill,紅山,true,true,true,40398,100,Final Water,Final Water,"",食水,8.60000,9,1.00000,2,,0.15000,0,2.00000,2,,1.08000,1,2.00000,2,,0.49000,1,2.00000,2,,,,-1.00000,-1,,,,-1,-1,,,,-1,-1,,2026-04-15 01:10:58.338,2026-04-04 01:10:55.438
40082,4,2,2026-04-03 07:25:08.281,2026-04-03 01:00:00.000,,CS,Cheung Sha,長沙,true,true,true,40412,100,Final Water,Final Water,"",食水,8.53000,9,2.00000,2,,0.09200,0,3.00000,3,,1.01000,1,2.00000,2,,0.49000,0,2.00000,2,,,,-1.00000,-1,,,,-1,-1,,,,-1,-1,,2026-04-04 01:10:55.438,2026-04-04 01:10:55.438
40073,4,2,2026-04-02 09:39:08.310,2026-04-02 09:00:00.000,,CS,Cheung Sha,長沙,true,true,true,40364,0,Raw Water,Raw Water,"",原水,7.02000,7,2.00000,2,,0.79100,1,3.00000,3,,,,-1.00000,-1,,,,-1.00000,-1,,,,-1.00000,-1,,,,-1,-1,,,,-1,-1,,2026-04-04 01:10:55.438,2026-04-04 01:10:55.438
40090,4,2,2026-04-03 22:55:32.970,2026-04-03 17:00:00.000,,CS,Cheung Sha,長沙,true,true,true,40450,20,Dosed Water,Dosed Water,"",投藥後水,6.60000,7,1.00000,2,,,,-1.00000,-1,,0.88000,1,2.00000,2,,,,-1.00000,-1,,,,-1.00000,-1,,,,-1,-1,,,,-1,-1,,2026-04-05 01:14:44.427,2026-04-04 01:10:55.438
40070,2,2,2026-04-02 06:37:50.596,2026-04-02 00:00:00.000,,SMB,Silver Mine Bay,銀鑛灣,true,true,true,40351,20,Dosed Water,Dosed Water,"",投藥後水,6.82000,7,2.00000,2,,,,-1.00000,-1,,,,-1.00000,-1,,,,-1.00000,-1,,,,-1.00000,-1,,,,-1,-1,,,,-1,-1,,2026-04-04 01:10:55.438,2026-04-04 01:10:55.438
40070,2,2,2026-04-02 06:37:50.596,2026-04-02 00:00:00.000,,SMB,Silver Mine Bay,銀鑛灣,true,true,true,40354,100,Final Water,Final Water,"",食水,8.60000,9,1.00000,2,,0.16000,0,2.00000,2,,1.04000,1,2.00000,2,,0.48000,1,2.00000,2,,,,-1.00000,-1,,,,-1,-1,,,,-1,-1,,2026-04-04 01:10:55.438,2026-04-04 01:10:55.438
40077,4,2,2026-04-02 17:53:13.763,2026-04-02 17:00:00.000,,CS,Cheung Sha,長沙,true,true,true,40383,0,Raw Water,Raw Water,"",原水,7.02000,7,2.00000,2,,0.72000,1,2.00000,2,,,,-1.00000,-1,,,,-1.00000,-1,,,,-1.00000,-1,,,,-1,-1,,,,-1,-1,,2026-04-04 01:10:55.438,2026-04-04 01:10:55.438
40083,4,2,2026-04-03 09:44:59.509,2026-04-03 09:00:00.000,,CS,Cheung Sha,長沙,true,true,true,40416,100,Final Water,Final Water,"",食水,8.46000,8,2.00000,2,,0.09000,0,2.00000,2,,1.02000,1,2.00000,2,,0.47800,0,3.00000,2,,,,-1.00000,-1,,,,-1,-1,,,,-1,-1,,2026-04-04 01:10:55.438,2026-04-04 01:10:55.438
40088,5,1,2026-04-03 20:12:07.473,2026-04-03 11:00:00.000,,TO,Tai O,大澳,true,true,true,40443,100,Final Water,Final Water,"",食水,8.36000,8,2.00000,2,,0.11000,0,2.00000,2,,1.13000,1,2.00000,2,,0.46000,0,2.00000,2,,,,-1.00000,-1,,,,-1,-1,,,,-1,-1,,2026-04-04 01:10:55.438,2026-04-04 01:10:55.438
40088,5,1,2026-04-03 20:12:07.473,2026-04-03 11:00:00.000,,TO,Tai O,大澳,true,true,true,40442,43,Filtered Water (3),Filtered Water,"3",過濾後水 (3),,,-1.00000,-1,,0.17000,0,2.00000,2,,,,-1.00000,-1,,,,-1.00000,-1,,,,-1.00000,-1,,,,-1,-1,,,,-1,-1,,2026-04-04 01:10:55.438,2026-04-04 01:10:55.438
40081,2,2,2026-04-03 13:21:35.726,2026-04-03 01:00:00.000,,SMB,Silver Mine Bay,銀鑛灣,true,true,true,40404,0,Raw Water,Raw Water,"",原水,6.71000,7,2.00000,1,,0.74000,1,2.00000,1,,,,-1.00000,-1,,,,-1.00000,-1,,,,-1.00000,-1,,,,-1,-1,,,,-1,-1,,2026-04-04 01:10:55.438,2026-04-04 01:10:55.438
40085,3,2,2026-04-03 12:26:13.724,2026-04-03 09:00:00.000,,RH,Red Hill,紅山,true,true,true,40423,20,Dosed Water,Dosed Water,"",投藥後水,6.74000,7,2.00000,2,,,,-1.00000,-1,,0.85000,1,2.00000,2,,,,-1.00000,-1,,,,-1.00000,-1,,,,-1,-1,,,,-1,-1,,2026-04-04 01:10:55.438,2026-04-04 01:10:55.438
40087,1,0,2026-04-03 17:16:13.558,2026-04-02 21:00:00.000,,SHW,Siu Ho Wan,小蠔灣,true,true,true,40432,0,Raw Water,Raw Water,"",原水,7.33000,7,2.00000,2,,0.93000,1,2.00000,2,,,,-1.00000,-1,,,,-1.00000,-1,,,,-1.00000,-1,,,,-1,-1,,,,-1,-1,,2026-04-04 01:10:55.438,2026-04-04 01:10:55.438
40075,3,1,2026-04-02 12:00:39.729,2026-04-02 09:00:00.000,,RH,Red Hill,紅山,true,true,true,40376,45,Filtered Water (3-4),Filtered Water,"3-4",過濾後水 (3-4),,,-1.00000,-1,,0.12000,0,2.00000,2,,0.54000,1,2.00000,2,,,,-1.00000,-1,,,,-1.00000,-1,,,,-1,-1,,,,-1,-1,,2026-04-04 01:10:55.438,2026-04-04 01:10:55.438
40079,3,2,2026-04-14 10:13:40.538,2026-04-02 17:00:00.000,,RH,Red Hill,紅山,true,true,true,40397,45,Filtered Water (3-4),Filtered Water,"3-4",過濾後水 (3-4),,,-1.00000,-1,,0.11000,0,2.00000,2,,0.59000,1,2.00000,2,,,,-1.00000,-1,,,,-1.00000,-1,,,,-1,-1,,,,-1,-1,,2026-04-15 01:10:58.338,2026-04-04 01:10:55.438
40089,2,2,2026-04-04 06:38:41.329,2026-04-03 18:00:00.000,,SMB,Silver Mine Bay,銀鑛灣,true,true,true,40446,30,Clarified Water,Clarified Water,"",澄清後水,6.61000,7,2.00000,2,,0.16000,0,2.00000,2,,0.96000,1,2.00000,2,,,,-1.00000,-1,,,,-1.00000,-1,,,,-1,-1,,,,-1,-1,,2026-04-05 01:14:44.427,2026-04-04 01:10:55.438
40070,2,2,2026-04-02 06:37:50.596,2026-04-02 00:00:00.000,,SMB,Silver Mine Bay,銀鑛灣,true,true,true,40352,30,Clarified Water,Clarified Water,"",澄清後水,6.88000,7,2.00000,2,,0.24000,0,2.00000,2,,0.90000,1,1.00000,2,,,,-1.00000,-1,,,,-1.00000,-1,,,,-1,-1,,,,-1,-1,,2026-04-04 01:10:55.438,2026-04-04 01:10:55.438
40138,3,1,2026-04-07 09:20:17.452,2026-04-07 09:00:00.000,,RH,Red Hill,紅山,true,true,true,40691,0,Raw Water,Raw Water,"",原水,6.78000,7,2.00000,2,,1.60000,2,1.00000,2,,,,-1.00000,-1,,,,-1.00000,-1,,,,-1.00000,-1,,,,-1,-1,,,,-1,-1,,2026-04-08 01:10:53.640,2026-04-08 01:10:53.640
40049,1,0,2026-03-30 18:18:18.117,2026-03-29 21:00:00.000,,SHW,Siu Ho Wan,小蠔灣,true,true,true,40250,100,Final Water,Final Water,"",食水,0.13000,0,2.00000,2,,8.42000,8,2.00000,2,,1.07000,1,2.00000,2,"",0.50000,1,1.00000,1,,,,-1.00000,-1,,,,-1,-1,,,,-1,-1,,2026-03-31 01:11:18.817,2026-03-31 01:11:18.817
40044,2,2,2026-04-01 09:51:16.176,2026-03-30 00:30:00.000,,SMB,Silver Mine Bay,銀鑛灣,true,true,true,40224,100,Final Water,Final Water,"",食水,8.67000,9,2.00000,2,,0.26000,0,2.00000,2,,0.99000,1,2.00000,2,,0.50000,1,1.00000,2,,,,-1.00000,-1,,,,-1,-1,,,,-1,-1,,2026-04-02 01:10:57.738,2026-03-31 01:11:18.817
40050,2,2,2026-04-01 09:51:39.904,2026-03-30 17:03:00.000,,SMB,Silver Mine Bay,銀鑛灣,true,true,true,40254,40,Filtered Water,Filtered Water,"",過濾後水,,,-1.00000,-1,,0.09000,0,2.00000,2,,0.56000,1,2.00000,2,,,,-1.00000,-1,,,,-1.00000,-1,,,,-1,-1,,,,-1,-1,,2026-04-02 01:10:57.738,2026-03-31 01:11:18.817
40046,1,0,2026-03-30 09:33:31.458,2026-03-29 13:00:00.000,,SHW,Siu Ho Wan,小蠔灣,true,true,true,40232,40,Filtered Water,Filtered Water,"",過濾後水,,,-1.00000,-1,,0.10000,0,1.00000,2,,0.55000,1,2.00000,1,,,,-1.00000,-1,,,,-1.00000,-1,,,,-1,-1,,,,-1,-1,,2026-03-31 01:11:18.817,2026-03-31 01:11:18.817
40049,1,0,2026-03-30 18:18:18.117,2026-03-29 21:00:00.000,,SHW,Siu Ho Wan,小蠔灣,true,true,true,40249,40,Filtered Water,Filtered Water,"",過濾後水,,,-1.00000,-1,,0.10000,0,1.00000,2,"",0.50000,1,1.00000,2,,,,-1.00000,-1,,,,-1.00000,-1,,,,-1,-1,,,,-1,-1,,2026-03-31 01:11:18.817,2026-03-31 01:11:18.817
40044,2,2,2026-04-01 09:51:16.176,2026-03-30 00:30:00.000,,SMB,Silver Mine Bay,銀鑛灣,true,true,true,40223,40,Filtered Water,Filtered Water,"",過濾後水,,,-1.00000,-1,,0.10000,0,1.00000,2,,0.68000,1,2.00000,2,,,,-1.00000,-1,,,,-1.00000,-1,,,,-1,-1,,,,-1,-1,,2026-04-02 01:10:57.738,2026-03-31 01:11:18.817
40047,2,2,2026-04-01 09:51:28.277,2026-03-30 09:00:00.000,,SMB,Silver Mine Bay,銀鑛灣,true,true,true,40237,40,Filtered Water,Filtered Water,"",過濾後水,,,-1.00000,-1,,0.58000,1,2.00000,2,,0.11000,0,2.00000,1,,,,-1.00000,-1,,,,-1.00000,-1,,,,-1,-1,,,,-1,-1,,2026-04-02 01:10:57.738,2026-03-31 01:11:18.817
40044,2,2,2026-04-01 09:51:16.176,2026-03-30 00:30:00.000,,SMB,Silver Mine Bay,銀鑛灣,true,true,true,40222,30,Clarified Water,Clarified Water,"",澄清後水,7.10000,7,1.00000,2,,0.15000,0,2.00000,1,,0.97000,1,2.00000,2,,,,-1.00000,-1,,,,-1.00000,-1,,,,-1,-1,,,,-1,-1,,2026-04-02 01:10:57.738,2026-03-31 01:11:18.817
40059,5,2,2026-03-31 19:34:50.622,2026-03-31 11:00:00.000,,TO,Tai O,大澳,true,true,true,40295,2,Raw Water (Shek Pik),Raw Water,Shek Pik,原水 (Shek Pik),6.62000,7,2.00000,2,,1.50000,1,1.00000,2,,,,-1.00000,-1,,,,-1.00000,-1,,,,-1.00000,-1,,,,-1,-1,,,,-1,-1,,2026-04-02 01:10:57.738,2026-04-01 01:10:50.548
40059,5,2,2026-03-31 19:34:50.622,2026-03-31 11:00:00.000,,TO,Tai O,大澳,true,true,true,40294,1,Raw Water (Yi O),Raw Water,Yi O,原水 (Yi O),0.00000,0,0.00000,0,,0.00000,0,0.00000,0,,,,-1.00000,-1,,,,-1.00000,-1,,,,-1.00000,-1,,,,-1,-1,,,,-1,-1,,2026-04-02 01:10:57.738,2026-04-01 01:10:50.548
40058,2,2,2026-04-01 09:52:14.624,2026-03-31 17:00:00.000,,SMB,Silver Mine Bay,銀鑛灣,true,true,true,40293,100,Final Water,Final Water,"",食水,8.62000,9,2.00000,1,,0.34000,0,2.00000,2,,1.00000,1,0.00000,1,,0.50000,1,1.00000,2,,,,-1.00000,-1,,,,-1,-1,,,,-1,-1,,2026-04-02 01:10:57.738,2026-04-01 01:10:50.548
40055,2,2,2026-04-01 09:52:04.129,2026-03-31 09:00:00.000,,SMB,Silver Mine Bay,銀鑛灣,true,true,true,40276,20,Dosed Water,Dosed Water,"",投藥後水,6.93000,7,2.00000,2,,,,-1.00000,-1,,,,-1.00000,-1,,,,-1.00000,-1,,,,-1.00000,-1,,,,-1,-1,,,,-1,-1,,2026-04-02 01:10:57.738,2026-04-01 01:10:50.548
40056,4,2,2026-03-31 17:34:56.118,2026-03-31 17:00:00.000,,CS,Cheung Sha,長沙,true,true,true,40283,100,Final Water,Final Water,"",食水,8.56000,9,2.00000,2,,0.08300,0,3.00000,3,,0.97000,1,2.00000,2,,0.50000,1,1.00000,1,,,,-1.00000,-1,,,,-1,-1,,,,-1,-1,,2026-04-01 01:10:50.548,2026-04-01 01:10:50.548
40057,1,0,2026-03-31 17:42:31.876,2026-03-30 21:00:00.000,,SHW,Siu Ho Wan,小蠔灣,true,true,true,40286,33,Clarified Water (A & B),Clarified Water (A & B),"",澄清後水 (A & B),6.95000,7,2.00000,2,,0.40000,0,1.00000,2,,0.70000,1,1.00000,1,,,,-1.00000,-1,,,,-1.00000,-1,,,,-1,-1,,,,-1,-1,,2026-04-01 01:10:50.548,2026-04-01 01:10:50.548
40052,2,2,2026-04-01 09:51:51.961,2026-03-31 01:00:00.000,,SMB,Silver Mine Bay,銀鑛灣,true,true,true,40264,40,Filtered Water,Filtered Water,"",過濾後水,,,-1.00000,-1,,0.10000,0,1.00000,2,,0.66000,1,2.00000,1,,,,-1.00000,-1,,,,-1.00000,-1,,,,-1,-1,,,,-1,-1,,2026-04-02 01:10:57.738,2026-04-01 01:10:50.548
40057,1,0,2026-03-31 17:42:31.876,2026-03-30 21:00:00.000,,SHW,Siu Ho Wan,小蠔灣,true,true,true,40287,40,Filtered Water,Filtered Water,"",過濾後水,,,-1.00000,-1,,0.09000,0,2.00000,2,,0.55000,1,2.00000,2,,,,-1.00000,-1,,,,-1.00000,-1,,,,-1,-1,,,,-1,-1,,2026-04-01 01:10:50.548,2026-04-01 01:10:50.548
40051,3,0,2026-03-31 01:36:45.101,2026-03-30 17:00:00.000,,RH,Red Hill,紅山,true,true,true,40259,45,Filtered Water (3-4),Filtered Water,"3-4",過濾後水 (3-4),,,-1.00000,-1,,0.10000,0,1.00000,2,,0.55000,1,2.00000,1,,,,-1.00000,-1,,,,-1.00000,-1,,,,-1,-1,,,,-1,-1,,2026-04-01 01:10:50.548,2026-04-01 01:10:50.548
40061,4,2,2026-04-01 07:26:42.452,2026-04-01 01:00:00.000,,CS,Cheung Sha,長沙,true,true,true,40308,40,Filtered Water,Filtered Water,"",過濾後水,,,-1.00000,-1,,0.08200,0,3.00000,3,,0.48000,1,2.00000,1,,,,-1.00000,-1,,,,-1.00000,-1,,,,-1,-1,,,,-1,-1,,2026-04-02 01:10:57.738,2026-04-02 01:10:57.738
40060,2,1,2026-04-01 09:52:24.806,2026-04-01 07:00:00.000,,SMB,Silver Mine Bay,銀鑛灣,true,true,true,40304,40,Filtered Water,Filtered Water,"",過濾後水,,,-1.00000,-1,,0.15000,0,2.00000,2,,0.63000,1,2.00000,2,,,,-1.00000,-1,,,,-1.00000,-1,,,,-1,-1,,,,-1,-1,,2026-04-02 01:10:57.738,2026-04-02 01:10:57.738
40062,3,2,2026-04-04 06:22:28.245,2026-04-01 01:00:00.000,,RH,Red Hill,紅山,true,true,true,40312,44,Filtered Water (1-2),Filtered Water,"1-2",過濾後水 (1-2),,,-1.00000,-1,,0.11000,0,2.00000,2,,0.53000,1,2.00000,2,,,,-1.00000,-1,,,,-1.00000,-1,,,,-1,-1,,,,-1,-1,,2026-04-05 01:14:44.427,2026-04-02 01:10:57.738
40065,1,0,2026-04-01 13:42:17.473,2026-03-31 13:00:00.000,,SHW,Siu Ho Wan,小蠔灣,true,true,true,40327,40,Filtered Water,Filtered Water,"",過濾後水,,,-1.00000,-1,,0.09000,0,2.00000,2,,0.50000,0,1.00000,1,,,,-1.00000,-1,,,,-1.00000,-1,,,,-1,-1,,,,-1,-1,,2026-04-02 01:10:57.738,2026-04-02 01:10:57.738
40060,2,1,2026-04-01 09:52:24.806,2026-04-01 07:00:00.000,,SMB,Silver Mine Bay,銀鑛灣,true,true,true,40303,30,Clarified Water,Clarified Water,"",澄清後水,6.99000,7,2.00000,2,,0.21000,0,2.00000,2,,0.90000,1,1.00000,2,,,,-1.00000,-1,,,,-1.00000,-1,,,,-1,-1,,,,-1,-1,,2026-04-02 01:10:57.738,2026-04-02 01:10:57.738
40061,4,2,2026-04-01 07:26:42.452,2026-04-01 01:00:00.000,,CS,Cheung Sha,長沙,true,true,true,40309,100,Final Water,Final Water,"",食水,8.58000,9,2.00000,2,,0.08300,0,3.00000,3,,1.00000,1,0.00000,0,,0.47000,0,2.00000,2,,,,-1.00000,-1,,,,-1,-1,,,,-1,-1,,2026-04-02 01:10:57.738,2026-04-02 01:10:57.738
40064,4,1,2026-04-01 10:00:07.830,2026-04-01 09:00:00.000,,CS,Cheung Sha,長沙,true,true,true,40323,100,Final Water,Final Water,"",食水,8.53000,9,2.00000,2,,0.07400,0,3.00000,3,,1.02000,1,2.00000,2,,0.50000,1,1.00000,2,,,,-1.00000,-1,,,,-1,-1,,,,-1,-1,,2026-04-02 01:10:57.738,2026-04-02 01:10:57.738
40064,4,1,2026-04-01 10:00:07.830,2026-04-01 09:00:00.000,,CS,Cheung Sha,長沙,true,true,true,40321,20,Dosed Water,Dosed Water,"",投藥後水,6.65000,7,2.00000,2,,,,-1.00000,-1,,0.87000,1,2.00000,2,,,,-1.00000,-1,,,,-1.00000,-1,,,,-1,-1,,,,-1,-1,,2026-04-02 01:10:57.738,2026-04-02 01:10:57.738
40062,3,2,2026-04-04 06:22:28.245,2026-04-01 01:00:00.000,,RH,Red Hill,紅山,true,true,true,40311,20,Dosed Water,Dosed Water,"",投藥後水,6.79000,7,2.00000,2,,,,-1.00000,-1,,0.85000,1,2.00000,2,,,,-1.00000,-1,,,,-1.00000,-1,,,,-1,-1,,,,-1,-1,,2026-04-05 01:14:44.427,2026-04-02 01:10:57.738
40063,2,2,2026-04-01 09:57:31.616,2026-04-01 09:00:00.000,,SMB,Silver Mine Bay,銀鑛灣,true,true,true,40319,100,Final Water,Final Water,"",食水,8.50000,9,1.00000,1,,0.18000,0,2.00000,2,,0.93000,1,2.00000,2,,0.46000,0,2.00000,2,,,,-1.00000,-1,,,,-1,-1,,,,-1,-1,,2026-04-02 01:10:57.738,2026-04-02 01:10:57.738
40067,1,0,2026-04-01 17:35:01.220,2026-03-31 21:00:00.000,,SHW,Siu Ho Wan,小蠔灣,true,true,true,40337,100,Final Water,Final Water,"",食水,8.32000,8,2.00000,1,,0.18000,0,2.00000,1,,1.05000,1,2.00000,2,,0.54000,1,2.00000,2,,,,-1.00000,-1,,,,-1,-1,,,,-1,-1,,2026-04-02 01:10:57.738,2026-04-02 01:10:57.738
40088,5,1,2026-04-03 20:12:07.473,2026-04-03 11:00:00.000,,TO,Tai O,大澳,true,true,true,40438,2,Raw Water (Shek Pik),Raw Water,Shek Pik,原水 (Shek Pik),6.77000,7,2.00000,2,,1.45000,2,2.00000,2,,,,-1.00000,-1,,,,-1.00000,-1,,,,-1.00000,-1,,,,-1,-1,,,,-1,-1,,2026-04-04 01:10:55.438,2026-04-04 01:10:55.438
40083,4,2,2026-04-03 09:44:59.509,2026-04-03 09:00:00.000,,CS,Cheung Sha,長沙,true,true,true,40415,40,Filtered Water,Filtered Water,"",過濾後水,,,-1.00000,-1,,0.07700,0,3.00000,2,,0.51000,1,2.00000,2,,,,-1.00000,-1,,,,-1.00000,-1,,,,-1,-1,,,,-1,-1,,2026-04-04 01:10:55.438,2026-04-04 01:10:55.438
40088,5,1,2026-04-03 20:12:07.473,2026-04-03 11:00:00.000,,TO,Tai O,大澳,true,true,true,40441,42,Filtered Water (2),Filtered Water,"2",過濾後水 (2),,,-1.00000,-1,,0.19000,0,2.00000,2,,,,-1.00000,-1,,,,-1.00000,-1,,,,-1.00000,-1,,,,-1,-1,,,,-1,-1,,2026-04-04 01:10:55.438,2026-04-04 01:10:55.438
40069,2,2,2026-04-02 06:36:27.071,2026-04-01 21:00:00.000,,SMB,Silver Mine Bay,銀鑛灣,true,true,true,40348,40,Filtered Water,Filtered Water,"",過濾後水,,,-1.00000,-1,,0.12000,0,2.00000,2,,0.74000,1,2.00000,1,,,,-1.00000,-1,,,,-1.00000,-1,,,,-1,-1,,,,-1,-1,,2026-04-04 01:10:55.438,2026-04-04 01:10:55.438
40087,1,0,2026-04-03 17:16:13.558,2026-04-02 21:00:00.000,,SHW,Siu Ho Wan,小蠔灣,true,true,true,40435,40,Filtered Water,Filtered Water,"",過濾後水,,,-1.00000,-1,,0.09000,0,2.00000,2,,0.63000,1,2.00000,2,,,,-1.00000,-1,,,,-1.00000,-1,,,,-1,-1,,,,-1,-1,,2026-04-04 01:10:55.438,2026-04-04 01:10:55.438
40082,4,2,2026-04-03 07:25:08.281,2026-04-03 01:00:00.000,,CS,Cheung Sha,長沙,true,true,true,40411,40,Filtered Water,Filtered Water,"",過濾後水,,,-1.00000,-1,,0.06900,0,3.00000,3,,0.52000,1,2.00000,2,,,,-1.00000,-1,,,,-1.00000,-1,,,,-1,-1,,,,-1,-1,,2026-04-04 01:10:55.438,2026-04-04 01:10:55.438
40064,4,1,2026-04-01 10:00:07.830,2026-04-01 09:00:00.000,,CS,Cheung Sha,長沙,true,true,true,40320,0,Raw Water,Raw Water,"",原水,6.95000,7,2.00000,2,,0.81000,1,2.00000,2,,,,-1.00000,-1,,,,-1.00000,-1,,,,-1.00000,-1,,,,-1,-1,,,,-1,-1,,2026-04-02 01:10:57.738,2026-04-02 01:10:57.738
40066,4,2,2026-04-01 17:15:20.476,2026-04-01 17:00:00.000,,CS,Cheung Sha,長沙,true,true,true,40332,100,Final Water,Final Water,"",食水,8.53000,9,2.00000,1,,0.08100,0,3.00000,2,,0.99000,1,2.00000,2,,0.51000,1,2.00000,1,,,,-1.00000,-1,,,,-1,-1,,,,-1,-1,,2026-04-02 01:10:57.738,2026-04-02 01:10:57.738
40066,4,2,2026-04-01 17:15:20.476,2026-04-01 17:00:00.000,,CS,Cheung Sha,長沙,true,true,true,40330,20,Dosed Water,Dosed Water,"",投藥後水,6.70000,7,1.00000,2,,,,-1.00000,-1,,0.84000,1,2.00000,2,,,,-1.00000,-1,,,,-1.00000,-1,,,,-1,-1,,,,-1,-1,,2026-04-02 01:10:57.738,2026-04-02 01:10:57.738
40066,4,2,2026-04-01 17:15:20.476,2026-04-01 17:00:00.000,,CS,Cheung Sha,長沙,true,true,true,40329,0,Raw Water,Raw Water,"",原水,7.05000,7,2.00000,2,,1.27000,1,2.00000,1,,,,-1.00000,-1,,,,-1.00000,-1,,,,-1.00000,-1,,,,-1,-1,,,,-1,-1,,2026-04-02 01:10:57.738,2026-04-02 01:10:57.738
40068,5,1,2026-04-01 19:47:14.096,2026-04-01 10:00:00.000,,TO,Tai O,大澳,true,true,true,40343,43,Filtered Water (3),Filtered Water,"3",過濾後水 (3),,,-1.00000,-1,,0.18000,0,2.00000,2,,,,-1.00000,-1,,,,-1.00000,-1,,,,-1.00000,-1,,,,-1,-1,,,,-1,-1,,2026-04-04 01:10:55.438,2026-04-02 01:10:57.738
40068,5,1,2026-04-01 19:47:14.096,2026-04-01 10:00:00.000,,TO,Tai O,大澳,true,true,true,40340,20,Dosed Water,Dosed Water,"",投藥後水,6.49000,6,2.00000,2,,,,-1.00000,-1,,,,-1.00000,-1,,,,-1.00000,-1,,,,-1.00000,-1,,,,-1,-1,,,,-1,-1,,2026-04-04 01:10:55.438,2026-04-02 01:10:57.738
40062,3,2,2026-04-04 06:22:28.245,2026-04-01 01:00:00.000,,RH,Red Hill,紅山,true,true,true,40310,0,Raw Water,Raw Water,"",原水,6.80000,7,1.00000,2,,1.16000,1,2.00000,1,,,,-1.00000,-1,,,,-1.00000,-1,,,,-1.00000,-1,,,,-1,-1,,,,-1,-1,,2026-04-05 01:14:44.427,2026-04-02 01:10:57.738
40063,2,2,2026-04-01 09:57:31.616,2026-04-01 09:00:00.000,,SMB,Silver Mine Bay,銀鑛灣,true,true,true,40316,20,Dosed Water,Dosed Water,"",投藥後水,6.94000,7,2.00000,2,,,,-1.00000,-1,,,,-1.00000,-1,,,,-1.00000,-1,,,,-1.00000,-1,,,,-1,-1,,,,-1,-1,,2026-04-02 01:10:57.738,2026-04-02 01:10:57.738
40065,1,0,2026-04-01 13:42:17.473,2026-03-31 13:00:00.000,,SHW,Siu Ho Wan,小蠔灣,true,true,true,40324,0,Raw Water,Raw Water,"",原水,7.41000,7,2.00000,2,,1.40000,1,1.00000,2,,,,-1.00000,-1,,,,-1.00000,-1,,,,-1.00000,-1,,,,-1,-1,,,,-1,-1,,2026-04-02 01:10:57.738,2026-04-02 01:10:57.738
40079,3,2,2026-04-14 10:13:40.538,2026-04-02 17:00:00.000,,RH,Red Hill,紅山,true,true,true,40396,44,Filtered Water (1-2),Filtered Water,"1-2",過濾後水 (1-2),,,-1.00000,-1,,0.06000,0,2.00000,2,,0.59000,1,2.00000,2,,,,-1.00000,-1,,,,-1.00000,-1,,,,-1,-1,,,,-1,-1,,2026-04-15 01:10:58.338,2026-04-04 01:10:55.438
40073,4,2,2026-04-02 09:39:08.310,2026-04-02 09:00:00.000,,CS,Cheung Sha,長沙,true,true,true,40366,40,Filtered Water,Filtered Water,"",過濾後水,,,-1.00000,-1,,0.07900,0,3.00000,3,,0.47000,0,2.00000,2,,,,-1.00000,-1,,,,-1.00000,-1,,,,-1,-1,,,,-1,-1,,2026-04-04 01:10:55.438,2026-04-04 01:10:55.438
40080,2,2,2026-04-03 13:21:20.035,2026-04-02 16:58:00.000,,SMB,Silver Mine Bay,銀鑛灣,true,true,true,40402,40,Filtered Water,Filtered Water,"",過濾後水,,,-1.00000,-1,,0.12000,0,2.00000,2,,0.74000,1,2.00000,2,,,,-1.00000,-1,,,,-1.00000,-1,,,,-1,-1,,,,-1,-1,,2026-04-04 01:10:55.438,2026-04-04 01:10:55.438
40086,2,1,2026-04-03 13:23:04.375,2026-04-03 08:00:00.000,,SMB,Silver Mine Bay,銀鑛灣,true,true,true,40430,40,Filtered Water,Filtered Water,"",過濾後水,,,-1.00000,-1,,0.11000,0,2.00000,2,,0.55000,1,2.00000,2,,,,-1.00000,-1,,,,-1.00000,-1,,,,-1,-1,,,,-1,-1,,2026-04-04 01:10:55.438,2026-04-04 01:10:55.438
40075,3,1,2026-04-02 12:00:39.729,2026-04-02 09:00:00.000,,RH,Red Hill,紅山,true,true,true,40375,44,Filtered Water (1-2),Filtered Water,"1-2",過濾後水 (1-2),,,-1.00000,-1,,0.13000,0,2.00000,2,,0.51000,1,2.00000,2,,,,-1.00000,-1,,,,-1.00000,-1,,,,-1,-1,,,,-1,-1,,2026-04-04 01:10:55.438,2026-04-04 01:10:55.438
40072,3,0,2026-04-02 08:42:06.308,2026-04-02 01:00:00.000,,RH,Red Hill,紅山,true,true,true,40361,44,Filtered Water (1-2),Filtered Water,"1-2",過濾後水 (1-2),,,-1.00000,-1,,0.09000,0,2.00000,2,,0.52000,1,2.00000,2,,,,-1.00000,-1,,,,-1.00000,-1,,,,-1,-1,,,,-1,-1,,2026-04-04 01:10:55.438,2026-04-04 01:10:55.438
40070,2,2,2026-04-02 06:37:50.596,2026-04-02 00:00:00.000,,SMB,Silver Mine Bay,銀鑛灣,true,true,true,40353,40,Filtered Water,Filtered Water,"",過濾後水,,,-1.00000,-1,,0.10000,0,1.00000,2,,0.68000,1,2.00000,2,,,,-1.00000,-1,,,,-1.00000,-1,,,,-1,-1,,,,-1,-1,,2026-04-04 01:10:55.438,2026-04-04 01:10:55.438
40076,2,2,2026-04-03 13:21:08.119,2026-04-02 13:00:00.000,,SMB,Silver Mine Bay,銀鑛灣,true,true,true,40380,30,Clarified Water,Clarified Water,"",澄清後水,6.91000,7,2.00000,2,,0.22000,0,2.00000,2,,0.95000,1,2.00000,0,,,,-1.00000,-1,,,,-1.00000,-1,,,,-1,-1,,,,-1,-1,,2026-04-04 01:10:55.438,2026-04-04 01:10:55.438
40086,2,1,2026-04-03 13:23:04.375,2026-04-03 08:00:00.000,,SMB,Silver Mine Bay,銀鑛灣,true,true,true,40429,30,Clarified Water,Clarified Water,"",澄清後水,6.90000,7,1.00000,2,,0.11000,0,2.00000,2,,0.80000,1,1.00000,1,,,,-1.00000,-1,,,,-1.00000,-1,,,,-1,-1,,,,-1,-1,,2026-04-04 01:10:55.438,2026-04-04 01:10:55.438
40081,2,2,2026-04-03 13:21:35.726,2026-04-03 01:00:00.000,,SMB,Silver Mine Bay,銀鑛灣,true,true,true,40406,30,Clarified Water,Clarified Water,"",澄清後水,6.86000,7,2.00000,1,,0.17000,0,2.00000,2,,0.90000,1,1.00000,2,,,,-1.00000,-1,,,,-1.00000,-1,,,,-1,-1,,,,-1,-1,,2026-04-04 01:10:55.438,2026-04-04 01:10:55.438
40071,4,2,2026-04-02 07:14:32.729,2026-04-02 01:00:00.000,,CS,Cheung Sha,長沙,true,true,true,40358,100,Final Water,Final Water,"",食水,8.45000,9,2.00000,2,,0.08100,0,3.00000,2,,1.00000,1,0.00000,2,,0.47900,0,3.00000,2,,,,-1.00000,-1,,,,-1,-1,,,,-1,-1,,2026-04-04 01:10:55.438,2026-04-04 01:10:55.438
40082,4,2,2026-04-03 07:25:08.281,2026-04-03 01:00:00.000,,CS,Cheung Sha,長沙,true,true,true,40409,0,Raw Water,Raw Water,"",原水,7.08000,7,2.00000,2,,0.80000,1,1.00000,2,,,,-1.00000,-1,,,,-1.00000,-1,,,,-1.00000,-1,,,,-1,-1,,,,-1,-1,,2026-04-04 01:10:55.438,2026-04-04 01:10:55.438
40073,4,2,2026-04-02 09:39:08.310,2026-04-02 09:00:00.000,,CS,Cheung Sha,長沙,true,true,true,40367,100,Final Water,Final Water,"",食水,8.58000,9,2.00000,1,,0.08300,0,3.00000,2,,1.03000,1,2.00000,0,,0.51000,1,2.00000,2,,,,-1.00000,-1,,,,-1,-1,,,,-1,-1,,2026-04-04 01:10:55.438,2026-04-04 01:10:55.438
40078,5,2,2026-04-02 19:34:18.651,2026-04-02 10:00:00.000,,TO,Tai O,大澳,true,true,true,40389,20,Dosed Water,Dosed Water,"",投藥後水,6.54000,7,2.00000,2,,,,-1.00000,-1,,,,-1.00000,-1,,,,-1.00000,-1,,,,-1.00000,-1,,,,-1,-1,,,,-1,-1,,2026-04-04 01:10:55.438,2026-04-04 01:10:55.438
40078,5,2,2026-04-02 19:34:18.651,2026-04-02 10:00:00.000,,TO,Tai O,大澳,true,true,true,40393,100,Final Water,Final Water,"",食水,8.51000,9,2.00000,2,,0.18000,0,2.00000,2,,1.11000,1,2.00000,2,,0.47000,0,2.00000,2,,,,-1.00000,-1,,,,-1,-1,,,,-1,-1,,2026-04-04 01:10:55.438,2026-04-04 01:10:55.438
40080,2,2,2026-04-03 13:21:20.035,2026-04-02 16:58:00.000,,SMB,Silver Mine Bay,銀鑛灣,true,true,true,40400,20,Dosed Water,Dosed Water,"",投藥後水,6.68000,7,2.00000,2,,,,-1.00000,-1,,,,-1.00000,-1,,,,-1.00000,-1,,,,-1.00000,-1,,,,-1,-1,,,,-1,-1,,2026-04-04 01:10:55.438,2026-04-04 01:10:55.438
40080,2,2,2026-04-03 13:21:20.035,2026-04-02 16:58:00.000,,SMB,Silver Mine Bay,銀鑛灣,true,true,true,40399,0,Raw Water,Raw Water,"",原水,6.74000,7,2.00000,2,,0.74000,1,2.00000,2,,,,-1.00000,-1,,,,-1.00000,-1,,,,-1.00000,-1,,,,-1,-1,,,,-1,-1,,2026-04-04 01:10:55.438,2026-04-04 01:10:55.438
40080,2,2,2026-04-03 13:21:20.035,2026-04-02 16:58:00.000,,SMB,Silver Mine Bay,銀鑛灣,true,true,true,40403,100,Final Water,Final Water,"",食水,8.58000,9,2.00000,2,,0.18000,0,2.00000,2,,0.94000,1,2.00000,2,,0.46000,0,2.00000,2,,,,-1.00000,-1,,,,-1,-1,,,,-1,-1,,2026-04-04 01:10:55.438,2026-04-04 01:10:55.438
40084,1,0,2026-04-03 09:47:48.918,2026-04-02 13:00:00.000,,SHW,Siu Ho Wan,小蠔灣,true,true,true,40421,100,Final Water,Final Water,"",食水,8.76000,9,2.00000,2,,0.37000,1,2.00000,2,,1.12000,1,2.00000,2,,0.46000,0,2.00000,2,,,,-1.00000,-1,,,,-1,-1,,,,-1,-1,,2026-04-04 01:10:55.438,2026-04-04 01:10:55.438
40084,1,0,2026-04-03 09:47:48.918,2026-04-02 13:00:00.000,,SHW,Siu Ho Wan,小蠔灣,true,true,true,40419,33,Clarified Water (A & B),Clarified Water (A & B),"",澄清後水 (A & B),6.97000,7,2.00000,2,,0.35000,0,2.00000,2,,0.69000,1,2.00000,2,,,,-1.00000,-1,,,,-1.00000,-1,,,,-1,-1,,,,-1,-1,,2026-04-04 01:10:55.438,2026-04-04 01:10:55.438
40086,2,1,2026-04-03 13:23:04.375,2026-04-03 08:00:00.000,,SMB,Silver Mine Bay,銀鑛灣,true,true,true,40428,20,Dosed Water,Dosed Water,"",投藥後水,6.55000,7,2.00000,2,,,,-1.00000,-1,,,,-1.00000,-1,,,,-1.00000,-1,,,,-1.00000,-1,,,,-1,-1,,,,-1,-1,,2026-04-04 01:10:55.438,2026-04-04 01:10:55.438
40075,3,1,2026-04-02 12:00:39.729,2026-04-02 09:00:00.000,,RH,Red Hill,紅山,true,true,true,40374,20,Dosed Water,Dosed Water,"",投藥後水,6.89000,7,2.00000,2,,,,-1.00000,-1,,0.87000,1,2.00000,1,,,,-1.00000,-1,,,,-1.00000,-1,,,,-1,-1,,,,-1,-1,,2026-04-04 01:10:55.438,2026-04-04 01:10:55.438
40072,3,0,2026-04-02 08:42:06.308,2026-04-02 01:00:00.000,,RH,Red Hill,紅山,true,true,true,40363,100,Final Water,Final Water,"",食水,0.11000,0,2.00000,2,,8.54000,8,2.00000,2,,1.08000,1,2.00000,2,,0.49000,0,2.00000,2,,,,-1.00000,-1,,,,-1,-1,,,,-1,-1,,2026-04-04 01:10:55.438,2026-04-04 01:10:55.438
40072,3,0,2026-04-02 08:42:06.308,2026-04-02 01:00:00.000,,RH,Red Hill,紅山,true,true,true,40360,20,Dosed Water,Dosed Water,"",投藥後水,6.75000,7,2.00000,2,,,,-1.00000,-1,,0.80000,1,1.00000,2,,,,-1.00000,-1,,,,-1.00000,-1,,,,-1,-1,,,,-1,-1,,2026-04-04 01:10:55.438,2026-04-04 01:10:55.438
40089,2,2,2026-04-04 06:38:41.329,2026-04-03 18:00:00.000,,SMB,Silver Mine Bay,銀鑛灣,true,true,true,40444,0,Raw Water,Raw Water,"",原水,6.66000,7,2.00000,1,,0.72000,1,2.00000,2,,,,-1.00000,-1,,,,-1.00000,-1,,,,-1.00000,-1,,,,-1,-1,,,,-1,-1,,2026-04-05 01:14:44.427,2026-04-04 01:10:55.438
40089,2,2,2026-04-04 06:38:41.329,2026-04-03 18:00:00.000,,SMB,Silver Mine Bay,銀鑛灣,true,true,true,40448,100,Final Water,Final Water,"",食水,8.60000,9,1.00000,1,,0.13000,0,2.00000,2,,1.12000,1,2.00000,0,,0.50000,1,1.00000,2,,,,-1.00000,-1,,,,-1,-1,,,,-1,-1,,2026-04-05 01:14:44.427,2026-04-04 01:10:55.438
40106,2,-1,2026-04-04 13:17:15.918,2026-04-04 17:00:00.000,,SMB,Silver Mine Bay,銀鑛灣,true,true,true,40530,20,Dosed Water,Dosed Water,"",投藥後水,6.70000,7,1.00000,2,,,,-1.00000,-1,,,,-1.00000,-1,,,,-1.00000,-1,,,,-1.00000,-1,,,,-1,-1,,,,-1,-1,,2026-04-05 01:14:44.427,2026-04-05 01:14:44.427
40099,2,2,2026-04-04 11:06:47.045,2026-04-04 10:00:00.000,,SMB,Silver Mine Bay,銀鑛灣,true,true,true,40494,20,Dosed Water,Dosed Water,"",投藥後水,6.56000,7,2.00000,2,,,,-1.00000,-1,,,,-1.00000,-1,,,,-1.00000,-1,,,,-1.00000,-1,,,,-1,-1,,,,-1,-1,,2026-04-05 01:14:44.427,2026-04-05 01:14:44.427
40093,2,1,2026-04-04 06:38:29.799,2026-04-04 00:30:00.000,,SMB,Silver Mine Bay,銀鑛灣,true,true,true,40463,0,Raw Water,Raw Water,"",原水,6.70000,7,1.00000,2,,0.70000,1,1.00000,2,,,,-1.00000,-1,,,,-1.00000,-1,,,,-1.00000,-1,,,,-1,-1,,,,-1,-1,,2026-04-05 01:14:44.427,2026-04-05 01:14:44.427
40096,4,2,2026-04-04 07:22:24.050,2026-04-04 01:00:00.000,,CS,Cheung Sha,長沙,true,true,true,40478,0,Raw Water,Raw Water,"",原水,7.00000,7,0.00000,2,,0.82000,1,2.00000,2,,,,-1.00000,-1,,,,-1.00000,-1,,,,-1.00000,-1,,,,-1,-1,,,,-1,-1,,2026-04-05 01:14:44.427,2026-04-05 01:14:44.427
40106,2,-1,2026-04-04 13:17:15.918,2026-04-04 17:00:00.000,,SMB,Silver Mine Bay,銀鑛灣,true,true,true,40531,30,Clarified Water,Clarified Water,"",澄清後水,6.79000,7,2.00000,2,,0.19000,0,2.00000,2,,0.92000,1,2.00000,2,,,,-1.00000,-1,,,,-1.00000,-1,,,,-1,-1,,,,-1,-1,,2026-04-05 01:14:44.427,2026-04-05 01:14:44.427
40104,5,2,2026-04-04 20:58:32.364,2026-04-04 10:00:00.000,,TO,Tai O,大澳,true,true,true,40517,1,Raw Water (Yi O),Raw Water,Yi O,原水 (Yi O),0.00000,0,0.00000,0,,0.00000,0,0.00000,0,,,,-1.00000,-1,,,,-1.00000,-1,,,,-1.00000,-1,,,,-1,-1,,,,-1,-1,,2026-04-05 01:14:44.427,2026-04-05 01:14:44.427
40117,5,2,2026-04-05 19:44:12.154,2026-04-05 10:00:00.000,,TO,Tai O,大澳,true,true,true,40586,41,Filtered Water (1),Filtered Water,"1",過濾後水 (1),,,-1.00000,-1,,0.17000,0,2.00000,2,,,,-1.00000,-1,,,,-1.00000,-1,,,,-1.00000,-1,,,,-1,-1,,,,-1,-1,,2026-04-07 01:10:45.221,2026-04-06 01:16:15.157
40119,3,1,2026-04-05 19:04:55.908,2026-04-05 17:00:00.000,,RH,Red Hill,紅山,true,true,true,40597,44,Filtered Water (1-2),Filtered Water,"1-2",過濾後水 (1-2),,,-1.00000,-1,,0.13000,0,2.00000,2,,0.50000,0,1.00000,2,,,,-1.00000,-1,,,,-1.00000,-1,,,,-1,-1,,,,-1,-1,,2026-04-06 01:16:15.157,2026-04-06 01:16:15.157
40111,4,2,2026-04-05 09:11:52.911,2026-04-05 09:00:00.000,,CS,Cheung Sha,長沙,true,true,true,40557,40,Filtered Water,Filtered Water,"",過濾後水,,,-1.00000,-1,,0.07300,0,3.00000,3,,0.49000,1,2.00000,1,,,,-1.00000,-1,,,,-1.00000,-1,,,,-1,-1,,,,-1,-1,,2026-04-06 01:16:15.157,2026-04-06 01:16:15.157
40109,5,1,2026-04-05 08:24:27.837,2026-04-04 22:00:00.000,,TO,Tai O,大澳,true,true,true,40550,100,Final Water,Final Water,"",食水,8.50000,9,1.00000,2,,0.16000,0,2.00000,2,,1.09000,1,2.00000,2,,0.47000,0,2.00000,2,,,,-1.00000,-1,,,,-1,-1,,,,-1,-1,,2026-04-06 01:16:15.157,2026-04-06 01:16:15.157
40118,1,0,2026-04-05 18:13:17.257,2026-04-04 21:00:00.000,,SHW,Siu Ho Wan,小蠔灣,true,true,true,40592,33,Clarified Water (A & B),Clarified Water (A & B),"",澄清後水 (A & B),6.85000,7,2.00000,2,,0.38000,0,2.00000,2,,0.62000,1,2.00000,2,,,,-1.00000,-1,,,,-1.00000,-1,,,,-1,-1,,,,-1,-1,,2026-04-06 01:16:15.157,2026-04-06 01:16:15.157
40110,4,2,2026-04-05 07:25:08.044,2026-04-05 01:00:00.000,,CS,Cheung Sha,長沙,true,true,true,40554,100,Final Water,Final Water,"",食水,8.47000,9,2.00000,1,,0.08300,0,3.00000,2,,1.03000,1,2.00000,2,,0.48000,1,2.00000,2,,,,-1.00000,-1,,,,-1,-1,,,,-1,-1,,2026-04-06 01:16:15.157,2026-04-06 01:16:15.157
40110,4,2,2026-04-05 07:25:08.044,2026-04-05 01:00:00.000,,CS,Cheung Sha,長沙,true,true,true,40552,20,Dosed Water,Dosed Water,"",投藥後水,6.75000,7,2.00000,1,"",,,-1.00000,-1,,0.87000,1,2.00000,2,,,,-1.00000,-1,,,,-1.00000,-1,,,,-1,-1,,,,-1,-1,,2026-04-06 01:16:15.157,2026-04-06 01:16:15.157
40114,3,2,2026-04-05 12:15:04.608,2026-04-05 09:00:00.000,,RH,Red Hill,紅山,true,true,true,40573,100,Final Water,Final Water,"",食水,8.47000,9,2.00000,2,,0.13000,0,2.00000,2,,1.08000,1,2.00000,2,,0.51000,0,2.00000,2,,,,-1.00000,-1,,,,-1,-1,,,,-1,-1,,2026-04-06 01:16:15.157,2026-04-06 01:16:15.157
40115,4,2,2026-04-05 17:10:32.546,2026-04-05 17:00:00.000,,CS,Cheung Sha,長沙,true,true,true,40577,100,Final Water,Final Water,"",食水,8.44000,8,2.00000,2,,0.07700,0,3.00000,2,,0.94000,1,2.00000,2,,0.49600,1,3.00000,2,,,,-1.00000,-1,,,,-1,-1,,,,-1,-1,,2026-04-06 01:16:15.157,2026-04-06 01:16:15.157
40115,4,2,2026-04-05 17:10:32.546,2026-04-05 17:00:00.000,,CS,Cheung Sha,長沙,true,true,true,40574,0,Raw Water,Raw Water,"",原水,7.05000,7,2.00000,2,,0.81300,1,3.00000,2,,,,-1.00000,-1,,,,-1.00000,-1,,,,-1.00000,-1,,,,-1,-1,,,,-1,-1,,2026-04-06 01:16:15.157,2026-04-06 01:16:15.157
40116,2,1,2026-04-05 17:48:34.611,2026-04-05 17:00:00.000,,SMB,Silver Mine Bay,銀鑛灣,true,true,true,40580,30,Clarified Water,Clarified Water,"",澄清後水,0.16000,0,2.00000,2,,6.85000,7,2.00000,2,,0.90000,1,1.00000,2,,,,-1.00000,-1,,,,-1.00000,-1,,,,-1,-1,,,,-1,-1,,2026-04-06 01:16:15.157,2026-04-06 01:16:15.157
40108,2,2,2026-04-05 06:22:40.406,2026-04-05 01:00:00.000,,SMB,Silver Mine Bay,銀鑛灣,true,true,true,40541,30,Clarified Water,Clarified Water,"",澄清後水,6.78000,7,2.00000,2,,0.21000,0,2.00000,2,,0.94000,1,2.00000,2,,,,-1.00000,-1,,,,-1.00000,-1,,,,-1,-1,,,,-1,-1,,2026-04-06 01:16:15.157,2026-04-06 01:16:15.157
40127,2,2,2026-04-06 14:10:55.787,2026-04-06 08:00:00.000,,SMB,Silver Mine Bay,銀鑛灣,true,true,true,40635,0,Raw Water,Raw Water,"",原水,6.74000,7,2.00000,1,,0.67000,1,2.00000,2,,,,-1.00000,-1,,,,-1.00000,-1,,,,-1.00000,-1,,,,-1,-1,,,,-1,-1,,2026-04-07 01:10:45.221,2026-04-07 01:10:45.221
40069,2,2,2026-04-02 06:36:27.071,2026-04-01 21:00:00.000,,SMB,Silver Mine Bay,銀鑛灣,true,true,true,40347,30,Clarified Water,Clarified Water,"",澄清後水,6.90000,7,1.00000,2,,0.23000,0,2.00000,2,,0.97000,1,2.00000,1,,,,-1.00000,-1,,,,-1.00000,-1,,,,-1,-1,,,,-1,-1,,2026-04-04 01:10:55.438,2026-04-04 01:10:55.438
40107,2,2,2026-04-04 21:21:53.509,2026-04-04 17:00:00.000,,SMB,Silver Mine Bay,銀鑛灣,true,true,true,40538,100,Final Water,Final Water,"",食水,8.70000,9,1.00000,2,,0.18000,0,2.00000,2,,1.08000,1,2.00000,2,,0.48000,0,2.00000,2,,,,-1.00000,-1,,,,-1,-1,,,,-1,-1,,2026-04-06 01:16:15.157,2026-04-05 01:14:44.427
40107,2,2,2026-04-04 21:21:53.509,2026-04-04 17:00:00.000,,SMB,Silver Mine Bay,銀鑛灣,true,true,true,40534,0,Raw Water,Raw Water,"",原水,6.70000,7,1.00000,2,,0.77000,1,2.00000,2,,,,-1.00000,-1,,,,-1.00000,-1,,,,-1.00000,-1,,,,-1,-1,,,,-1,-1,,2026-04-06 01:16:15.157,2026-04-05 01:14:44.427
40101,3,2,2026-04-04 13:02:49.864,2026-04-04 09:00:00.000,,RH,Red Hill,紅山,true,true,true,40504,20,Dosed Water,Dosed Water,"",投藥後水,6.70000,7,1.00000,2,,,,-1.00000,-1,,0.92000,1,2.00000,2,,,,-1.00000,-1,,,,-1.00000,-1,,,,-1,-1,,,,-1,-1,,2026-04-05 01:14:44.427,2026-04-05 01:14:44.427
40101,3,2,2026-04-04 13:02:49.864,2026-04-04 09:00:00.000,,RH,Red Hill,紅山,true,true,true,40507,100,Final Water,Final Water,"",食水,8.40000,9,1.00000,2,,0.08000,0,2.00000,2,,1.10000,1,1.00000,0,,0.47000,0,2.00000,2,,,,-1.00000,-1,,,,-1,-1,,,,-1,-1,,2026-04-05 01:14:44.427,2026-04-05 01:14:44.427
40102,1,0,2026-04-04 17:43:30.221,2026-04-03 21:00:00.000,,SHW,Siu Ho Wan,小蠔灣,true,true,true,40509,20,Dosed Water,Dosed Water,"",投藥後水,6.90000,7,1.00000,2,,,,-1.00000,-1,,,,-1.00000,-1,,,,-1.00000,-1,,,,-1.00000,-1,,,,-1,-1,,,,-1,-1,,2026-04-05 01:14:44.427,2026-04-05 01:14:44.427
40104,5,2,2026-04-04 20:58:32.364,2026-04-04 10:00:00.000,,TO,Tai O,大澳,true,true,true,40519,20,Dosed Water,Dosed Water,"",投藥後水,6.50000,7,1.00000,2,,,,-1.00000,-1,,,,-1.00000,-1,,,,-1.00000,-1,,,,-1.00000,-1,,,,-1,-1,,,,-1,-1,,2026-04-05 01:14:44.427,2026-04-05 01:14:44.427
40098,4,2,2026-04-04 09:39:23.423,2026-04-04 09:00:00.000,,CS,Cheung Sha,長沙,true,true,true,40492,100,Final Water,Final Water,"",食水,8.47000,9,2.00000,1,,0.09600,0,3.00000,3,,0.98000,1,2.00000,2,,0.48400,1,3.00000,1,,,,-1.00000,-1,,,,-1,-1,,,,-1,-1,,2026-04-05 01:14:44.427,2026-04-05 01:14:44.427
40098,4,2,2026-04-04 09:39:23.423,2026-04-04 09:00:00.000,,CS,Cheung Sha,長沙,true,true,true,40489,0,Raw Water,Raw Water,"",原水,6.96000,7,2.00000,2,,0.84000,1,2.00000,2,,,,-1.00000,-1,,,,-1.00000,-1,,,,-1.00000,-1,,,,-1,-1,,,,-1,-1,,2026-04-05 01:14:44.427,2026-04-05 01:14:44.427
40093,2,1,2026-04-04 06:38:29.799,2026-04-04 00:30:00.000,,SMB,Silver Mine Bay,銀鑛灣,true,true,true,40464,20,Dosed Water,Dosed Water,"",投藥後水,6.57000,7,2.00000,2,,,,-1.00000,-1,,,,-1.00000,-1,,,,-1.00000,-1,,,,-1.00000,-1,,,,-1,-1,,,,-1,-1,,2026-04-05 01:14:44.427,2026-04-05 01:14:44.427
40096,4,2,2026-04-04 07:22:24.050,2026-04-04 01:00:00.000,,CS,Cheung Sha,長沙,true,true,true,40479,20,Dosed Water,Dosed Water,"",投藥後水,6.69000,7,2.00000,2,,,,-1.00000,-1,,0.84000,1,2.00000,2,,,,-1.00000,-1,,,,-1.00000,-1,,,,-1,-1,,,,-1,-1,,2026-04-05 01:14:44.427,2026-04-05 01:14:44.427
40107,2,2,2026-04-04 21:21:53.509,2026-04-04 17:00:00.000,,SMB,Silver Mine Bay,銀鑛灣,true,true,true,40537,40,Filtered Water,Filtered Water,"",過濾後水,,,-1.00000,-1,,0.11000,0,2.00000,2,,0.68000,1,2.00000,2,,,,-1.00000,-1,,,,-1.00000,-1,,,,-1,-1,,,,-1,-1,,2026-04-06 01:16:15.157,2026-04-05 01:14:44.427
40097,5,2,2026-04-04 07:42:01.291,2026-04-03 22:00:00.000,,TO,Tai O,大澳,true,true,true,40485,41,Filtered Water (1),Filtered Water,"1",過濾後水 (1),,,-1.00000,-1,,0.15000,0,2.00000,2,,,,-1.00000,-1,,,,-1.00000,-1,,,,-1.00000,-1,,,,-1,-1,,,,-1,-1,,2026-04-05 01:14:44.427,2026-04-05 01:14:44.427
40097,5,2,2026-04-04 07:42:01.291,2026-04-03 22:00:00.000,,TO,Tai O,大澳,true,true,true,40486,42,Filtered Water (2),Filtered Water,"2",過濾後水 (2),,,-1.00000,-1,,0.15000,0,2.00000,2,,,,-1.00000,-1,,,,-1.00000,-1,,,,-1.00000,-1,,,,-1,-1,,,,-1,-1,,2026-04-05 01:14:44.427,2026-04-05 01:14:44.427
40104,5,2,2026-04-04 20:58:32.364,2026-04-04 10:00:00.000,,TO,Tai O,大澳,true,true,true,40521,42,Filtered Water (2),Filtered Water,"2",過濾後水 (2),,,-1.00000,-1,,0.16000,0,2.00000,2,,,,-1.00000,-1,,,,-1.00000,-1,,,,-1.00000,-1,,,,-1,-1,,,,-1,-1,,2026-04-05 01:14:44.427,2026-04-05 01:14:44.427
40098,4,2,2026-04-04 09:39:23.423,2026-04-04 09:00:00.000,,CS,Cheung Sha,長沙,true,true,true,40491,40,Filtered Water,Filtered Water,"",過濾後水,,,-1.00000,-1,,0.07000,0,2.00000,3,,0.50000,0,1.00000,2,,,,-1.00000,-1,,,,-1.00000,-1,,,,-1,-1,,,,-1,-1,,2026-04-05 01:14:44.427,2026-04-05 01:14:44.427
40100,1,0,2026-04-04 11:58:26.684,2026-04-03 13:00:00.000,,SHW,Siu Ho Wan,小蠔灣,true,true,true,40501,40,Filtered Water,Filtered Water,"",過濾後水,,,-1.00000,-1,,0.11000,1,2.00000,2,,0.57000,1,2.00000,2,,,,-1.00000,-1,,,,-1.00000,-1,,,,-1,-1,,,,-1,-1,,2026-04-05 01:14:44.427,2026-04-05 01:14:44.427
40106,2,-1,2026-04-04 13:17:15.918,2026-04-04 17:00:00.000,,SMB,Silver Mine Bay,銀鑛灣,true,true,true,40532,40,Filtered Water,Filtered Water,"",過濾後水,,,-1.00000,-1,,0.11000,0,2.00000,2,,0.68000,1,2.00000,2,,,,-1.00000,-1,,,,-1.00000,-1,,,,-1,-1,,,,-1,-1,,2026-04-05 01:14:44.427,2026-04-05 01:14:44.427
40096,4,2,2026-04-04 07:22:24.050,2026-04-04 01:00:00.000,,CS,Cheung Sha,長沙,true,true,true,40480,40,Filtered Water,Filtered Water,"",過濾後水,,,-1.00000,-1,,0.06800,0,3.00000,2,,0.49000,1,2.00000,2,,,,-1.00000,-1,,,,-1.00000,-1,,,,-1,-1,,,,-1,-1,,2026-04-05 01:14:44.427,2026-04-05 01:14:44.427
40090,4,2,2026-04-03 22:55:32.970,2026-04-03 17:00:00.000,,CS,Cheung Sha,長沙,true,true,true,40451,40,Filtered Water,Filtered Water,"",過濾後水,,,-1.00000,-1,,0.07600,0,3.00000,3,,0.48000,1,2.00000,1,,,,-1.00000,-1,,,,-1.00000,-1,,,,-1,-1,,,,-1,-1,,2026-04-05 01:14:44.427,2026-04-04 01:10:55.438
40084,1,0,2026-04-03 09:47:48.918,2026-04-02 13:00:00.000,,SHW,Siu Ho Wan,小蠔灣,true,true,true,40420,40,Filtered Water,Filtered Water,"",過濾後水,,,-1.00000,-1,,0.10000,0,1.00000,2,,0.61000,1,2.00000,2,,,,-1.00000,-1,,,,-1.00000,-1,,,,-1,-1,,,,-1,-1,,2026-04-04 01:10:55.438,2026-04-04 01:10:55.438
40085,3,2,2026-04-03 12:26:13.724,2026-04-03 09:00:00.000,,RH,Red Hill,紅山,true,true,true,40425,45,Filtered Water (3-4),Filtered Water,"3-4",過濾後水 (3-4),,,-1.00000,-1,,0.11000,0,2.00000,2,,0.62000,1,2.00000,2,,,,-1.00000,-1,,,,-1.00000,-1,,,,-1,-1,,,,-1,-1,,2026-04-04 01:10:55.438,2026-04-04 01:10:55.438
40072,3,0,2026-04-02 08:42:06.308,2026-04-02 01:00:00.000,,RH,Red Hill,紅山,true,true,true,40362,45,Filtered Water (3-4),Filtered Water,"3-4",過濾後水 (3-4),,,-1.00000,-1,,0.12000,0,2.00000,2,,0.55000,1,2.00000,2,,,,-1.00000,-1,,,,-1.00000,-1,,,,-1,-1,,,,-1,-1,,2026-04-04 01:10:55.438,2026-04-04 01:10:55.438
40074,1,0,2026-04-02 11:04:27.199,2026-04-01 13:00:00.000,,SHW,Siu Ho Wan,小蠔灣,true,true,true,40370,33,Clarified Water (A & B),Clarified Water (A & B),"",澄清後水 (A & B),7.02000,7,2.00000,2,,0.38000,0,2.00000,2,,0.68000,1,2.00000,2,,,,-1.00000,-1,,,,-1.00000,-1,,,,-1,-1,,,,-1,-1,,2026-04-04 01:10:55.438,2026-04-04 01:10:55.438
40074,1,0,2026-04-02 11:04:27.199,2026-04-01 13:00:00.000,,SHW,Siu Ho Wan,小蠔灣,true,true,true,40368,0,Raw Water,Raw Water,"",原水,7.56000,7,2.00000,1,,1.07000,1,2.00000,2,,,,-1.00000,-1,,,,-1.00000,-1,,,,-1.00000,-1,,,,-1,-1,,,,-1,-1,,2026-04-04 01:10:55.438,2026-04-04 01:10:55.438
40081,2,2,2026-04-03 13:21:35.726,2026-04-03 01:00:00.000,,SMB,Silver Mine Bay,銀鑛灣,true,true,true,40408,100,Final Water,Final Water,"",食水,8.57000,9,2.00000,2,,0.16000,0,2.00000,2,,1.07000,1,2.00000,2,,0.52000,1,2.00000,2,,,,-1.00000,-1,,,,-1,-1,,,,-1,-1,,2026-04-04 01:10:55.438,2026-04-04 01:10:55.438
40085,3,2,2026-04-03 12:26:13.724,2026-04-03 09:00:00.000,,RH,Red Hill,紅山,true,true,true,40426,100,Final Water,Final Water,"",食水,0.10000,0,1.00000,2,,8.47000,8,2.00000,2,,1.12000,1,2.00000,2,,0.51000,0,2.00000,2,,,,-1.00000,-1,,,,-1,-1,,,,-1,-1,,2026-04-04 01:10:55.438,2026-04-04 01:10:55.438
40087,1,0,2026-04-03 17:16:13.558,2026-04-02 21:00:00.000,,SHW,Siu Ho Wan,小蠔灣,true,true,true,40433,20,Dosed Water,Dosed Water,"",投藥後水,6.95000,7,2.00000,2,,,,-1.00000,-1,,,,-1.00000,-1,,,,-1.00000,-1,,,,-1.00000,-1,,,,-1,-1,,,,-1,-1,,2026-04-04 01:10:55.438,2026-04-04 01:10:55.438
40082,4,2,2026-04-03 07:25:08.281,2026-04-03 01:00:00.000,,CS,Cheung Sha,長沙,true,true,true,40410,20,Dosed Water,Dosed Water,"",投藥後水,6.75000,7,2.00000,2,,,,-1.00000,-1,,0.85000,1,2.00000,2,,,,-1.00000,-1,,,,-1.00000,-1,,,,-1,-1,,,,-1,-1,,2026-04-04 01:10:55.438,2026-04-04 01:10:55.438
40073,4,2,2026-04-02 09:39:08.310,2026-04-02 09:00:00.000,,CS,Cheung Sha,長沙,true,true,true,40365,20,Dosed Water,Dosed Water,"",投藥後水,6.74000,7,2.00000,2,,,,-1.00000,-1,,0.83000,1,2.00000,2,,,,-1.00000,-1,,,,-1.00000,-1,,,,-1,-1,,,,-1,-1,,2026-04-04 01:10:55.438,2026-04-04 01:10:55.438
40078,5,2,2026-04-02 19:34:18.651,2026-04-02 10:00:00.000,,TO,Tai O,大澳,true,true,true,40392,43,Filtered Water (3),Filtered Water,"3",過濾後水 (3),,,-1.00000,-1,,0.18000,0,2.00000,2,,,,-1.00000,-1,,,,-1.00000,-1,,,,-1.00000,-1,,,,-1,-1,,,,-1,-1,,2026-04-04 01:10:55.438,2026-04-04 01:10:55.438
40076,2,2,2026-04-03 13:21:08.119,2026-04-02 13:00:00.000,,SMB,Silver Mine Bay,銀鑛灣,true,true,true,40382,100,Final Water,Final Water,"",食水,8.61000,9,2.00000,2,,0.19000,0,2.00000,2,,1.02000,1,2.00000,2,,0.53000,1,2.00000,2,,,,-1.00000,-1,,,,-1,-1,,,,-1,-1,,2026-04-04 01:10:55.438,2026-04-04 01:10:55.438
40097,5,2,2026-04-04 07:42:01.291,2026-04-03 22:00:00.000,,TO,Tai O,大澳,true,true,true,40483,2,Raw Water (Shek Pik),Raw Water,Shek Pik,原水 (Shek Pik),6.91000,7,2.00000,2,,1.32000,1,2.00000,2,,,,-1.00000,-1,,,,-1.00000,-1,,,,-1.00000,-1,,,,-1,-1,,,,-1,-1,,2026-04-05 01:14:44.427,2026-04-05 01:14:44.427
40091,3,1,2026-04-04 06:17:04.795,2026-04-03 17:00:00.000,,RH,Red Hill,紅山,true,true,true,40454,20,Dosed Water,Dosed Water,"",投藥後水,6.85000,7,2.00000,2,,,,-1.00000,-1,,0.64000,1,2.00000,1,,,,-1.00000,-1,,,,-1.00000,-1,,,,-1,-1,,,,-1,-1,,2026-04-05 01:14:44.427,2026-04-05 01:14:44.427
40103,4,2,2026-04-04 18:49:33.338,2026-04-04 17:00:00.000,,CS,Cheung Sha,長沙,true,true,true,40516,100,Final Water,Final Water,"",食水,8.45000,9,2.00000,2,,0.07500,0,3.00000,2,,1.04000,1,2.00000,2,,0.48000,0,2.00000,2,,,,-1.00000,-1,,,,-1,-1,,,,-1,-1,,2026-04-05 01:14:44.427,2026-04-05 01:14:44.427
40103,4,2,2026-04-04 18:49:33.338,2026-04-04 17:00:00.000,,CS,Cheung Sha,長沙,true,true,true,40513,0,Raw Water,Raw Water,"",原水,7.05000,7,2.00000,2,,0.79000,1,2.00000,2,,,,-1.00000,-1,,,,-1.00000,-1,,,,-1.00000,-1,,,,-1,-1,,,,-1,-1,,2026-04-05 01:14:44.427,2026-04-05 01:14:44.427
40104,5,2,2026-04-04 20:58:32.364,2026-04-04 10:00:00.000,,TO,Tai O,大澳,true,true,true,40523,100,Final Water,Final Water,"",食水,8.56000,9,2.00000,2,,0.11000,0,2.00000,2,,1.03000,1,2.00000,2,,0.52000,1,2.00000,2,,,,-1.00000,-1,,,,-1,-1,,,,-1,-1,,2026-04-05 01:14:44.427,2026-04-05 01:14:44.427
40100,1,0,2026-04-04 11:58:26.684,2026-04-03 13:00:00.000,,SHW,Siu Ho Wan,小蠔灣,true,true,true,40500,33,Clarified Water (A & B),Clarified Water (A & B),"",澄清後水 (A & B),6.87000,7,2.00000,2,,0.41000,0,2.00000,2,,0.69000,1,2.00000,2,,,,-1.00000,-1,,,,-1.00000,-1,,,,-1,-1,,,,-1,-1,,2026-04-05 01:14:44.427,2026-04-05 01:14:44.427
40106,2,-1,2026-04-04 13:17:15.918,2026-04-04 17:00:00.000,,SMB,Silver Mine Bay,銀鑛灣,true,true,true,40529,0,Raw Water,Raw Water,"",原水,6.70000,7,1.00000,2,,0.71000,1,2.00000,2,,,,-1.00000,-1,,,,-1.00000,-1,,,,-1.00000,-1,,,,-1,-1,,,,-1,-1,,2026-04-05 01:14:44.427,2026-04-05 01:14:44.427
40097,5,2,2026-04-04 07:42:01.291,2026-04-03 22:00:00.000,,TO,Tai O,大澳,true,true,true,40484,20,Dosed Water,Dosed Water,"",投藥後水,6.53000,7,2.00000,2,,,,-1.00000,-1,,,,-1.00000,-1,,,,-1.00000,-1,,,,-1.00000,-1,,,,-1,-1,,,,-1,-1,,2026-04-05 01:14:44.427,2026-04-05 01:14:44.427
40101,3,2,2026-04-04 13:02:49.864,2026-04-04 09:00:00.000,,RH,Red Hill,紅山,true,true,true,40503,0,Raw Water,Raw Water,"",原水,6.84000,7,2.00000,2,,1.17000,1,2.00000,2,,,,-1.00000,-1,,,,-1.00000,-1,,,,-1.00000,-1,,,,-1,-1,,,,-1,-1,,2026-04-05 01:14:44.427,2026-04-05 01:14:44.427
40102,1,0,2026-04-04 17:43:30.221,2026-04-03 21:00:00.000,,SHW,Siu Ho Wan,小蠔灣,true,true,true,40512,100,Final Water,Final Water,"",食水,8.45000,8,2.00000,1,,0.19000,0,2.00000,2,,0.96000,1,2.00000,2,,0.49000,1,2.00000,1,,,,-1.00000,-1,,,,-1,-1,,,,-1,-1,,2026-04-05 01:14:44.427,2026-04-05 01:14:44.427
40102,1,0,2026-04-04 17:43:30.221,2026-04-03 21:00:00.000,,SHW,Siu Ho Wan,小蠔灣,true,true,true,40511,40,Filtered Water,Filtered Water,"",過濾後水,,,-1.00000,-1,,0.12000,0,2.00000,2,,0.62000,0,2.00000,2,,,,-1.00000,-1,,,,-1.00000,-1,,,,-1,-1,,,,-1,-1,,2026-04-05 01:14:44.427,2026-04-05 01:14:44.427
40095,3,1,2026-04-04 06:52:11.100,2026-04-04 01:00:00.000,,RH,Red Hill,紅山,true,true,true,40476,45,Filtered Water (3-4),Filtered Water,"3-4",過濾後水 (3-4),,,-1.00000,-1,,0.09000,0,2.00000,2,,0.57000,1,2.00000,1,,,,-1.00000,-1,,,,-1.00000,-1,,,,-1,-1,,,,-1,-1,,2026-04-05 01:14:44.427,2026-04-05 01:14:44.427
40117,5,2,2026-04-05 19:44:12.154,2026-04-05 10:00:00.000,,TO,Tai O,大澳,true,true,true,40584,2,Raw Water (Shek Pik),Raw Water,Shek Pik,原水 (Shek Pik),6.97000,7,2.00000,2,,0.87000,1,2.00000,2,,,,-1.00000,-1,,,,-1.00000,-1,,,,-1.00000,-1,,,,-1,-1,,,,-1,-1,,2026-04-07 01:10:45.221,2026-04-06 01:16:15.157
40114,3,2,2026-04-05 12:15:04.608,2026-04-05 09:00:00.000,,RH,Red Hill,紅山,true,true,true,40571,44,Filtered Water (1-2),Filtered Water,"1-2",過濾後水 (1-2),,,-1.00000,-1,,0.13000,0,2.00000,2,,0.58000,1,2.00000,2,,,,-1.00000,-1,,,,-1.00000,-1,,,,-1,-1,,,,-1,-1,,2026-04-06 01:16:15.157,2026-04-06 01:16:15.157
40116,2,1,2026-04-05 17:48:34.611,2026-04-05 17:00:00.000,,SMB,Silver Mine Bay,銀鑛灣,true,true,true,40581,40,Filtered Water,Filtered Water,"",過濾後水,,,-1.00000,-1,,0.10000,0,1.00000,2,,0.79000,1,2.00000,2,,,,-1.00000,-1,,,,-1.00000,-1,,,,-1,-1,,,,-1,-1,,2026-04-06 01:16:15.157,2026-04-06 01:16:15.157
40109,5,1,2026-04-05 08:24:27.837,2026-04-04 22:00:00.000,,TO,Tai O,大澳,true,true,true,40548,42,Filtered Water (2),Filtered Water,"2",過濾後水 (2),,,-1.00000,-1,,0.18000,0,2.00000,2,,,,-1.00000,-1,,,,-1.00000,-1,,,,-1.00000,-1,,,,-1,-1,,,,-1,-1,,2026-04-06 01:16:15.157,2026-04-06 01:16:15.157
40109,5,1,2026-04-05 08:24:27.837,2026-04-04 22:00:00.000,,TO,Tai O,大澳,true,true,true,40547,41,Filtered Water (1),Filtered Water,"1",過濾後水 (1),,,-1.00000,-1,,0.14000,0,2.00000,2,,,,-1.00000,-1,,,,-1.00000,-1,,,,-1.00000,-1,,,,-1,-1,,,,-1,-1,,2026-04-06 01:16:15.157,2026-04-06 01:16:15.157
40118,1,0,2026-04-05 18:13:17.257,2026-04-04 21:00:00.000,,SHW,Siu Ho Wan,小蠔灣,true,true,true,40593,40,Filtered Water,Filtered Water,"",過濾後水,,,-1.00000,-1,,0.12000,0,2.00000,2,,0.55000,1,2.00000,2,,,,-1.00000,-1,,,,-1.00000,-1,,,,-1,-1,,,,-1,-1,,2026-04-06 01:16:15.157,2026-04-06 01:16:15.157
40113,2,2,2026-04-05 12:55:37.217,2026-04-05 08:00:00.000,,SMB,Silver Mine Bay,銀鑛灣,true,true,true,40565,20,Dosed Water,Dosed Water,"",投藥後水,6.70000,7,1.00000,2,,,,-1.00000,-1,,,,-1.00000,-1,,,,-1.00000,-1,,,,-1.00000,-1,,,,-1,-1,,,,-1,-1,,2026-04-06 01:16:15.157,2026-04-06 01:16:15.157
40113,2,2,2026-04-05 12:55:37.217,2026-04-05 08:00:00.000,,SMB,Silver Mine Bay,銀鑛灣,true,true,true,40568,100,Final Water,Final Water,"",食水,8.70000,9,1.00000,2,,0.17000,0,2.00000,2,,1.03000,1,2.00000,2,,0.47000,0,2.00000,2,,,,-1.00000,-1,,,,-1,-1,,,,-1,-1,,2026-04-06 01:16:15.157,2026-04-06 01:16:15.157
40115,4,2,2026-04-05 17:10:32.546,2026-04-05 17:00:00.000,,CS,Cheung Sha,長沙,true,true,true,40575,20,Dosed Water,Dosed Water,"",投藥後水,6.83000,7,2.00000,2,,,,-1.00000,-1,,0.82000,1,2.00000,2,,,,-1.00000,-1,,,,-1.00000,-1,,,,-1,-1,,,,-1,-1,,2026-04-06 01:16:15.157,2026-04-06 01:16:15.157
40116,2,1,2026-04-05 17:48:34.611,2026-04-05 17:00:00.000,,SMB,Silver Mine Bay,銀鑛灣,true,true,true,40582,100,Final Water,Final Water,"",食水,8.80000,9,1.00000,2,,0.19000,0,2.00000,2,,1.09000,1,2.00000,2,,0.47000,1,2.00000,2,,,,-1.00000,-1,,,,-1,-1,,,,-1,-1,,2026-04-06 01:16:15.157,2026-04-06 01:16:15.157
40070,2,2,2026-04-02 06:37:50.596,2026-04-02 00:00:00.000,,SMB,Silver Mine Bay,銀鑛灣,true,true,true,40350,0,Raw Water,Raw Water,"",原水,6.76000,7,2.00000,2,,0.99000,1,2.00000,2,,,,-1.00000,-1,,,,-1.00000,-1,,,,-1.00000,-1,,,,-1,-1,,,,-1,-1,,2026-04-04 01:10:55.438,2026-04-04 01:10:55.438
40077,4,2,2026-04-02 17:53:13.763,2026-04-02 17:00:00.000,,CS,Cheung Sha,長沙,true,true,true,40386,100,Final Water,Final Water,"",食水,8.54000,9,2.00000,2,,0.09200,0,3.00000,3,,1.02000,1,2.00000,2,,0.48000,1,2.00000,2,,,,-1.00000,-1,,,,-1,-1,,,,-1,-1,,2026-04-04 01:10:55.438,2026-04-04 01:10:55.438
40077,4,2,2026-04-02 17:53:13.763,2026-04-02 17:00:00.000,,CS,Cheung Sha,長沙,true,true,true,40384,20,Dosed Water,Dosed Water,"",投藥後水,6.74000,7,2.00000,2,,,,-1.00000,-1,,0.90000,1,1.00000,2,,,,-1.00000,-1,,,,-1.00000,-1,,,,-1,-1,,,,-1,-1,,2026-04-04 01:10:55.438,2026-04-04 01:10:55.438
40083,4,2,2026-04-03 09:44:59.509,2026-04-03 09:00:00.000,,CS,Cheung Sha,長沙,true,true,true,40413,0,Raw Water,Raw Water,"",原水,7.04000,7,2.00000,2,,0.73500,1,3.00000,2,,,,-1.00000,-1,,,,-1.00000,-1,,,,-1.00000,-1,,,,-1,-1,,,,-1,-1,,2026-04-04 01:10:55.438,2026-04-04 01:10:55.438
40069,2,2,2026-04-02 06:36:27.071,2026-04-01 21:00:00.000,,SMB,Silver Mine Bay,銀鑛灣,true,true,true,40349,100,Final Water,Final Water,"",食水,8.66000,9,2.00000,2,,0.18000,0,2.00000,2,,1.11000,1,2.00000,1,,0.47000,0,2.00000,2,,,,-1.00000,-1,,,,-1,-1,,,,-1,-1,,2026-04-04 01:10:55.438,2026-04-04 01:10:55.438
40069,2,2,2026-04-02 06:36:27.071,2026-04-01 21:00:00.000,,SMB,Silver Mine Bay,銀鑛灣,true,true,true,40346,20,Dosed Water,Dosed Water,"",投藥後水,6.77000,7,2.00000,2,,,,-1.00000,-1,,,,-1.00000,-1,,,,-1.00000,-1,,,,-1.00000,-1,,,,-1,-1,,,,-1,-1,,2026-04-04 01:10:55.438,2026-04-04 01:10:55.438
40074,1,0,2026-04-02 11:04:27.199,2026-04-01 13:00:00.000,,SHW,Siu Ho Wan,小蠔灣,true,true,true,40369,20,Dosed Water,Dosed Water,"",投藥後水,6.99000,7,2.00000,1,,,,-1.00000,-1,,,,-1.00000,-1,,,,-1.00000,-1,,,,-1.00000,-1,,,,-1,-1,,,,-1,-1,,2026-04-04 01:10:55.438,2026-04-04 01:10:55.438
40085,3,2,2026-04-03 12:26:13.724,2026-04-03 09:00:00.000,,RH,Red Hill,紅山,true,true,true,40422,0,Raw Water,Raw Water,"",原水,6.99000,7,2.00000,2,,1.18000,1,2.00000,1,,,,-1.00000,-1,,,,-1.00000,-1,,,,-1.00000,-1,,,,-1,-1,,,,-1,-1,,2026-04-04 01:10:55.438,2026-04-04 01:10:55.438
40087,1,0,2026-04-03 17:16:13.558,2026-04-02 21:00:00.000,,SHW,Siu Ho Wan,小蠔灣,true,true,true,40434,33,Clarified Water (A & B),Clarified Water (A & B),"",澄清後水 (A & B),6.95000,7,2.00000,2,,0.68000,0,2.00000,2,,0.72000,1,2.00000,2,,,,-1.00000,-1,,,,-1.00000,-1,,,,-1,-1,,,,-1,-1,,2026-04-04 01:10:55.438,2026-04-04 01:10:55.438
40104,5,2,2026-04-04 20:58:32.364,2026-04-04 10:00:00.000,,TO,Tai O,大澳,true,true,true,40518,2,Raw Water (Shek Pik),Raw Water,Shek Pik,原水 (Shek Pik),6.83000,7,2.00000,2,,0.89000,1,2.00000,2,,,,-1.00000,-1,,,,-1.00000,-1,,,,-1.00000,-1,,,,-1,-1,,,,-1,-1,,2026-04-05 01:14:44.427,2026-04-05 01:14:44.427
40097,5,2,2026-04-04 07:42:01.291,2026-04-03 22:00:00.000,,TO,Tai O,大澳,true,true,true,40488,100,Final Water,Final Water,"",食水,8.57000,9,2.00000,2,,0.14000,0,2.00000,2,,1.08000,1,2.00000,2,,0.48000,0,2.00000,2,,,,-1.00000,-1,,,,-1,-1,,,,-1,-1,,2026-04-05 01:14:44.427,2026-04-05 01:14:44.427
40097,5,2,2026-04-04 07:42:01.291,2026-04-03 22:00:00.000,,TO,Tai O,大澳,true,true,true,40487,43,Filtered Water (3),Filtered Water,"3",過濾後水 (3),,,-1.00000,-1,,0.16000,0,2.00000,2,,,,-1.00000,-1,,,,-1.00000,-1,,,,-1.00000,-1,,,,-1,-1,,,,-1,-1,,2026-04-05 01:14:44.427,2026-04-05 01:14:44.427
40102,1,0,2026-04-04 17:43:30.221,2026-04-03 21:00:00.000,,SHW,Siu Ho Wan,小蠔灣,true,true,true,40508,0,Raw Water,Raw Water,"",原水,7.30000,7,1.00000,2,,0.95000,1,2.00000,1,,,,-1.00000,-1,,,,-1.00000,-1,,,,-1.00000,-1,,,,-1,-1,,,,-1,-1,,2026-04-05 01:14:44.427,2026-04-05 01:14:44.427
40095,3,1,2026-04-04 06:52:11.100,2026-04-04 01:00:00.000,,RH,Red Hill,紅山,true,true,true,40474,20,Dosed Water,Dosed Water,"",投藥後水,6.93000,7,2.00000,2,,,,-1.00000,-1,,0.94000,1,2.00000,2,,,,-1.00000,-1,,,,-1.00000,-1,,,,-1,-1,,,,-1,-1,,2026-04-05 01:14:44.427,2026-04-05 01:14:44.427
40095,3,1,2026-04-04 06:52:11.100,2026-04-04 01:00:00.000,,RH,Red Hill,紅山,true,true,true,40477,100,Final Water,Final Water,"",食水,8.55000,9,2.00000,2,,0.10000,0,1.00000,2,,1.11000,1,2.00000,2,,0.48000,0,2.00000,2,,,,-1.00000,-1,,,,-1,-1,,,,-1,-1,,2026-04-05 01:14:44.427,2026-04-05 01:14:44.427
40091,3,1,2026-04-04 06:17:04.795,2026-04-03 17:00:00.000,,RH,Red Hill,紅山,true,true,true,40457,100,Final Water,Final Water,"",食水,8.57000,9,2.00000,2,,0.10000,0,1.00000,2,,1.07000,1,2.00000,2,,0.47000,1,2.00000,2,,,,-1.00000,-1,,,,-1,-1,,,,-1,-1,,2026-04-05 01:14:44.427,2026-04-05 01:14:44.427
40107,2,2,2026-04-04 21:21:53.509,2026-04-04 17:00:00.000,,SMB,Silver Mine Bay,銀鑛灣,true,true,true,40535,20,Dosed Water,Dosed Water,"",投藥後水,6.70000,7,1.00000,2,,,,-1.00000,-1,,,,-1.00000,-1,,,,-1.00000,-1,,,,-1.00000,-1,,,,-1,-1,,,,-1,-1,,2026-04-06 01:16:15.157,2026-04-05 01:14:44.427
40105,3,2,2026-04-04 19:39:24.839,2026-04-04 17:00:00.000,,RH,Red Hill,紅山,true,true,true,40524,0,Raw Water,Raw Water,"",原水,6.91000,7,2.00000,2,,1.15000,1,2.00000,2,,,,-1.00000,-1,,,,-1.00000,-1,,,,-1.00000,-1,,,,-1,-1,,,,-1,-1,,2026-04-05 01:14:44.427,2026-04-05 01:14:44.427
40128,1,0,2026-04-06 17:28:19.257,2026-04-05 21:00:00.000,,SHW,Siu Ho Wan,小蠔灣,true,true,true,40641,20,Dosed Water,Dosed Water,"",投藥後水,6.88000,7,2.00000,2,,,,-1.00000,-1,,,,-1.00000,-1,,,,-1.00000,-1,,,,-1.00000,-1,,,,-1,-1,,,,-1,-1,,2026-04-07 01:10:45.221,2026-04-07 01:10:45.221
40128,1,0,2026-04-06 17:28:19.257,2026-04-05 21:00:00.000,,SHW,Siu Ho Wan,小蠔灣,true,true,true,40642,33,Clarified Water (A & B),Clarified Water (A & B),"",澄清後水 (A & B),6.88000,7,2.00000,1,,0.40000,0,1.00000,2,"",0.86000,1,2.00000,2,,,,-1.00000,-1,,,,-1.00000,-1,,,,-1,-1,,,,-1,-1,,2026-04-07 01:10:45.221,2026-04-07 01:10:45.221
40126,1,0,2026-04-06 11:44:42.718,2026-04-05 13:00:00.000,,SHW,Siu Ho Wan,小蠔灣,true,true,true,40631,20,Dosed Water,Dosed Water,"",投藥後水,6.88000,7,2.00000,2,,,,-1.00000,-1,,,,-1.00000,-1,,,,-1.00000,-1,,,,-1.00000,-1,,,,-1,-1,,,,-1,-1,,2026-04-07 01:10:45.221,2026-04-07 01:10:45.221
40126,1,0,2026-04-06 11:44:42.718,2026-04-05 13:00:00.000,,SHW,Siu Ho Wan,小蠔灣,true,true,true,40630,0,Raw Water,Raw Water,"",原水,7.52000,7,2.00000,1,,2.70000,3,1.00000,2,,,,-1.00000,-1,,,,-1.00000,-1,,,,-1.00000,-1,,,,-1,-1,,,,-1,-1,,2026-04-07 01:10:45.221,2026-04-07 01:10:45.221
40120,3,1,2026-04-06 06:24:37.943,2026-04-06 01:00:00.000,,RH,Red Hill,紅山,true,true,true,40600,0,Raw Water,Raw Water,"",原水,6.89000,7,2.00000,2,,1.53000,2,2.00000,1,,,,-1.00000,-1,,,,-1.00000,-1,,,,-1.00000,-1,,,,-1,-1,,,,-1,-1,,2026-04-07 01:10:45.221,2026-04-07 01:10:45.221
40125,4,2,2026-04-06 09:44:15.118,2026-04-06 09:00:00.000,,CS,Cheung Sha,長沙,true,true,true,40627,20,Dosed Water,Dosed Water,"",投藥後水,6.71000,7,2.00000,2,,,,-1.00000,-1,,0.86000,1,2.00000,2,,,,-1.00000,-1,,,,-1.00000,-1,,,,-1,-1,,,,-1,-1,,2026-04-07 01:10:45.221,2026-04-07 01:10:45.221
40129,2,2,2026-04-07 06:50:50.880,2026-04-06 17:00:00.000,,SMB,Silver Mine Bay,銀鑛灣,true,true,true,40646,20,Dosed Water,Dosed Water,"",投藥後水,6.56000,7,2.00000,2,,,,-1.00000,-1,,,,-1.00000,-1,,,,-1.00000,-1,,,,-1.00000,-1,,,,-1,-1,,,,-1,-1,,2026-04-08 01:10:53.640,2026-04-07 01:10:45.221
40124,3,2,2026-04-06 09:23:16.942,2026-04-06 09:00:00.000,,RH,Red Hill,紅山,true,true,true,40622,20,Dosed Water,Dosed Water,"",投藥後水,6.79000,7,2.00000,2,,,,-1.00000,-1,,0.89000,1,2.00000,2,,,,-1.00000,-1,,,,-1.00000,-1,,,,-1,-1,,,,-1,-1,,2026-04-07 01:10:45.221,2026-04-07 01:10:45.221
40124,3,2,2026-04-06 09:23:16.942,2026-04-06 09:00:00.000,,RH,Red Hill,紅山,true,true,true,40625,100,Final Water,Final Water,"",食水,8.38000,8,2.00000,2,,0.12000,0,2.00000,2,,1.10000,1,1.00000,2,,0.52000,1,2.00000,1,,,,-1.00000,-1,,,,-1,-1,,,,-1,-1,,2026-04-07 01:10:45.221,2026-04-07 01:10:45.221
40121,2,2,2026-04-06 06:47:21.947,2026-04-06 06:30:00.000,,SMB,Silver Mine Bay,銀鑛灣,true,true,true,40608,40,Filtered Water,Filtered Water,"",過濾後水,,,-1.00000,-1,,0.11000,0,2.00000,2,,0.70000,1,1.00000,2,,,,-1.00000,-1,,,,-1.00000,-1,,,,-1,-1,,,,-1,-1,,2026-04-07 01:10:45.221,2026-04-07 01:10:45.221
40123,5,2,2026-04-06 09:15:53.121,2026-04-05 22:00:00.000,,TO,Tai O,大澳,true,true,true,40618,42,Filtered Water (2),Filtered Water,"2",過濾後水 (2),,,-1.00000,-1,,0.17000,0,2.00000,2,,,,-1.00000,-1,,,,-1.00000,-1,,,,-1.00000,-1,,,,-1,-1,,,,-1,-1,,2026-04-07 01:10:45.221,2026-04-07 01:10:45.221
40125,4,2,2026-04-06 09:44:15.118,2026-04-06 09:00:00.000,,CS,Cheung Sha,長沙,true,true,true,40628,40,Filtered Water,Filtered Water,"",過濾後水,,,-1.00000,-1,,0.08800,0,3.00000,2,,0.52000,1,2.00000,1,,,,-1.00000,-1,,,,-1.00000,-1,,,,-1,-1,,,,-1,-1,,2026-04-07 01:10:45.221,2026-04-07 01:10:45.221
40121,2,2,2026-04-06 06:47:21.947,2026-04-06 06:30:00.000,,SMB,Silver Mine Bay,銀鑛灣,true,true,true,40607,30,Clarified Water,Clarified Water,"",澄清後水,6.85000,7,2.00000,2,,0.12000,0,2.00000,2,,0.84000,1,2.00000,2,,,,-1.00000,-1,,,,-1.00000,-1,,,,-1,-1,,,,-1,-1,,2026-04-07 01:10:45.221,2026-04-07 01:10:45.221
40131,5,2,2026-04-06 19:44:42.736,2026-04-06 10:00:00.000,,TO,Tai O,大澳,true,true,true,40654,1,Raw Water (Yi O),Raw Water,Yi O,原水 (Yi O),0.00000,0,0.00000,0,,0.00000,0,0.00000,0,,,,-1.00000,-1,,,,-1.00000,-1,,,,-1.00000,-1,,,,-1,-1,,,,-1,-1,,2026-04-08 01:10:53.640,2026-04-07 01:10:45.221
40147,5,2,2026-04-08 08:15:09.980,2026-04-07 22:00:00.000,,TO,Tai O,大澳,true,true,true,40737,2,Raw Water (Shek Pik),Raw Water,Shek Pik,原水 (Shek Pik),6.88000,7,2.00000,2,,0.81000,1,2.00000,2,,,,-1.00000,-1,,,,-1.00000,-1,,,,-1.00000,-1,,,,-1,-1,,,,-1,-1,,2026-04-09 01:14:55.827,2026-04-08 01:10:53.640
40135,5,1,2026-04-07 07:59:12.253,2026-04-06 22:00:00.000,,TO,Tai O,大澳,true,true,true,40677,2,Raw Water (Shek Pik),Raw Water,Shek Pik,原水 (Shek Pik),6.78000,7,2.00000,2,,1.01000,1,2.00000,2,,,,-1.00000,-1,,,,-1.00000,-1,,,,-1.00000,-1,,,,-1,-1,,,,-1,-1,,2026-04-08 01:10:53.640,2026-04-08 01:10:53.640
40144,1,0,2026-04-07 18:03:17.157,2026-04-06 21:00:00.000,,SHW,Siu Ho Wan,小蠔灣,true,true,true,40722,20,Dosed Water,Dosed Water,"",投藥後水,6.78000,7,2.00000,1,,,,-1.00000,-1,,,,-1.00000,-1,,,,-1.00000,-1,,,,-1.00000,-1,,,,-1,-1,,,,-1,-1,,2026-04-08 01:10:53.640,2026-04-08 01:10:53.640
40146,2,2,2026-04-07 22:34:29.243,2026-04-07 17:00:00.000,,SMB,Silver Mine Bay,銀鑛灣,true,true,true,40731,0,Raw Water,Raw Water,"",原水,6.78000,7,2.00000,1,,0.67000,1,2.00000,2,,,,-1.00000,-1,,,,-1.00000,-1,,,,-1.00000,-1,,,,-1,-1,,,,-1,-1,,2026-04-08 01:10:53.640,2026-04-08 01:10:53.640
40143,5,2,2026-04-08 08:14:55.145,2026-04-07 10:00:00.000,,TO,Tai O,大澳,true,true,true,40716,20,Dosed Water,Dosed Water,"",投藥後水,6.54000,7,2.00000,1,,,,-1.00000,-1,,,,-1.00000,-1,,,,-1.00000,-1,,,,-1.00000,-1,,,,-1,-1,,,,-1,-1,,2026-04-09 01:14:55.827,2026-04-08 01:10:53.640
40147,5,2,2026-04-08 08:15:09.980,2026-04-07 22:00:00.000,,TO,Tai O,大澳,true,true,true,40741,43,Filtered Water (3),Filtered Water,"3",過濾後水 (3),,,-1.00000,-1,,0.18000,0,2.00000,2,,,,-1.00000,-1,,,,-1.00000,-1,,,,-1.00000,-1,,,,-1,-1,,,,-1,-1,,2026-04-09 01:14:55.827,2026-04-08 01:10:53.640
40147,5,2,2026-04-08 08:15:09.980,2026-04-07 22:00:00.000,,TO,Tai O,大澳,true,true,true,40738,20,Dosed Water,Dosed Water,"",投藥後水,6.52000,7,2.00000,2,,,,-1.00000,-1,,,,-1.00000,-1,,,,-1.00000,-1,,,,-1.00000,-1,,,,-1,-1,,,,-1,-1,,2026-04-09 01:14:55.827,2026-04-08 01:10:53.640
40139,1,0,2026-04-07 09:59:28.634,2026-04-06 09:00:00.000,,SHW,Siu Ho Wan,小蠔灣,true,true,true,40700,100,Final Water,Final Water,"",食水,0.13000,0,2.00000,2,,8.41000,8,2.00000,2,,1.13000,1,2.00000,2,,0.52000,1,2.00000,2,,,,-1.00000,-1,,,,-1,-1,,,,-1,-1,,2026-04-08 01:10:53.640,2026-04-08 01:10:53.640
40135,5,1,2026-04-07 07:59:12.253,2026-04-06 22:00:00.000,,TO,Tai O,大澳,true,true,true,40682,100,Final Water,Final Water,"",食水,8.54000,9,2.00000,1,,0.14000,0,2.00000,2,,1.14000,1,2.00000,1,,0.48000,0,2.00000,2,,,,-1.00000,-1,,,,-1,-1,,,,-1,-1,,2026-04-08 01:10:53.640,2026-04-08 01:10:53.640
40135,5,1,2026-04-07 07:59:12.253,2026-04-06 22:00:00.000,,TO,Tai O,大澳,true,true,true,40681,43,Filtered Water (3),Filtered Water,"3",過濾後水 (3),,,-1.00000,-1,,0.20000,0,1.00000,2,,,,-1.00000,-1,,,,-1.00000,-1,,,,-1.00000,-1,,,,-1,-1,,,,-1,-1,,2026-04-08 01:10:53.640,2026-04-08 01:10:53.640
40145,3,2,2026-04-07 20:30:06.520,2026-04-07 17:00:00.000,,RH,Red Hill,紅山,true,true,true,40730,100,Final Water,Final Water,"",食水,8.53000,9,2.00000,2,,0.12000,0,2.00000,2,,1.04000,1,2.00000,2,,0.49000,0,2.00000,2,,,,-1.00000,-1,,,,-1,-1,,,,-1,-1,,2026-04-08 01:10:53.640,2026-04-08 01:10:53.640
40133,3,2,2026-04-07 01:35:51.992,2026-04-07 01:00:00.000,,RH,Red Hill,紅山,true,true,true,40666,0,Raw Water,Raw Water,"",原水,6.88000,7,2.00000,2,,1.52000,2,2.00000,2,,,,-1.00000,-1,,,,-1.00000,-1,,,,-1.00000,-1,,,,-1,-1,,,,-1,-1,,2026-04-08 01:10:53.640,2026-04-08 01:10:53.640
40138,3,1,2026-04-07 09:20:17.452,2026-04-07 09:00:00.000,,RH,Red Hill,紅山,true,true,true,40692,20,Dosed Water,Dosed Water,"",投藥後水,6.68000,7,2.00000,2,,,,-1.00000,-1,,0.88000,1,2.00000,2,,,,-1.00000,-1,,,,-1.00000,-1,,,,-1,-1,,,,-1,-1,,2026-04-08 01:10:53.640,2026-04-08 01:10:53.640
40141,4,-1,2026-04-07 09:27:22.572,2026-04-07 17:00:00.000,,CS,Cheung Sha,長沙,true,true,true,40707,20,Dosed Water,Dosed Water,"",投藥後水,6.71000,7,2.00000,2,,,,-1.00000,-1,,0.85000,1,2.00000,2,,,,-1.00000,-1,,,,-1.00000,-1,,,,-1,-1,,,,-1,-1,,2026-04-08 01:10:53.640,2026-04-08 01:10:53.640
40142,4,2,2026-04-07 17:31:27.448,2026-04-07 17:00:00.000,,CS,Cheung Sha,長沙,true,true,true,40710,0,Raw Water,Raw Water,"",原水,7.03000,7,2.00000,2,,0.70100,1,3.00000,2,,,,-1.00000,-1,,,,-1.00000,-1,,,,-1.00000,-1,,,,-1,-1,,,,-1,-1,,2026-04-08 01:10:53.640,2026-04-08 01:10:53.640
40134,2,2,2026-04-07 06:51:14.875,2026-04-07 00:30:00.000,,SMB,Silver Mine Bay,銀鑛灣,true,true,true,40673,30,Clarified Water,Clarified Water,"",澄清後水,6.75000,7,2.00000,1,,0.15000,0,2.00000,2,,0.90000,1,1.00000,2,,,,-1.00000,-1,,,,-1.00000,-1,,,,-1,-1,,,,-1,-1,,2026-04-08 01:10:53.640,2026-04-08 01:10:53.640
40133,3,2,2026-04-07 01:35:51.992,2026-04-07 01:00:00.000,,RH,Red Hill,紅山,true,true,true,40669,45,Filtered Water (3-4),Filtered Water,"3-4",過濾後水 (3-4),,,-1.00000,-1,,0.11000,0,2.00000,2,"",0.58000,1,2.00000,2,,,,-1.00000,-1,,,,-1.00000,-1,,,,-1,-1,,,,-1,-1,,2026-04-08 01:10:53.640,2026-04-08 01:10:53.640
40134,2,2,2026-04-07 06:51:14.875,2026-04-07 00:30:00.000,,SMB,Silver Mine Bay,銀鑛灣,true,true,true,40674,40,Filtered Water,Filtered Water,"",過濾後水,,,-1.00000,-1,,0.13000,0,2.00000,2,,0.62000,1,2.00000,2,,,,-1.00000,-1,,,,-1.00000,-1,,,,-1,-1,,,,-1,-1,,2026-04-08 01:10:53.640,2026-04-08 01:10:53.640
40143,5,2,2026-04-08 08:14:55.145,2026-04-07 10:00:00.000,,TO,Tai O,大澳,true,true,true,40718,42,Filtered Water (2),Filtered Water,"2",過濾後水 (2),,,-1.00000,-1,,0.18000,0,2.00000,2,,,,-1.00000,-1,,,,-1.00000,-1,,,,-1.00000,-1,,,,-1,-1,,,,-1,-1,,2026-04-09 01:14:55.827,2026-04-08 01:10:53.640
40143,5,2,2026-04-08 08:14:55.145,2026-04-07 10:00:00.000,,TO,Tai O,大澳,true,true,true,40717,41,Filtered Water (1),Filtered Water,"1",過濾後水 (1),,,-1.00000,-1,,0.16000,0,2.00000,2,,,,-1.00000,-1,,,,-1.00000,-1,,,,-1.00000,-1,,,,-1,-1,,,,-1,-1,,2026-04-09 01:14:55.827,2026-04-08 01:10:53.640
40147,5,2,2026-04-08 08:15:09.980,2026-04-07 22:00:00.000,,TO,Tai O,大澳,true,true,true,40739,41,Filtered Water (1),Filtered Water,"1",過濾後水 (1),,,-1.00000,-1,,0.16000,0,2.00000,2,,,,-1.00000,-1,,,,-1.00000,-1,,,,-1.00000,-1,,,,-1,-1,,,,-1,-1,,2026-04-09 01:14:55.827,2026-04-08 01:10:53.640
40097,5,2,2026-04-04 07:42:01.291,2026-04-03 22:00:00.000,,TO,Tai O,大澳,true,true,true,40482,1,Raw Water (Yi O),Raw Water,Yi O,原水 (Yi O),0.00000,0,0.00000,0,,0.00000,0,0.00000,0,,,,-1.00000,-1,,,,-1.00000,-1,,,,-1.00000,-1,,,,-1,-1,,,,-1,-1,,2026-04-05 01:14:44.427,2026-04-05 01:14:44.427
40101,3,2,2026-04-04 13:02:49.864,2026-04-04 09:00:00.000,,RH,Red Hill,紅山,true,true,true,40506,45,Filtered Water (3-4),Filtered Water,"3-4",過濾後水 (3-4),,,-1.00000,-1,,0.08000,0,2.00000,2,,0.61000,1,2.00000,2,,,,-1.00000,-1,,,,-1.00000,-1,,,,-1,-1,,,,-1,-1,,2026-04-05 01:14:44.427,2026-04-05 01:14:44.427
40105,3,2,2026-04-04 19:39:24.839,2026-04-04 17:00:00.000,,RH,Red Hill,紅山,true,true,true,40527,45,Filtered Water (3-4),Filtered Water,"3-4",過濾後水 (3-4),,,-1.00000,-1,,0.09000,0,2.00000,2,,0.55000,1,2.00000,2,,,,-1.00000,-1,,,,-1.00000,-1,,,,-1,-1,,,,-1,-1,,2026-04-05 01:14:44.427,2026-04-05 01:14:44.427
40112,1,0,2026-04-05 09:35:37.696,2026-04-04 13:00:00.000,,SHW,Siu Ho Wan,小蠔灣,true,true,true,40562,40,Filtered Water,Filtered Water,"",過濾後水,,,-1.00000,-1,,0.11000,0,2.00000,1,,0.64000,1,2.00000,2,,,,-1.00000,-1,,,,-1.00000,-1,,,,-1,-1,,,,-1,-1,,2026-04-06 01:16:15.157,2026-04-06 01:16:15.157
40117,5,2,2026-04-05 19:44:12.154,2026-04-05 10:00:00.000,,TO,Tai O,大澳,true,true,true,40587,42,Filtered Water (2),Filtered Water,"2",過濾後水 (2),,,-1.00000,-1,,0.19000,0,2.00000,2,,,,-1.00000,-1,,,,-1.00000,-1,,,,-1.00000,-1,,,,-1,-1,,,,-1,-1,,2026-04-07 01:10:45.221,2026-04-06 01:16:15.157
40113,2,2,2026-04-05 12:55:37.217,2026-04-05 08:00:00.000,,SMB,Silver Mine Bay,銀鑛灣,true,true,true,40567,40,Filtered Water,Filtered Water,"",過濾後水,,,-1.00000,-1,,0.14000,0,2.00000,2,,0.63000,1,2.00000,1,,,,-1.00000,-1,,,,-1.00000,-1,,,,-1,-1,,,,-1,-1,,2026-04-06 01:16:15.157,2026-04-06 01:16:15.157
40109,5,1,2026-04-05 08:24:27.837,2026-04-04 22:00:00.000,,TO,Tai O,大澳,true,true,true,40546,20,Dosed Water,Dosed Water,"",投藥後水,6.48000,7,2.00000,2,,,,-1.00000,-1,,,,-1.00000,-1,,,,-1.00000,-1,,,,-1.00000,-1,,,,-1,-1,,,,-1,-1,,2026-04-06 01:16:15.157,2026-04-06 01:16:15.157
40109,5,1,2026-04-05 08:24:27.837,2026-04-04 22:00:00.000,,TO,Tai O,大澳,true,true,true,40549,43,Filtered Water (3),Filtered Water,"3",過濾後水 (3),,,-1.00000,-1,,0.20000,0,1.00000,2,,,,-1.00000,-1,,,,-1.00000,-1,,,,-1.00000,-1,,,,-1,-1,,,,-1,-1,,2026-04-06 01:16:15.157,2026-04-06 01:16:15.157
40118,1,0,2026-04-05 18:13:17.257,2026-04-04 21:00:00.000,,SHW,Siu Ho Wan,小蠔灣,true,true,true,40594,100,Final Water,Final Water,"",食水,0.12000,0,2.00000,2,,8.16000,8,2.00000,2,,0.97000,1,2.00000,2,,0.48000,0,2.00000,2,,,,-1.00000,-1,,,,-1,-1,,,,-1,-1,,2026-04-06 01:16:15.157,2026-04-06 01:16:15.157
40110,4,2,2026-04-05 07:25:08.044,2026-04-05 01:00:00.000,,CS,Cheung Sha,長沙,true,true,true,40551,0,Raw Water,Raw Water,"",原水,7.07000,7,2.00000,2,,0.73000,1,2.00000,2,,,,-1.00000,-1,,,,-1.00000,-1,,,,-1.00000,-1,,,,-1,-1,,,,-1,-1,,2026-04-06 01:16:15.157,2026-04-06 01:16:15.157
40112,1,0,2026-04-05 09:35:37.696,2026-04-04 13:00:00.000,,SHW,Siu Ho Wan,小蠔灣,true,true,true,40563,100,Final Water,Final Water,"",食水,8.69000,9,2.00000,1,,0.17000,0,2.00000,2,,1.12000,1,2.00000,2,,0.53000,1,2.00000,2,,,,-1.00000,-1,,,,-1,-1,,,,-1,-1,,2026-04-06 01:16:15.157,2026-04-06 01:16:15.157
40112,1,0,2026-04-05 09:35:37.696,2026-04-04 13:00:00.000,,SHW,Siu Ho Wan,小蠔灣,true,true,true,40560,20,Dosed Water,Dosed Water,"",投藥後水,6.79000,7,2.00000,2,,,,-1.00000,-1,,,,-1.00000,-1,,,,-1.00000,-1,,,,-1.00000,-1,,,,-1,-1,,,,-1,-1,,2026-04-06 01:16:15.157,2026-04-06 01:16:15.157
40116,2,1,2026-04-05 17:48:34.611,2026-04-05 17:00:00.000,,SMB,Silver Mine Bay,銀鑛灣,true,true,true,40579,20,Dosed Water,Dosed Water,"",投藥後水,6.72000,7,2.00000,1,,,,-1.00000,-1,,,,-1.00000,-1,,,,-1.00000,-1,,,,-1.00000,-1,,,,-1,-1,,,,-1,-1,,2026-04-06 01:16:15.157,2026-04-06 01:16:15.157
40117,5,2,2026-04-05 19:44:12.154,2026-04-05 10:00:00.000,,TO,Tai O,大澳,true,true,true,40585,20,Dosed Water,Dosed Water,"",投藥後水,6.51000,7,2.00000,1,,,,-1.00000,-1,,,,-1.00000,-1,,,,-1.00000,-1,,,,-1.00000,-1,,,,-1,-1,,,,-1,-1,,2026-04-07 01:10:45.221,2026-04-06 01:16:15.157
40113,2,2,2026-04-05 12:55:37.217,2026-04-05 08:00:00.000,,SMB,Silver Mine Bay,銀鑛灣,true,true,true,40564,0,Raw Water,Raw Water,"",原水,6.78000,7,2.00000,2,,0.83000,1,2.00000,2,,,,-1.00000,-1,,,,-1.00000,-1,,,,-1.00000,-1,,,,-1,-1,,,,-1,-1,,2026-04-06 01:16:15.157,2026-04-06 01:16:15.157
40114,3,2,2026-04-05 12:15:04.608,2026-04-05 09:00:00.000,,RH,Red Hill,紅山,true,true,true,40570,20,Dosed Water,Dosed Water,"",投藥後水,6.82000,7,2.00000,2,,,,-1.00000,-1,,0.84000,1,2.00000,2,,,,-1.00000,-1,,,,-1.00000,-1,,,,-1,-1,,,,-1,-1,,2026-04-06 01:16:15.157,2026-04-06 01:16:15.157
40114,3,2,2026-04-05 12:15:04.608,2026-04-05 09:00:00.000,,RH,Red Hill,紅山,true,true,true,40569,0,Raw Water,Raw Water,"",原水,6.92000,7,2.00000,2,,1.39000,1,2.00000,2,,,,-1.00000,-1,,,,-1.00000,-1,,,,-1.00000,-1,,,,-1,-1,,,,-1,-1,,2026-04-06 01:16:15.157,2026-04-06 01:16:15.157
40119,3,1,2026-04-05 19:04:55.908,2026-04-05 17:00:00.000,,RH,Red Hill,紅山,true,true,true,40595,0,Raw Water,Raw Water,"",原水,7.00000,7,0.00000,2,,1.29000,1,2.00000,2,,,,-1.00000,-1,,,,-1.00000,-1,,,,-1.00000,-1,,,,-1,-1,,,,-1,-1,,2026-04-06 01:16:15.157,2026-04-06 01:16:15.157
40108,2,2,2026-04-05 06:22:40.406,2026-04-05 01:00:00.000,,SMB,Silver Mine Bay,銀鑛灣,true,true,true,40543,100,Final Water,Final Water,"",食水,8.70000,9,1.00000,2,,0.15000,0,2.00000,2,,0.96000,1,2.00000,2,,0.46000,0,2.00000,2,,,,-1.00000,-1,,,,-1,-1,,,,-1,-1,,2026-04-06 01:16:15.157,2026-04-06 01:16:15.157
40108,2,2,2026-04-05 06:22:40.406,2026-04-05 01:00:00.000,,SMB,Silver Mine Bay,銀鑛灣,true,true,true,40540,20,Dosed Water,Dosed Water,"",投藥後水,6.67000,7,2.00000,2,,,,-1.00000,-1,,,,-1.00000,-1,,,,-1.00000,-1,,,,-1.00000,-1,,,,-1,-1,,,,-1,-1,,2026-04-06 01:16:15.157,2026-04-06 01:16:15.157
40111,4,2,2026-04-05 09:11:52.911,2026-04-05 09:00:00.000,,CS,Cheung Sha,長沙,true,true,true,40556,20,Dosed Water,Dosed Water,"",投藥後水,6.68000,7,2.00000,2,,,,-1.00000,-1,,0.87000,1,2.00000,2,,,,-1.00000,-1,,,,-1.00000,-1,,,,-1,-1,,,,-1,-1,,2026-04-06 01:16:15.157,2026-04-06 01:16:15.157
40113,2,2,2026-04-05 12:55:37.217,2026-04-05 08:00:00.000,,SMB,Silver Mine Bay,銀鑛灣,true,true,true,40566,30,Clarified Water,Clarified Water,"",澄清後水,6.74000,7,2.00000,2,,0.21000,0,2.00000,2,,0.99000,1,2.00000,2,,,,-1.00000,-1,,,,-1.00000,-1,,,,-1,-1,,,,-1,-1,,2026-04-06 01:16:15.157,2026-04-06 01:16:15.157
40117,5,2,2026-04-05 19:44:12.154,2026-04-05 10:00:00.000,,TO,Tai O,大澳,true,true,true,40583,1,Raw Water (Yi O),Raw Water,Yi O,原水 (Yi O),0.00000,0,0.00000,0,,0.00000,0,0.00000,0,,,,-1.00000,-1,,,,-1.00000,-1,,,,-1.00000,-1,,,,-1,-1,,,,-1,-1,,2026-04-07 01:10:45.221,2026-04-06 01:16:15.157
40131,5,2,2026-04-06 19:44:42.736,2026-04-06 10:00:00.000,,TO,Tai O,大澳,true,true,true,40659,43,Filtered Water (3),Filtered Water,"3",過濾後水 (3),,,-1.00000,-1,,0.19000,0,2.00000,2,,,,-1.00000,-1,,,,-1.00000,-1,,,,-1.00000,-1,,,,-1,-1,,,,-1,-1,,2026-04-08 01:10:53.640,2026-04-07 01:10:45.221
40121,2,2,2026-04-06 06:47:21.947,2026-04-06 06:30:00.000,,SMB,Silver Mine Bay,銀鑛灣,true,true,true,40609,100,Final Water,Final Water,"",食水,8.78000,9,2.00000,2,,0.16000,0,2.00000,2,,1.06000,1,2.00000,2,,0.45000,0,2.00000,2,,,,-1.00000,-1,,,,-1,-1,,,,-1,-1,,2026-04-07 01:10:45.221,2026-04-07 01:10:45.221
40121,2,2,2026-04-06 06:47:21.947,2026-04-06 06:30:00.000,,SMB,Silver Mine Bay,銀鑛灣,true,true,true,40606,20,Dosed Water,Dosed Water,"",投藥後水,6.62000,6,2.00000,2,,,,-1.00000,-1,,,,-1.00000,-1,,,,-1.00000,-1,,,,-1.00000,-1,,,,-1,-1,,,,-1,-1,,2026-04-07 01:10:45.221,2026-04-07 01:10:45.221
40127,2,2,2026-04-06 14:10:55.787,2026-04-06 08:00:00.000,,SMB,Silver Mine Bay,銀鑛灣,true,true,true,40639,100,Final Water,Final Water,"",食水,8.60000,8,1.00000,2,,0.14000,0,2.00000,2,,1.00000,1,0.00000,2,,0.46000,0,2.00000,2,,,,-1.00000,-1,,,,-1,-1,,,,-1,-1,,2026-04-07 01:10:45.221,2026-04-07 01:10:45.221
40128,1,0,2026-04-06 17:28:19.257,2026-04-05 21:00:00.000,,SHW,Siu Ho Wan,小蠔灣,true,true,true,40640,0,Raw Water,Raw Water,"",原水,7.38000,7,2.00000,1,,0.93000,1,2.00000,2,,,,-1.00000,-1,,,,-1.00000,-1,,,,-1.00000,-1,,,,-1,-1,,,,-1,-1,,2026-04-07 01:10:45.221,2026-04-07 01:10:45.221
40128,1,0,2026-04-06 17:28:19.257,2026-04-05 21:00:00.000,,SHW,Siu Ho Wan,小蠔灣,true,true,true,40644,100,Final Water,Final Water,"",食水,8.42000,8,2.00000,2,,0.13000,0,2.00000,2,,1.12000,1,2.00000,1,,0.49000,0,2.00000,2,,,,-1.00000,-1,,,,-1,-1,,,,-1,-1,,2026-04-07 01:10:45.221,2026-04-07 01:10:45.221
40130,4,2,2026-04-06 17:41:54.169,2026-04-06 17:00:00.000,,CS,Cheung Sha,長沙,true,true,true,40651,20,Dosed Water,Dosed Water,"",投藥後水,6.72000,7,2.00000,2,,,,-1.00000,-1,,0.84000,1,2.00000,2,,,,-1.00000,-1,,,,-1.00000,-1,,,,-1,-1,,,,-1,-1,,2026-04-07 01:10:45.221,2026-04-07 01:10:45.221
40130,4,2,2026-04-06 17:41:54.169,2026-04-06 17:00:00.000,,CS,Cheung Sha,長沙,true,true,true,40653,100,Final Water,Final Water,"",食水,8.47000,9,2.00000,2,,0.08000,0,2.00000,3,,1.00000,1,0.00000,2,,0.45600,1,3.00000,1,,,,-1.00000,-1,,,,-1,-1,,,,-1,-1,,2026-04-07 01:10:45.221,2026-04-07 01:10:45.221
40123,5,2,2026-04-06 09:15:53.121,2026-04-05 22:00:00.000,,TO,Tai O,大澳,true,true,true,40616,20,Dosed Water,Dosed Water,"",投藥後水,6.54000,7,2.00000,2,,,,-1.00000,-1,,,,-1.00000,-1,,,,-1.00000,-1,,,,-1.00000,-1,,,,-1,-1,,,,-1,-1,,2026-04-07 01:10:45.221,2026-04-07 01:10:45.221
40126,1,0,2026-04-06 11:44:42.718,2026-04-05 13:00:00.000,,SHW,Siu Ho Wan,小蠔灣,true,true,true,40634,100,Final Water,Final Water,"",食水,8.20000,8,1.00000,2,,0.11000,0,2.00000,2,,0.95000,1,2.00000,2,,0.45000,0,2.00000,2,,,,-1.00000,-1,,,,-1,-1,,,,-1,-1,,2026-04-07 01:10:45.221,2026-04-07 01:10:45.221
40120,3,1,2026-04-06 06:24:37.943,2026-04-06 01:00:00.000,,RH,Red Hill,紅山,true,true,true,40601,20,Dosed Water,Dosed Water,"",投藥後水,6.84000,7,2.00000,2,,,,-1.00000,-1,,0.83000,1,2.00000,2,,,,-1.00000,-1,,,,-1.00000,-1,,,,-1,-1,,,,-1,-1,,2026-04-07 01:10:45.221,2026-04-07 01:10:45.221
40125,4,2,2026-04-06 09:44:15.118,2026-04-06 09:00:00.000,,CS,Cheung Sha,長沙,true,true,true,40629,100,Final Water,Final Water,"",食水,8.47000,9,2.00000,2,,0.08600,0,3.00000,2,,1.04000,1,2.00000,2,,0.47000,0,2.00000,2,,,,-1.00000,-1,,,,-1,-1,,,,-1,-1,,2026-04-07 01:10:45.221,2026-04-07 01:10:45.221
40116,2,1,2026-04-05 17:48:34.611,2026-04-05 17:00:00.000,,SMB,Silver Mine Bay,銀鑛灣,true,true,true,40578,0,Raw Water,Raw Water,"",原水,6.93000,7,2.00000,2,,1.04000,1,2.00000,2,,,,-1.00000,-1,,,,-1.00000,-1,,,,-1.00000,-1,,,,-1,-1,,,,-1,-1,,2026-04-06 01:16:15.157,2026-04-06 01:16:15.157
40118,1,0,2026-04-05 18:13:17.257,2026-04-04 21:00:00.000,,SHW,Siu Ho Wan,小蠔灣,true,true,true,40590,0,Raw Water,Raw Water,"",原水,7.34000,7,2.00000,2,,0.86000,1,2.00000,2,,,,-1.00000,-1,,,,-1.00000,-1,,,,-1.00000,-1,,,,-1,-1,,,,-1,-1,,2026-04-06 01:16:15.157,2026-04-06 01:16:15.157
40118,1,0,2026-04-05 18:13:17.257,2026-04-04 21:00:00.000,,SHW,Siu Ho Wan,小蠔灣,true,true,true,40591,20,Dosed Water,Dosed Water,"",投藥後水,6.87000,7,2.00000,2,,,,-1.00000,-1,,,,-1.00000,-1,,,,-1.00000,-1,,,,-1.00000,-1,,,,-1,-1,,,,-1,-1,,2026-04-06 01:16:15.157,2026-04-06 01:16:15.157
40112,1,0,2026-04-05 09:35:37.696,2026-04-04 13:00:00.000,,SHW,Siu Ho Wan,小蠔灣,true,true,true,40559,0,Raw Water,Raw Water,"",原水,7.33000,7,2.00000,2,,0.71000,1,2.00000,2,,,,-1.00000,-1,,,,-1.00000,-1,,,,-1.00000,-1,,,,-1,-1,,,,-1,-1,,2026-04-06 01:16:15.157,2026-04-06 01:16:15.157
40119,3,1,2026-04-05 19:04:55.908,2026-04-05 17:00:00.000,,RH,Red Hill,紅山,true,true,true,40596,20,Dosed Water,Dosed Water,"",投藥後水,6.85000,7,2.00000,2,,,,-1.00000,-1,,0.94000,1,2.00000,2,,,,-1.00000,-1,,,,-1.00000,-1,,,,-1,-1,,,,-1,-1,,2026-04-06 01:16:15.157,2026-04-06 01:16:15.157
40108,2,2,2026-04-05 06:22:40.406,2026-04-05 01:00:00.000,,SMB,Silver Mine Bay,銀鑛灣,true,true,true,40539,0,Raw Water,Raw Water,"",原水,6.78000,7,2.00000,2,,0.72000,1,2.00000,2,,,,-1.00000,-1,,,,-1.00000,-1,,,,-1.00000,-1,,,,-1,-1,,,,-1,-1,,2026-04-06 01:16:15.157,2026-04-06 01:16:15.157
40119,3,1,2026-04-05 19:04:55.908,2026-04-05 17:00:00.000,,RH,Red Hill,紅山,true,true,true,40598,45,Filtered Water (3-4),Filtered Water,"3-4",過濾後水 (3-4),,,-1.00000,-1,,0.14000,0,2.00000,2,,0.60000,1,1.00000,2,,,,-1.00000,-1,,,,-1.00000,-1,,,,-1,-1,,,,-1,-1,,2026-04-06 01:16:15.157,2026-04-06 01:16:15.157
40123,5,2,2026-04-06 09:15:53.121,2026-04-05 22:00:00.000,,TO,Tai O,大澳,true,true,true,40615,2,Raw Water (Shek Pik),Raw Water,Shek Pik,原水 (Shek Pik),6.72000,7,2.00000,2,,0.92000,1,2.00000,2,,,,-1.00000,-1,,,,-1.00000,-1,,,,-1.00000,-1,,,,-1,-1,,,,-1,-1,,2026-04-07 01:10:45.221,2026-04-07 01:10:45.221
40131,5,2,2026-04-06 19:44:42.736,2026-04-06 10:00:00.000,,TO,Tai O,大澳,true,true,true,40657,41,Filtered Water (1),Filtered Water,"1",過濾後水 (1),,,-1.00000,-1,,0.16000,0,2.00000,2,,,,-1.00000,-1,,,,-1.00000,-1,,,,-1.00000,-1,,,,-1,-1,,,,-1,-1,,2026-04-08 01:10:53.640,2026-04-07 01:10:45.221
40122,4,2,2026-04-06 07:20:16.129,2026-04-06 01:00:00.000,,CS,Cheung Sha,長沙,true,true,true,40613,100,Final Water,Final Water,"",食水,8.53000,9,2.00000,2,,0.08000,0,2.00000,2,,1.03000,1,2.00000,2,,0.49700,1,3.00000,1,,,,-1.00000,-1,,,,-1,-1,,,,-1,-1,,2026-04-07 01:10:45.221,2026-04-07 01:10:45.221
40123,5,2,2026-04-06 09:15:53.121,2026-04-05 22:00:00.000,,TO,Tai O,大澳,true,true,true,40619,43,Filtered Water (3),Filtered Water,"3",過濾後水 (3),,,-1.00000,-1,,0.19000,0,2.00000,2,,,,-1.00000,-1,,,,-1.00000,-1,,,,-1.00000,-1,,,,-1,-1,,,,-1,-1,,2026-04-07 01:10:45.221,2026-04-07 01:10:45.221
40131,5,2,2026-04-06 19:44:42.736,2026-04-06 10:00:00.000,,TO,Tai O,大澳,true,true,true,40660,100,Final Water,Final Water,"",食水,8.48000,8,2.00000,2,,0.19000,0,2.00000,2,,1.04000,1,2.00000,2,,0.48000,0,2.00000,2,,,,-1.00000,-1,,,,-1,-1,,,,-1,-1,,2026-04-08 01:10:53.640,2026-04-07 01:10:45.221
40130,4,2,2026-04-06 17:41:54.169,2026-04-06 17:00:00.000,,CS,Cheung Sha,長沙,true,true,true,40650,0,Raw Water,Raw Water,"",原水,7.00000,7,0.00000,2,"",0.82000,1,2.00000,2,,,,-1.00000,-1,,,,-1.00000,-1,,,,-1.00000,-1,,,,-1,-1,,,,-1,-1,,2026-04-07 01:10:45.221,2026-04-07 01:10:45.221
40147,5,2,2026-04-08 08:15:09.980,2026-04-07 22:00:00.000,,TO,Tai O,大澳,true,true,true,40736,1,Raw Water (Yi O),Raw Water,Yi O,原水 (Yi O),0.00000,0,0.00000,0,,0.00000,0,0.00000,0,,,,-1.00000,-1,,,,-1.00000,-1,,,,-1.00000,-1,,,,-1,-1,,,,-1,-1,,2026-04-09 01:14:55.827,2026-04-08 01:10:53.640
40138,3,1,2026-04-07 09:20:17.452,2026-04-07 09:00:00.000,,RH,Red Hill,紅山,true,true,true,40694,45,Filtered Water (3-4),Filtered Water,"3-4",過濾後水 (3-4),,,-1.00000,-1,,0.14000,0,2.00000,2,,0.56000,1,2.00000,2,,,,-1.00000,-1,,,,-1.00000,-1,,,,-1,-1,,,,-1,-1,,2026-04-08 01:10:53.640,2026-04-08 01:10:53.640
40135,5,1,2026-04-07 07:59:12.253,2026-04-06 22:00:00.000,,TO,Tai O,大澳,true,true,true,40679,41,Filtered Water (1),Filtered Water,"1",過濾後水 (1),,,-1.00000,-1,,0.16000,0,2.00000,2,,,,-1.00000,-1,,,,-1.00000,-1,,,,-1.00000,-1,,,,-1,-1,,,,-1,-1,,2026-04-08 01:10:53.640,2026-04-08 01:10:53.640
40144,1,0,2026-04-07 18:03:17.157,2026-04-06 21:00:00.000,,SHW,Siu Ho Wan,小蠔灣,true,true,true,40723,33,Clarified Water (A & B),Clarified Water (A & B),"",澄清後水 (A & B),6.82000,7,2.00000,2,,0.34000,0,2.00000,2,,0.79000,1,2.00000,2,,,,-1.00000,-1,,,,-1.00000,-1,,,,-1,-1,,,,-1,-1,,2026-04-08 01:10:53.640,2026-04-08 01:10:53.640
40139,1,0,2026-04-07 09:59:28.634,2026-04-06 09:00:00.000,,SHW,Siu Ho Wan,小蠔灣,true,true,true,40697,20,Dosed Water,Dosed Water,"",投藥後水,6.82000,7,2.00000,1,,,,-1.00000,-1,,,,-1.00000,-1,,,,-1.00000,-1,,,,-1.00000,-1,,,,-1,-1,,,,-1,-1,,2026-04-08 01:10:53.640,2026-04-08 01:10:53.640
40139,1,0,2026-04-07 09:59:28.634,2026-04-06 09:00:00.000,,SHW,Siu Ho Wan,小蠔灣,true,true,true,40696,0,Raw Water,Raw Water,"",原水,7.43000,7,2.00000,1,,2.16000,2,2.00000,2,,,,-1.00000,-1,,,,-1.00000,-1,,,,-1.00000,-1,,,,-1,-1,,,,-1,-1,,2026-04-08 01:10:53.640,2026-04-08 01:10:53.640
40132,3,1,2026-04-07 01:36:06.579,2026-04-06 17:00:00.000,,RH,Red Hill,紅山,true,true,true,40665,100,Final Water,Final Water,"",食水,8.44000,8,2.00000,2,,0.14000,0,2.00000,2,,1.08000,1,2.00000,0,,0.51000,1,2.00000,2,,,,-1.00000,-1,,,,-1,-1,,,,-1,-1,,2026-04-08 01:10:53.640,2026-04-08 01:10:53.640
40134,2,2,2026-04-07 06:51:14.875,2026-04-07 00:30:00.000,,SMB,Silver Mine Bay,銀鑛灣,true,true,true,40675,100,Final Water,Final Water,"",食水,8.67000,9,2.00000,1,,0.15000,0,2.00000,2,,0.98000,1,2.00000,2,,0.47000,0,2.00000,2,,,,-1.00000,-1,,,,-1,-1,,,,-1,-1,,2026-04-08 01:10:53.640,2026-04-08 01:10:53.640
40134,2,2,2026-04-07 06:51:14.875,2026-04-07 00:30:00.000,,SMB,Silver Mine Bay,銀鑛灣,true,true,true,40672,20,Dosed Water,Dosed Water,"",投藥後水,6.60000,7,1.00000,2,,,,-1.00000,-1,,,,-1.00000,-1,,,,-1.00000,-1,,,,-1.00000,-1,,,,-1,-1,,,,-1,-1,,2026-04-08 01:10:53.640,2026-04-08 01:10:53.640
40136,4,2,2026-04-07 07:20:33.658,2026-04-07 01:00:00.000,,CS,Cheung Sha,長沙,true,true,true,40686,100,Final Water,Final Water,"",食水,8.50000,9,1.00000,2,,0.08500,0,3.00000,3,,1.07000,1,2.00000,2,,0.46000,1,2.00000,1,,,,-1.00000,-1,,,,-1,-1,,,,-1,-1,,2026-04-08 01:10:53.640,2026-04-08 01:10:53.640
40137,4,2,2026-04-07 09:05:44.925,2026-04-07 09:00:00.000,,CS,Cheung Sha,長沙,true,true,true,40687,0,Raw Water,Raw Water,"",原水,6.90000,7,1.00000,2,,0.87500,1,3.00000,2,,,,-1.00000,-1,,,,-1.00000,-1,,,,-1.00000,-1,,,,-1,-1,,,,-1,-1,,2026-04-08 01:10:53.640,2026-04-08 01:10:53.640
40140,2,2,2026-04-07 14:07:45.747,2026-04-07 08:00:00.000,,SMB,Silver Mine Bay,銀鑛灣,true,true,true,40702,20,Dosed Water,Dosed Water,"",投藥後水,6.59000,7,2.00000,2,,,,-1.00000,-1,,,,-1.00000,-1,,,,-1.00000,-1,,,,-1.00000,-1,,,,-1,-1,,,,-1,-1,,2026-04-08 01:10:53.640,2026-04-08 01:10:53.640
40140,2,2,2026-04-07 14:07:45.747,2026-04-07 08:00:00.000,,SMB,Silver Mine Bay,銀鑛灣,true,true,true,40701,0,Raw Water,Raw Water,"",原水,6.77000,7,2.00000,2,,0.70000,1,1.00000,2,,,,-1.00000,-1,,,,-1.00000,-1,,,,-1.00000,-1,,,,-1,-1,,,,-1,-1,,2026-04-08 01:10:53.640,2026-04-08 01:10:53.640
40142,4,2,2026-04-07 17:31:27.448,2026-04-07 17:00:00.000,,CS,Cheung Sha,長沙,true,true,true,40711,20,Dosed Water,Dosed Water,"",投藥後水,6.71000,7,2.00000,2,,,,-1.00000,-1,,0.85000,1,2.00000,2,,,,-1.00000,-1,,,,-1.00000,-1,,,,-1,-1,,,,-1,-1,,2026-04-08 01:10:53.640,2026-04-08 01:10:53.640
40149,2,2,2026-04-08 06:37:50.310,2026-04-08 01:05:00.000,,SMB,Silver Mine Bay,銀鑛灣,true,true,true,40752,100,Final Water,Final Water,"",食水,8.53000,8,2.00000,2,,0.13000,0,2.00000,2,,1.08000,1,2.00000,2,,0.46000,0,2.00000,2,,,,-1.00000,-1,,,,-1,-1,,,,-1,-1,,2026-04-09 01:14:55.827,2026-04-09 01:14:55.827
40157,4,-1,2026-04-08 09:38:59.220,2026-04-08 17:00:00.000,,CS,Cheung Sha,長沙,true,true,true,40788,0,Raw Water,Raw Water,"",原水,6.97000,7,2.00000,2,,0.78000,1,2.00000,2,,,,-1.00000,-1,,,,-1.00000,-1,,,,-1.00000,-1,,,,-1,-1,,,,-1,-1,,2026-04-09 01:14:55.827,2026-04-09 01:14:55.827
40148,3,1,2026-04-08 06:29:14.959,2026-04-08 01:00:00.000,,RH,Red Hill,紅山,true,true,true,40747,100,Final Water,Final Water,"",食水,8.54000,9,2.00000,2,,0.11000,0,2.00000,2,,1.10000,1,1.00000,1,,0.49000,1,2.00000,1,,,,-1.00000,-1,,,,-1,-1,,,,-1,-1,,2026-04-09 01:14:55.827,2026-04-09 01:14:55.827
40152,1,0,2026-04-08 10:20:32.702,2026-04-07 13:00:00.000,,SHW,Siu Ho Wan,小蠔灣,true,true,true,40763,33,Clarified Water (A & B),Clarified Water (A & B),"",澄清後水 (A & B),6.89000,7,2.00000,1,,0.31000,0,2.00000,2,,0.63000,1,2.00000,2,,,,-1.00000,-1,,,,-1.00000,-1,,,,-1,-1,,,,-1,-1,,2026-04-09 01:14:55.827,2026-04-09 01:14:55.827
40152,1,0,2026-04-08 10:20:32.702,2026-04-07 13:00:00.000,,SHW,Siu Ho Wan,小蠔灣,true,true,true,40762,20,Dosed Water,Dosed Water,"",投藥後水,6.71000,7,2.00000,2,,,,-1.00000,-1,,,,-1.00000,-1,,,,-1.00000,-1,,,,-1.00000,-1,,,,-1,-1,,,,-1,-1,,2026-04-09 01:14:55.827,2026-04-09 01:14:55.827
40103,4,2,2026-04-04 18:49:33.338,2026-04-04 17:00:00.000,,CS,Cheung Sha,長沙,true,true,true,40514,20,Dosed Water,Dosed Water,"",投藥後水,6.75000,7,2.00000,2,,,,-1.00000,-1,,0.82000,1,2.00000,2,,,,-1.00000,-1,,,,-1.00000,-1,,,,-1,-1,,,,-1,-1,,2026-04-05 01:14:44.427,2026-04-05 01:14:44.427
40100,1,0,2026-04-04 11:58:26.684,2026-04-03 13:00:00.000,,SHW,Siu Ho Wan,小蠔灣,true,true,true,40498,0,Raw Water,Raw Water,"",原水,7.35000,8,2.00000,2,,0.98000,3,2.00000,2,,,,-1.00000,-1,,,,-1.00000,-1,,,,-1.00000,-1,,,,-1,-1,,,,-1,-1,,2026-04-05 01:14:44.427,2026-04-05 01:14:44.427
40099,2,2,2026-04-04 11:06:47.045,2026-04-04 10:00:00.000,,SMB,Silver Mine Bay,銀鑛灣,true,true,true,40497,100,Final Water,Final Water,"",食水,8.76000,9,2.00000,2,,0.12000,0,2.00000,2,,1.00000,1,0.00000,2,,0.45000,1,2.00000,1,,,,-1.00000,-1,,,,-1,-1,,,,-1,-1,,2026-04-05 01:14:44.427,2026-04-05 01:14:44.427
40099,2,2,2026-04-04 11:06:47.045,2026-04-04 10:00:00.000,,SMB,Silver Mine Bay,銀鑛灣,true,true,true,40493,0,Raw Water,Raw Water,"",原水,6.82000,7,2.00000,2,,0.95000,1,2.00000,2,,,,-1.00000,-1,,,,-1.00000,-1,,,,-1.00000,-1,,,,-1,-1,,,,-1,-1,,2026-04-05 01:14:44.427,2026-04-05 01:14:44.427
40093,2,1,2026-04-04 06:38:29.799,2026-04-04 00:30:00.000,,SMB,Silver Mine Bay,銀鑛灣,true,true,true,40467,100,Final Water,Final Water,"",食水,8.70000,9,1.00000,2,,0.12000,0,2.00000,2,,1.10000,1,1.00000,2,,0.48000,0,2.00000,2,,,,-1.00000,-1,,,,-1,-1,,,,-1,-1,,2026-04-05 01:14:44.427,2026-04-05 01:14:44.427
40096,4,2,2026-04-04 07:22:24.050,2026-04-04 01:00:00.000,,CS,Cheung Sha,長沙,true,true,true,40481,100,Final Water,Final Water,"",食水,8.54000,8,2.00000,2,,0.08000,0,2.00000,2,,0.97000,1,2.00000,2,,0.47000,0,2.00000,2,,,,-1.00000,-1,,,,-1,-1,,,,-1,-1,,2026-04-05 01:14:44.427,2026-04-05 01:14:44.427
40105,3,2,2026-04-04 19:39:24.839,2026-04-04 17:00:00.000,,RH,Red Hill,紅山,true,true,true,40526,44,Filtered Water (1-2),Filtered Water,"1-2",過濾後水 (1-2),,,-1.00000,-1,,0.08000,0,2.00000,2,,0.57000,1,2.00000,2,,,,-1.00000,-1,,,,-1.00000,-1,,,,-1,-1,,,,-1,-1,,2026-04-05 01:14:44.427,2026-04-05 01:14:44.427
40104,5,2,2026-04-04 20:58:32.364,2026-04-04 10:00:00.000,,TO,Tai O,大澳,true,true,true,40520,41,Filtered Water (1),Filtered Water,"1",過濾後水 (1),,,-1.00000,-1,,0.14000,0,2.00000,2,,,,-1.00000,-1,,,,-1.00000,-1,,,,-1.00000,-1,,,,-1,-1,,,,-1,-1,,2026-04-05 01:14:44.427,2026-04-05 01:14:44.427
40099,2,2,2026-04-04 11:06:47.045,2026-04-04 10:00:00.000,,SMB,Silver Mine Bay,銀鑛灣,true,true,true,40496,40,Filtered Water,Filtered Water,"",過濾後水,,,-1.00000,-1,,0.11000,0,2.00000,2,,0.63000,1,2.00000,2,,,,-1.00000,-1,,,,-1.00000,-1,,,,-1,-1,,,,-1,-1,,2026-04-05 01:14:44.427,2026-04-05 01:14:44.427
40091,3,1,2026-04-04 06:17:04.795,2026-04-03 17:00:00.000,,RH,Red Hill,紅山,true,true,true,40456,45,Filtered Water (3-4),Filtered Water,"3-4",過濾後水 (3-4),,,-1.00000,-1,,0.09000,0,2.00000,2,,0.59000,1,2.00000,2,,,,-1.00000,-1,,,,-1.00000,-1,,,,-1,-1,,,,-1,-1,,2026-04-05 01:14:44.427,2026-04-05 01:14:44.427
40107,2,2,2026-04-04 21:21:53.509,2026-04-04 17:00:00.000,,SMB,Silver Mine Bay,銀鑛灣,true,true,true,40536,30,Clarified Water,Clarified Water,"",澄清後水,6.79000,7,2.00000,2,,0.19000,0,2.00000,2,,0.92000,1,2.00000,2,,,,-1.00000,-1,,,,-1.00000,-1,,,,-1,-1,,,,-1,-1,,2026-04-06 01:16:15.157,2026-04-05 01:14:44.427
40099,2,2,2026-04-04 11:06:47.045,2026-04-04 10:00:00.000,,SMB,Silver Mine Bay,銀鑛灣,true,true,true,40495,30,Clarified Water,Clarified Water,"",澄清後水,6.73000,7,2.00000,2,,0.12000,0,2.00000,2,,0.96000,1,2.00000,2,,,,-1.00000,-1,,,,-1.00000,-1,,,,-1,-1,,,,-1,-1,,2026-04-05 01:14:44.427,2026-04-05 01:14:44.427
40093,2,1,2026-04-04 06:38:29.799,2026-04-04 00:30:00.000,,SMB,Silver Mine Bay,銀鑛灣,true,true,true,40465,30,Clarified Water,Clarified Water,"",澄清後水,6.80000,7,1.00000,2,,0.09000,0,2.00000,2,,1.01000,1,2.00000,2,,,,-1.00000,-1,,,,-1.00000,-1,,,,-1,-1,,,,-1,-1,,2026-04-05 01:14:44.427,2026-04-05 01:14:44.427
40110,4,2,2026-04-05 07:25:08.044,2026-04-05 01:00:00.000,,CS,Cheung Sha,長沙,true,true,true,40553,40,Filtered Water,Filtered Water,"",過濾後水,,,-1.00000,-1,,0.08200,0,3.00000,2,,0.48000,1,2.00000,1,,,,-1.00000,-1,,,,-1.00000,-1,,,,-1,-1,,,,-1,-1,,2026-04-06 01:16:15.157,2026-04-06 01:16:15.157
40115,4,2,2026-04-05 17:10:32.546,2026-04-05 17:00:00.000,,CS,Cheung Sha,長沙,true,true,true,40576,40,Filtered Water,Filtered Water,"",過濾後水,,,-1.00000,-1,,0.08400,0,3.00000,2,,0.47000,1,2.00000,1,,,,-1.00000,-1,,,,-1.00000,-1,,,,-1,-1,,,,-1,-1,,2026-04-06 01:16:15.157,2026-04-06 01:16:15.157
40108,2,2,2026-04-05 06:22:40.406,2026-04-05 01:00:00.000,,SMB,Silver Mine Bay,銀鑛灣,true,true,true,40542,40,Filtered Water,Filtered Water,"",過濾後水,,,-1.00000,-1,,0.12000,0,2.00000,2,,0.68000,1,2.00000,2,,,,-1.00000,-1,,,,-1.00000,-1,,,,-1,-1,,,,-1,-1,,2026-04-06 01:16:15.157,2026-04-06 01:16:15.157
40114,3,2,2026-04-05 12:15:04.608,2026-04-05 09:00:00.000,,RH,Red Hill,紅山,true,true,true,40572,45,Filtered Water (3-4),Filtered Water,"3-4",過濾後水 (3-4),,,-1.00000,-1,,0.14000,0,2.00000,2,,0.47000,1,2.00000,2,,,,-1.00000,-1,,,,-1.00000,-1,,,,-1,-1,,,,-1,-1,,2026-04-06 01:16:15.157,2026-04-06 01:16:15.157
40109,5,1,2026-04-05 08:24:27.837,2026-04-04 22:00:00.000,,TO,Tai O,大澳,true,true,true,40545,2,Raw Water (Shek Pik),Raw Water,Shek Pik,原水 (Shek Pik),6.80000,7,1.00000,1,,0.88000,1,2.00000,2,,,,-1.00000,-1,,,,-1.00000,-1,,,,-1.00000,-1,,,,-1,-1,,,,-1,-1,,2026-04-06 01:16:15.157,2026-04-06 01:16:15.157
40109,5,1,2026-04-05 08:24:27.837,2026-04-04 22:00:00.000,,TO,Tai O,大澳,true,true,true,40544,1,Raw Water (Yi O),Raw Water,Yi O,原水 (Yi O),0.00000,0,0.00000,0,,0.00000,0,0.00000,0,,,,-1.00000,-1,,,,-1.00000,-1,,,,-1.00000,-1,,,,-1,-1,,,,-1,-1,,2026-04-06 01:16:15.157,2026-04-06 01:16:15.157
40117,5,2,2026-04-05 19:44:12.154,2026-04-05 10:00:00.000,,TO,Tai O,大澳,true,true,true,40589,100,Final Water,Final Water,"",食水,8.45000,9,2.00000,2,,0.18000,0,2.00000,2,,1.05000,1,2.00000,2,,0.50000,0,1.00000,2,,,,-1.00000,-1,,,,-1,-1,,,,-1,-1,,2026-04-07 01:10:45.221,2026-04-06 01:16:15.157
40117,5,2,2026-04-05 19:44:12.154,2026-04-05 10:00:00.000,,TO,Tai O,大澳,true,true,true,40588,43,Filtered Water (3),Filtered Water,"3",過濾後水 (3),,,-1.00000,-1,,0.19000,0,2.00000,2,,,,-1.00000,-1,,,,-1.00000,-1,,,,-1.00000,-1,,,,-1,-1,,,,-1,-1,,2026-04-07 01:10:45.221,2026-04-06 01:16:15.157
40112,1,0,2026-04-05 09:35:37.696,2026-04-04 13:00:00.000,,SHW,Siu Ho Wan,小蠔灣,true,true,true,40561,33,Clarified Water (A & B),Clarified Water (A & B),"",澄清後水 (A & B),6.87000,7,2.00000,2,,0.38000,1,2.00000,2,,0.46000,1,2.00000,2,,,,-1.00000,-1,,,,-1.00000,-1,,,,-1,-1,,,,-1,-1,,2026-04-06 01:16:15.157,2026-04-06 01:16:15.157
40119,3,1,2026-04-05 19:04:55.908,2026-04-05 17:00:00.000,,RH,Red Hill,紅山,true,true,true,40599,100,Final Water,Final Water,"",食水,8.45000,9,2.00000,2,,0.10000,0,1.00000,2,,1.08000,1,2.00000,2,,0.50000,1,1.00000,1,,,,-1.00000,-1,,,,-1,-1,,,,-1,-1,,2026-04-06 01:16:15.157,2026-04-06 01:16:15.157
40111,4,2,2026-04-05 09:11:52.911,2026-04-05 09:00:00.000,,CS,Cheung Sha,長沙,true,true,true,40555,0,Raw Water,Raw Water,"",原水,6.86000,7,2.00000,2,,0.75300,1,3.00000,3,,,,-1.00000,-1,,,,-1.00000,-1,,,,-1.00000,-1,,,,-1,-1,,,,-1,-1,,2026-04-06 01:16:15.157,2026-04-06 01:16:15.157
40111,4,2,2026-04-05 09:11:52.911,2026-04-05 09:00:00.000,,CS,Cheung Sha,長沙,true,true,true,40558,100,Final Water,Final Water,"",食水,8.47000,8,2.00000,2,,0.09200,0,3.00000,3,,1.06000,1,2.00000,2,,0.51600,1,3.00000,2,,,,-1.00000,-1,,,,-1,-1,,,,-1,-1,,2026-04-06 01:16:15.157,2026-04-06 01:16:15.157
40127,2,2,2026-04-06 14:10:55.787,2026-04-06 08:00:00.000,,SMB,Silver Mine Bay,銀鑛灣,true,true,true,40637,30,Clarified Water,Clarified Water,"",澄清後水,6.67000,7,2.00000,1,,0.13000,0,2.00000,2,,0.93000,1,2.00000,2,,,,-1.00000,-1,,,,-1.00000,-1,,,,-1,-1,,,,-1,-1,,2026-04-07 01:10:45.221,2026-04-07 01:10:45.221
40120,3,1,2026-04-06 06:24:37.943,2026-04-06 01:00:00.000,,RH,Red Hill,紅山,true,true,true,40603,45,Filtered Water (3-4),Filtered Water,"3-4",過濾後水 (3-4),,,-1.00000,-1,,0.12000,0,2.00000,2,,0.56000,1,2.00000,2,,,,-1.00000,-1,,,,-1.00000,-1,,,,-1,-1,,,,-1,-1,,2026-04-07 01:10:45.221,2026-04-07 01:10:45.221
40129,2,2,2026-04-07 06:50:50.880,2026-04-06 17:00:00.000,,SMB,Silver Mine Bay,銀鑛灣,true,true,true,40647,30,Clarified Water,Clarified Water,"",澄清後水,6.78000,7,2.00000,2,,0.15000,0,2.00000,2,,0.94000,1,2.00000,2,,,,-1.00000,-1,,,,-1.00000,-1,,,,-1,-1,,,,-1,-1,,2026-04-08 01:10:53.640,2026-04-07 01:10:45.221
40131,5,2,2026-04-06 19:44:42.736,2026-04-06 10:00:00.000,,TO,Tai O,大澳,true,true,true,40656,20,Dosed Water,Dosed Water,"",投藥後水,6.54000,7,2.00000,2,,,,-1.00000,-1,,,,-1.00000,-1,,,,-1.00000,-1,,,,-1.00000,-1,,,,-1,-1,,,,-1,-1,,2026-04-08 01:10:53.640,2026-04-07 01:10:45.221
40121,2,2,2026-04-06 06:47:21.947,2026-04-06 06:30:00.000,,SMB,Silver Mine Bay,銀鑛灣,true,true,true,40605,0,Raw Water,Raw Water,"",原水,6.70000,7,1.00000,2,,0.80000,1,1.00000,2,,,,-1.00000,-1,,,,-1.00000,-1,,,,-1.00000,-1,,,,-1,-1,,,,-1,-1,,2026-04-07 01:10:45.221,2026-04-07 01:10:45.221
40127,2,2,2026-04-06 14:10:55.787,2026-04-06 08:00:00.000,,SMB,Silver Mine Bay,銀鑛灣,true,true,true,40636,20,Dosed Water,Dosed Water,"",投藥後水,6.57000,7,2.00000,2,,,,-1.00000,-1,,,,-1.00000,-1,,,,-1.00000,-1,,,,-1.00000,-1,,,,-1,-1,,,,-1,-1,,2026-04-07 01:10:45.221,2026-04-07 01:10:45.221
40122,4,2,2026-04-06 07:20:16.129,2026-04-06 01:00:00.000,,CS,Cheung Sha,長沙,true,true,true,40611,20,Dosed Water,Dosed Water,"",投藥後水,6.73000,7,2.00000,2,,,,-1.00000,-1,,0.85000,1,2.00000,2,,,,-1.00000,-1,,,,-1.00000,-1,,,,-1,-1,,,,-1,-1,,2026-04-07 01:10:45.221,2026-04-07 01:10:45.221
40122,4,2,2026-04-06 07:20:16.129,2026-04-06 01:00:00.000,,CS,Cheung Sha,長沙,true,true,true,40610,0,Raw Water,Raw Water,"",原水,6.98000,7,2.00000,2,,0.76900,1,3.00000,2,,,,-1.00000,-1,,,,-1.00000,-1,,,,-1.00000,-1,,,,-1,-1,,,,-1,-1,,2026-04-07 01:10:45.221,2026-04-07 01:10:45.221
40123,5,2,2026-04-06 09:15:53.121,2026-04-05 22:00:00.000,,TO,Tai O,大澳,true,true,true,40620,100,Final Water,Final Water,"",食水,8.48000,8,2.00000,2,,0.19000,0,2.00000,2,,1.04000,1,2.00000,2,,0.48000,0,2.00000,2,,,,-1.00000,-1,,,,-1,-1,,,,-1,-1,,2026-04-07 01:10:45.221,2026-04-07 01:10:45.221
40126,1,0,2026-04-06 11:44:42.718,2026-04-05 13:00:00.000,,SHW,Siu Ho Wan,小蠔灣,true,true,true,40632,33,Clarified Water (A & B),Clarified Water (A & B),"",澄清後水 (A & B),6.81000,7,2.00000,2,,0.48000,0,2.00000,2,,0.75000,1,2.00000,2,,,,-1.00000,-1,,,,-1.00000,-1,,,,-1,-1,,,,-1,-1,,2026-04-07 01:10:45.221,2026-04-07 01:10:45.221
40147,5,2,2026-04-08 08:15:09.980,2026-04-07 22:00:00.000,,TO,Tai O,大澳,true,true,true,40740,42,Filtered Water (2),Filtered Water,"2",過濾後水 (2),,,-1.00000,-1,,0.17000,0,2.00000,2,,,,-1.00000,-1,,,,-1.00000,-1,,,,-1.00000,-1,,,,-1,-1,,,,-1,-1,,2026-04-09 01:14:55.827,2026-04-08 01:10:53.640
40135,5,1,2026-04-07 07:59:12.253,2026-04-06 22:00:00.000,,TO,Tai O,大澳,true,true,true,40680,42,Filtered Water (2),Filtered Water,"2",過濾後水 (2),,,-1.00000,-1,,0.18000,0,2.00000,2,,,,-1.00000,-1,,,,-1.00000,-1,,,,-1.00000,-1,,,,-1,-1,,,,-1,-1,,2026-04-08 01:10:53.640,2026-04-08 01:10:53.640
40137,4,2,2026-04-07 09:05:44.925,2026-04-07 09:00:00.000,,CS,Cheung Sha,長沙,true,true,true,40689,40,Filtered Water,Filtered Water,"",過濾後水,,,-1.00000,-1,,0.08900,0,3.00000,2,,0.56000,1,2.00000,2,,,,-1.00000,-1,,,,-1.00000,-1,,,,-1,-1,,,,-1,-1,,2026-04-08 01:10:53.640,2026-04-08 01:10:53.640
40140,2,2,2026-04-07 14:07:45.747,2026-04-07 08:00:00.000,,SMB,Silver Mine Bay,銀鑛灣,true,true,true,40704,40,Filtered Water,Filtered Water,"",過濾後水,,,-1.00000,-1,,0.12000,0,2.00000,1,,0.66000,1,2.00000,2,,,,-1.00000,-1,,,,-1.00000,-1,,,,-1,-1,,,,-1,-1,,2026-04-08 01:10:53.640,2026-04-08 01:10:53.640
40145,3,2,2026-04-07 20:30:06.520,2026-04-07 17:00:00.000,,RH,Red Hill,紅山,true,true,true,40728,44,Filtered Water (1-2),Filtered Water,"1-2",過濾後水 (1-2),,,-1.00000,-1,,0.08000,0,2.00000,2,,0.47000,0,2.00000,2,,,,-1.00000,-1,,,,-1.00000,-1,,,,-1,-1,,,,-1,-1,,2026-04-08 01:10:53.640,2026-04-08 01:10:53.640
40141,4,-1,2026-04-07 09:27:22.572,2026-04-07 17:00:00.000,,CS,Cheung Sha,長沙,true,true,true,40708,40,Filtered Water,Filtered Water,"",過濾後水,,,-1.00000,-1,,0.08700,0,3.00000,2,,0.51000,1,2.00000,2,,,,-1.00000,-1,,,,-1.00000,-1,,,,-1,-1,,,,-1,-1,,2026-04-08 01:10:53.640,2026-04-08 01:10:53.640
40142,4,2,2026-04-07 17:31:27.448,2026-04-07 17:00:00.000,,CS,Cheung Sha,長沙,true,true,true,40712,40,Filtered Water,Filtered Water,"",過濾後水,,,-1.00000,-1,,0.08700,0,3.00000,2,,0.57000,1,2.00000,2,,,,-1.00000,-1,,,,-1.00000,-1,,,,-1,-1,,,,-1,-1,,2026-04-08 01:10:53.640,2026-04-08 01:10:53.640
40149,2,2,2026-04-08 06:37:50.310,2026-04-08 01:05:00.000,,SMB,Silver Mine Bay,銀鑛灣,true,true,true,40751,40,Filtered Water,Filtered Water,"",過濾後水,,,-1.00000,-1,,0.09000,0,2.00000,2,,0.60000,1,1.00000,2,,,,-1.00000,-1,,,,-1.00000,-1,,,,-1,-1,,,,-1,-1,,2026-04-09 01:14:55.827,2026-04-09 01:14:55.827
40153,3,2,2026-04-08 10:27:34.918,2026-04-08 09:00:00.000,,RH,Red Hill,紅山,true,true,true,40768,44,Filtered Water (1-2),Filtered Water,"1-2",過濾後水 (1-2),,,-1.00000,-1,,0.11000,0,2.00000,2,,0.58000,1,2.00000,2,,,,-1.00000,-1,,,,-1.00000,-1,,,,-1,-1,,,,-1,-1,,2026-04-09 01:14:55.827,2026-04-09 01:14:55.827
40148,3,1,2026-04-08 06:29:14.959,2026-04-08 01:00:00.000,,RH,Red Hill,紅山,true,true,true,40745,44,Filtered Water (1-2),Filtered Water,"1-2",過濾後水 (1-2),,,-1.00000,-1,,0.10000,0,1.00000,2,,0.59000,1,2.00000,2,,,,-1.00000,-1,,,,-1.00000,-1,,,,-1,-1,,,,-1,-1,,2026-04-09 01:14:55.827,2026-04-09 01:14:55.827
40151,4,2,2026-04-08 09:37:37.418,2026-04-08 09:00:00.000,,CS,Cheung Sha,長沙,true,true,true,40759,40,Filtered Water,Filtered Water,"",過濾後水,,,-1.00000,-1,,0.07800,0,3.00000,3,,0.58000,1,2.00000,2,,,,-1.00000,-1,,,,-1.00000,-1,,,,-1,-1,,,,-1,-1,,2026-04-09 01:14:55.827,2026-04-09 01:14:55.827
40154,5,2,2026-04-08 19:39:37.885,2026-04-08 10:00:00.000,,TO,Tai O,大澳,true,true,true,40771,1,Raw Water (Yi O),Raw Water,Yi O,原水 (Yi O),0.00000,0,0.00000,0,,0.00000,0,0.00000,0,,,,-1.00000,-1,,,,-1.00000,-1,,,,-1.00000,-1,,,,-1,-1,,,,-1,-1,,2026-04-10 01:10:52.664,2026-04-09 01:14:55.827
40155,2,2,2026-04-08 14:11:35.487,2026-04-08 10:30:00.000,,SMB,Silver Mine Bay,銀鑛灣,true,true,true,40780,30,Clarified Water,Clarified Water,"",澄清後水,6.80000,7,1.00000,2,,0.18000,0,2.00000,2,,0.93000,1,2.00000,2,,,,-1.00000,-1,,,,-1.00000,-1,,,,-1,-1,,,,-1,-1,,2026-04-09 01:14:55.827,2026-04-09 01:14:55.827
40149,2,2,2026-04-08 06:37:50.310,2026-04-08 01:05:00.000,,SMB,Silver Mine Bay,銀鑛灣,true,true,true,40748,0,Raw Water,Raw Water,"",原水,6.81000,7,2.00000,1,,0.66000,1,2.00000,2,,,,-1.00000,-1,,,,-1.00000,-1,,,,-1.00000,-1,,,,-1,-1,,,,-1,-1,,2026-04-09 01:14:55.827,2026-04-09 01:14:55.827
40153,3,2,2026-04-08 10:27:34.918,2026-04-08 09:00:00.000,,RH,Red Hill,紅山,true,true,true,40770,100,Final Water,Final Water,"",食水,8.49000,9,2.00000,2,,0.09000,0,2.00000,2,,1.12000,1,2.00000,2,,0.51000,1,2.00000,2,,,,-1.00000,-1,,,,-1,-1,,,,-1,-1,,2026-04-09 01:14:55.827,2026-04-09 01:14:55.827
40153,3,2,2026-04-08 10:27:34.918,2026-04-08 09:00:00.000,,RH,Red Hill,紅山,true,true,true,40767,20,Dosed Water,Dosed Water,"",投藥後水,6.68000,7,2.00000,1,,,,-1.00000,-1,,0.90000,1,1.00000,1,,,,-1.00000,-1,,,,-1.00000,-1,,,,-1,-1,,,,-1,-1,,2026-04-09 01:14:55.827,2026-04-09 01:14:55.827
40153,3,2,2026-04-08 10:27:34.918,2026-04-08 09:00:00.000,,RH,Red Hill,紅山,true,true,true,40766,0,Raw Water,Raw Water,"",原水,6.75000,7,2.00000,1,,1.73000,2,2.00000,2,,,,-1.00000,-1,,,,-1.00000,-1,,,,-1.00000,-1,,,,-1,-1,,,,-1,-1,,2026-04-09 01:14:55.827,2026-04-09 01:14:55.827
40157,4,-1,2026-04-08 09:38:59.220,2026-04-08 17:00:00.000,,CS,Cheung Sha,長沙,true,true,true,40791,100,Final Water,Final Water,"",食水,8.38000,8,2.00000,2,,0.09000,0,2.00000,2,,1.09000,1,2.00000,2,,0.49000,0,2.00000,2,,,,-1.00000,-1,,,,-1,-1,,,,-1,-1,,2026-04-09 01:14:55.827,2026-04-09 01:14:55.827
40156,1,0,2026-04-08 17:30:46.317,2026-04-07 21:00:00.000,,SHW,Siu Ho Wan,小蠔灣,true,true,true,40787,100,Final Water,Final Water,"",食水,0.12000,0,2.00000,1,,8.23000,8,2.00000,2,,1.01000,1,2.00000,2,,0.49000,0,2.00000,2,,,,-1.00000,-1,,,,-1,-1,,,,-1,-1,,2026-04-09 01:14:55.827,2026-04-09 01:14:55.827
40156,1,0,2026-04-08 17:30:46.317,2026-04-07 21:00:00.000,,SHW,Siu Ho Wan,小蠔灣,true,true,true,40785,33,Clarified Water (A & B),Clarified Water (A & B),"",澄清後水 (A & B),6.82000,7,2.00000,2,,0.37000,0,2.00000,1,,0.85000,1,2.00000,2,,,,-1.00000,-1,,,,-1.00000,-1,,,,-1,-1,,,,-1,-1,,2026-04-09 01:14:55.827,2026-04-09 01:14:55.827
40156,1,0,2026-04-08 17:30:46.317,2026-04-07 21:00:00.000,,SHW,Siu Ho Wan,小蠔灣,true,true,true,40783,0,Raw Water,Raw Water,"",原水,7.70000,8,1.00000,2,,0.93000,1,2.00000,2,,,,-1.00000,-1,,,,-1.00000,-1,,,,-1.00000,-1,,,,-1,-1,,,,-1,-1,,2026-04-09 01:14:55.827,2026-04-09 01:14:55.827
40151,4,2,2026-04-08 09:37:37.418,2026-04-08 09:00:00.000,,CS,Cheung Sha,長沙,true,true,true,40757,0,Raw Water,Raw Water,"",原水,6.96000,7,2.00000,2,,0.70700,1,3.00000,3,,,,-1.00000,-1,,,,-1.00000,-1,,,,-1.00000,-1,,,,-1,-1,,,,-1,-1,,2026-04-09 01:14:55.827,2026-04-09 01:14:55.827
40158,4,2,2026-04-08 17:40:36.654,2026-04-08 17:00:00.000,,CS,Cheung Sha,長沙,true,true,true,40795,100,Final Water,Final Water,"",食水,8.38000,8,2.00000,2,,0.09000,0,2.00000,2,,1.09000,1,2.00000,2,,0.49000,0,2.00000,2,,,,-1.00000,-1,,,,-1,-1,,,,-1,-1,,2026-04-09 01:14:55.827,2026-04-09 01:14:55.827
40154,5,2,2026-04-08 19:39:37.885,2026-04-08 10:00:00.000,,TO,Tai O,大澳,true,true,true,40777,100,Final Water,Final Water,"",食水,8.53000,9,2.00000,2,,0.18000,0,2.00000,2,,1.08000,1,2.00000,2,,0.49000,1,2.00000,1,,,,-1.00000,-1,,,,-1,-1,,,,-1,-1,,2026-04-10 01:10:52.664,2026-04-09 01:14:55.827
40155,2,2,2026-04-08 14:11:35.487,2026-04-08 10:30:00.000,,SMB,Silver Mine Bay,銀鑛灣,true,true,true,40779,20,Dosed Water,Dosed Water,"",投藥後水,6.61000,7,2.00000,2,,,,-1.00000,-1,,,,-1.00000,-1,,,,-1.00000,-1,,,,-1.00000,-1,,,,-1,-1,,,,-1,-1,,2026-04-09 01:14:55.827,2026-04-09 01:14:55.827
40171,3,1,2026-04-09 21:12:40.651,2026-04-09 17:00:00.000,,RH,Red Hill,紅山,true,true,true,40859,45,Filtered Water (3-4),Filtered Water,"3-4",過濾後水 (3-4),,,-1.00000,-1,,0.14000,0,2.00000,2,,0.56000,1,2.00000,2,,,,-1.00000,-1,,,,-1.00000,-1,,,,-1,-1,,,,-1,-1,,2026-04-10 01:10:52.664,2026-04-10 01:10:52.664
40166,3,0,2026-04-09 09:47:46.282,2026-04-09 09:00:00.000,,RH,Red Hill,紅山,true,true,true,40832,45,Filtered Water (3-4),Filtered Water,"3-4",過濾後水 (3-4),,,-1.00000,-1,,0.10000,0,1.00000,2,,0.54000,1,2.00000,2,,,,-1.00000,-1,,,,-1.00000,-1,,,,-1,-1,,,,-1,-1,,2026-04-10 01:10:52.664,2026-04-10 01:10:52.664
40162,2,2,2026-04-09 06:22:36.961,2026-04-09 00:00:00.000,,SMB,Silver Mine Bay,銀鑛灣,true,true,true,40813,30,Clarified Water,Clarified Water,"",澄清後水,6.85000,7,2.00000,2,,0.20000,0,1.00000,2,,0.83000,1,2.00000,2,,,,-1.00000,-1,,,,-1.00000,-1,,,,-1,-1,,,,-1,-1,,2026-04-10 01:10:52.664,2026-04-10 01:10:52.664
40163,4,2,2026-04-09 07:24:24.459,2026-04-09 01:00:00.000,,CS,Cheung Sha,長沙,true,true,true,40816,0,Raw Water,Raw Water,"",原水,6.96000,7,2.00000,2,,0.79000,1,2.00000,1,,,,-1.00000,-1,,,,-1.00000,-1,,,,-1.00000,-1,,,,-1,-1,,,,-1,-1,,2026-04-10 01:10:52.664,2026-04-10 01:10:52.664
40171,3,1,2026-04-09 21:12:40.651,2026-04-09 17:00:00.000,,RH,Red Hill,紅山,true,true,true,40856,0,Raw Water,Raw Water,"",原水,6.98000,7,2.00000,2,,1.42000,2,2.00000,2,,,,-1.00000,-1,,,,-1.00000,-1,,,,-1.00000,-1,,,,-1,-1,,,,-1,-1,,2026-04-10 01:10:52.664,2026-04-10 01:10:52.664
40168,1,0,2026-04-09 17:17:08.512,2026-04-08 21:00:00.000,,SHW,Siu Ho Wan,小蠔灣,true,true,true,40841,33,Clarified Water (A & B),Clarified Water (A & B),"",澄清後水 (A & B),6.90000,7,1.00000,1,,0.50000,1,1.00000,1,,1.11000,0,2.00000,2,,,,-1.00000,-1,,,,-1.00000,-1,,,,-1,-1,,,,-1,-1,,2026-04-10 01:10:52.664,2026-04-10 01:10:52.664
40160,3,2,2026-04-09 01:52:56.233,2026-04-09 01:00:00.000,,RH,Red Hill,紅山,true,true,true,40805,100,Final Water,Final Water,"",食水,8.50000,9,1.00000,2,,0.13000,0,2.00000,2,,1.17000,1,2.00000,1,,0.50000,1,1.00000,2,,,,-1.00000,-1,,,,-1,-1,,,,-1,-1,,2026-04-10 01:10:52.664,2026-04-10 01:10:52.664
40160,3,2,2026-04-09 01:52:56.233,2026-04-09 01:00:00.000,,RH,Red Hill,紅山,true,true,true,40801,0,Raw Water,Raw Water,"",原水,6.93000,7,2.00000,2,,1.53000,2,2.00000,2,,,,-1.00000,-1,,,,-1.00000,-1,,,,-1.00000,-1,,,,-1,-1,,,,-1,-1,,2026-04-10 01:10:52.664,2026-04-10 01:10:52.664
40161,2,2,2026-04-09 06:22:24.630,2026-04-08 17:00:00.000,,SMB,Silver Mine Bay,銀鑛灣,true,true,true,40806,0,Raw Water,Raw Water,"",原水,6.77000,7,2.00000,1,,0.80000,1,1.00000,2,,,,-1.00000,-1,,,,-1.00000,-1,,,,-1.00000,-1,,,,-1,-1,,,,-1,-1,,2026-04-10 01:10:52.664,2026-04-10 01:10:52.664
40172,4,2,2026-04-09 23:15:33.139,2026-04-09 17:00:00.000,,CS,Cheung Sha,長沙,true,true,true,40864,100,Final Water,Final Water,"",食水,8.43000,8,2.00000,2,,0.08100,0,3.00000,2,,1.00000,1,0.00000,2,,0.45500,0,3.00000,2,,,,-1.00000,-1,,,,-1,-1,,,,-1,-1,,2026-04-11 01:16:15.289,2026-04-10 01:10:52.664
40129,2,2,2026-04-07 06:50:50.880,2026-04-06 17:00:00.000,,SMB,Silver Mine Bay,銀鑛灣,true,true,true,40645,0,Raw Water,Raw Water,"",原水,6.77000,7,2.00000,2,,0.60000,1,1.00000,2,,,,-1.00000,-1,,,,-1.00000,-1,,,,-1.00000,-1,,,,-1,-1,,,,-1,-1,,2026-04-08 01:10:53.640,2026-04-07 01:10:45.221
40129,2,2,2026-04-07 06:50:50.880,2026-04-06 17:00:00.000,,SMB,Silver Mine Bay,銀鑛灣,true,true,true,40649,100,Final Water,Final Water,"",食水,8.70000,9,1.00000,2,,0.18000,0,2.00000,2,,1.07000,1,2.00000,2,,0.49000,1,2.00000,2,,,,-1.00000,-1,,,,-1,-1,,,,-1,-1,,2026-04-08 01:10:53.640,2026-04-07 01:10:45.221
40127,2,2,2026-04-06 14:10:55.787,2026-04-06 08:00:00.000,,SMB,Silver Mine Bay,銀鑛灣,true,true,true,40638,40,Filtered Water,Filtered Water,"",過濾後水,,,-1.00000,-1,,0.12000,0,2.00000,2,,0.64000,1,2.00000,2,,,,-1.00000,-1,,,,-1.00000,-1,,,,-1,-1,,,,-1,-1,,2026-04-07 01:10:45.221,2026-04-07 01:10:45.221
40120,3,1,2026-04-06 06:24:37.943,2026-04-06 01:00:00.000,,RH,Red Hill,紅山,true,true,true,40602,44,Filtered Water (1-2),Filtered Water,"1-2",過濾後水 (1-2),,,-1.00000,-1,,0.10000,0,1.00000,2,,0.59000,1,2.00000,2,,,,-1.00000,-1,,,,-1.00000,-1,,,,-1,-1,,,,-1,-1,,2026-04-07 01:10:45.221,2026-04-07 01:10:45.221
40129,2,2,2026-04-07 06:50:50.880,2026-04-06 17:00:00.000,,SMB,Silver Mine Bay,銀鑛灣,true,true,true,40648,40,Filtered Water,Filtered Water,"",過濾後水,,,-1.00000,-1,,0.14000,0,2.00000,2,,0.64000,1,2.00000,1,,,,-1.00000,-1,,,,-1.00000,-1,,,,-1,-1,,,,-1,-1,,2026-04-08 01:10:53.640,2026-04-07 01:10:45.221
40124,3,2,2026-04-06 09:23:16.942,2026-04-06 09:00:00.000,,RH,Red Hill,紅山,true,true,true,40624,45,Filtered Water (3-4),Filtered Water,"3-4",過濾後水 (3-4),,,-1.00000,-1,,0.10000,0,1.00000,2,,0.57000,1,2.00000,2,,,,-1.00000,-1,,,,-1.00000,-1,,,,-1,-1,,,,-1,-1,,2026-04-07 01:10:45.221,2026-04-07 01:10:45.221
40143,5,2,2026-04-08 08:14:55.145,2026-04-07 10:00:00.000,,TO,Tai O,大澳,true,true,true,40715,2,Raw Water (Shek Pik),Raw Water,Shek Pik,原水 (Shek Pik),6.97000,7,2.00000,0,,0.78000,1,2.00000,2,,,,-1.00000,-1,,,,-1.00000,-1,,,,-1.00000,-1,,,,-1,-1,,,,-1,-1,,2026-04-09 01:14:55.827,2026-04-08 01:10:53.640
40140,2,2,2026-04-07 14:07:45.747,2026-04-07 08:00:00.000,,SMB,Silver Mine Bay,銀鑛灣,true,true,true,40703,30,Clarified Water,Clarified Water,"",澄清後水,6.64000,7,2.00000,2,,0.13000,0,2.00000,2,,0.90000,1,1.00000,2,,,,-1.00000,-1,,,,-1.00000,-1,,,,-1,-1,,,,-1,-1,,2026-04-08 01:10:53.640,2026-04-08 01:10:53.640
40144,1,0,2026-04-07 18:03:17.157,2026-04-06 21:00:00.000,,SHW,Siu Ho Wan,小蠔灣,true,true,true,40721,0,Raw Water,Raw Water,"",原水,7.33000,7,2.00000,1,,0.90000,1,1.00000,2,,,,-1.00000,-1,,,,-1.00000,-1,,,,-1.00000,-1,,,,-1,-1,,,,-1,-1,,2026-04-08 01:10:53.640,2026-04-08 01:10:53.640
40137,4,2,2026-04-07 09:05:44.925,2026-04-07 09:00:00.000,,CS,Cheung Sha,長沙,true,true,true,40690,100,Final Water,Final Water,"",食水,8.53000,9,2.00000,2,,0.07900,0,3.00000,2,,1.07000,1,2.00000,2,,0.50300,1,3.00000,1,,,,-1.00000,-1,,,,-1,-1,,,,-1,-1,,2026-04-08 01:10:53.640,2026-04-08 01:10:53.640
40145,3,2,2026-04-07 20:30:06.520,2026-04-07 17:00:00.000,,RH,Red Hill,紅山,true,true,true,40726,0,Raw Water,Raw Water,"",原水,6.94000,7,2.00000,2,,1.35000,2,2.00000,2,,,,-1.00000,-1,,,,-1.00000,-1,,,,-1.00000,-1,,,,-1,-1,,,,-1,-1,,2026-04-08 01:10:53.640,2026-04-08 01:10:53.640
40133,3,2,2026-04-07 01:35:51.992,2026-04-07 01:00:00.000,,RH,Red Hill,紅山,true,true,true,40667,20,Dosed Water,Dosed Water,"",投藥後水,6.69000,7,2.00000,2,,,,-1.00000,-1,,0.88000,1,2.00000,2,,,,-1.00000,-1,,,,-1.00000,-1,,,,-1,-1,,,,-1,-1,,2026-04-08 01:10:53.640,2026-04-08 01:10:53.640
40141,4,-1,2026-04-07 09:27:22.572,2026-04-07 17:00:00.000,,CS,Cheung Sha,長沙,true,true,true,40706,0,Raw Water,Raw Water,"",原水,7.03000,7,2.00000,2,,0.77100,1,3.00000,2,,,,-1.00000,-1,,,,-1.00000,-1,,,,-1.00000,-1,,,,-1,-1,,,,-1,-1,,2026-04-08 01:10:53.640,2026-04-08 01:10:53.640
40142,4,2,2026-04-07 17:31:27.448,2026-04-07 17:00:00.000,,CS,Cheung Sha,長沙,true,true,true,40713,100,Final Water,Final Water,"",食水,8.48000,9,2.00000,2,,0.08200,0,3.00000,2,,1.00000,1,0.00000,2,,0.47600,0,3.00000,2,,,,-1.00000,-1,,,,-1,-1,,,,-1,-1,,2026-04-08 01:10:53.640,2026-04-08 01:10:53.640
40134,2,2,2026-04-07 06:51:14.875,2026-04-07 00:30:00.000,,SMB,Silver Mine Bay,銀鑛灣,true,true,true,40671,0,Raw Water,Raw Water,"",原水,6.79000,7,2.00000,2,,0.68000,1,2.00000,2,,,,-1.00000,-1,,,,-1.00000,-1,,,,-1.00000,-1,,,,-1,-1,,,,-1,-1,,2026-04-08 01:10:53.640,2026-04-08 01:10:53.640
40136,4,2,2026-04-07 07:20:33.658,2026-04-07 01:00:00.000,,CS,Cheung Sha,長沙,true,true,true,40683,0,Raw Water,Raw Water,"",原水,7.04000,7,2.00000,2,,0.84000,1,2.00000,1,,,,-1.00000,-1,,,,-1.00000,-1,,,,-1.00000,-1,,,,-1,-1,,,,-1,-1,,2026-04-08 01:10:53.640,2026-04-08 01:10:53.640
40132,3,1,2026-04-07 01:36:06.579,2026-04-06 17:00:00.000,,RH,Red Hill,紅山,true,true,true,40662,20,Dosed Water,Dosed Water,"",投藥後水,6.88000,7,2.00000,2,,,,-1.00000,-1,,0.84000,1,2.00000,2,"",,,-1.00000,-1,,,,-1.00000,-1,,,,-1,-1,,,,-1,-1,,2026-04-08 01:10:53.640,2026-04-08 01:10:53.640
40139,1,0,2026-04-07 09:59:28.634,2026-04-06 09:00:00.000,,SHW,Siu Ho Wan,小蠔灣,true,true,true,40699,40,Filtered Water,Filtered Water,"",過濾後水,,,-1.00000,-1,,0.10000,0,1.00000,2,,0.69000,1,2.00000,2,,,,-1.00000,-1,,,,-1.00000,-1,,,,-1,-1,,,,-1,-1,,2026-04-08 01:10:53.640,2026-04-08 01:10:53.640
40150,4,2,2026-04-08 07:26:07.863,2026-04-08 01:00:00.000,,CS,Cheung Sha,長沙,true,true,true,40755,40,Filtered Water,Filtered Water,"",過濾後水,,,-1.00000,-1,,0.08700,0,3.00000,2,,0.52000,1,2.00000,2,,,,-1.00000,-1,,,,-1.00000,-1,,,,-1,-1,,,,-1,-1,,2026-04-09 01:14:55.827,2026-04-09 01:14:55.827
40158,4,2,2026-04-08 17:40:36.654,2026-04-08 17:00:00.000,,CS,Cheung Sha,長沙,true,true,true,40794,40,Filtered Water,Filtered Water,"",過濾後水,,,-1.00000,-1,,0.08300,0,3.00000,2,,0.49000,1,2.00000,2,,,,-1.00000,-1,,,,-1.00000,-1,,,,-1,-1,,,,-1,-1,,2026-04-09 01:14:55.827,2026-04-09 01:14:55.827
40156,1,0,2026-04-08 17:30:46.317,2026-04-07 21:00:00.000,,SHW,Siu Ho Wan,小蠔灣,true,true,true,40786,40,Filtered Water,Filtered Water,"",過濾後水,,,-1.00000,-1,,0.11000,0,2.00000,1,,0.40000,0,1.00000,2,,,,-1.00000,-1,,,,-1.00000,-1,,,,-1,-1,,,,-1,-1,,2026-04-09 01:14:55.827,2026-04-09 01:14:55.827
40154,5,2,2026-04-08 19:39:37.885,2026-04-08 10:00:00.000,,TO,Tai O,大澳,true,true,true,40775,42,Filtered Water (2),Filtered Water,"2",過濾後水 (2),,,-1.00000,-1,,0.18000,0,2.00000,2,,,,-1.00000,-1,,,,-1.00000,-1,,,,-1.00000,-1,,,,-1,-1,,,,-1,-1,,2026-04-10 01:10:52.664,2026-04-09 01:14:55.827
40154,5,2,2026-04-08 19:39:37.885,2026-04-08 10:00:00.000,,TO,Tai O,大澳,true,true,true,40774,41,Filtered Water (1),Filtered Water,"1",過濾後水 (1),,,-1.00000,-1,,0.16000,0,2.00000,2,,,,-1.00000,-1,,,,-1.00000,-1,,,,-1.00000,-1,,,,-1,-1,,,,-1,-1,,2026-04-10 01:10:52.664,2026-04-09 01:14:55.827
40154,5,2,2026-04-08 19:39:37.885,2026-04-08 10:00:00.000,,TO,Tai O,大澳,true,true,true,40772,2,Raw Water (Shek Pik),Raw Water,Shek Pik,原水 (Shek Pik),6.73000,7,2.00000,1,,0.75000,1,2.00000,1,,,,-1.00000,-1,,,,-1.00000,-1,,,,-1.00000,-1,,,,-1,-1,,,,-1,-1,,2026-04-10 01:10:52.664,2026-04-09 01:14:55.827
40149,2,2,2026-04-08 06:37:50.310,2026-04-08 01:05:00.000,,SMB,Silver Mine Bay,銀鑛灣,true,true,true,40749,20,Dosed Water,Dosed Water,"",投藥後水,6.73000,7,2.00000,2,,,,-1.00000,-1,,,,-1.00000,-1,,,,-1.00000,-1,,,,-1.00000,-1,,,,-1,-1,,,,-1,-1,,2026-04-09 01:14:55.827,2026-04-09 01:14:55.827
40151,4,2,2026-04-08 09:37:37.418,2026-04-08 09:00:00.000,,CS,Cheung Sha,長沙,true,true,true,40760,100,Final Water,Final Water,"",食水,8.54000,8,2.00000,2,,0.07900,0,3.00000,3,,1.03000,1,2.00000,2,,0.51100,0,3.00000,2,,,,-1.00000,-1,,,,-1,-1,,,,-1,-1,,2026-04-09 01:14:55.827,2026-04-09 01:14:55.827
40151,4,2,2026-04-08 09:37:37.418,2026-04-08 09:00:00.000,,CS,Cheung Sha,長沙,true,true,true,40758,20,Dosed Water,Dosed Water,"",投藥後水,6.67000,7,2.00000,2,,,,-1.00000,-1,,0.88000,1,2.00000,2,,,,-1.00000,-1,,,,-1.00000,-1,,,,-1,-1,,,,-1,-1,,2026-04-09 01:14:55.827,2026-04-09 01:14:55.827
40150,4,2,2026-04-08 07:26:07.863,2026-04-08 01:00:00.000,,CS,Cheung Sha,長沙,true,true,true,40754,20,Dosed Water,Dosed Water,"",投藥後水,6.76000,7,2.00000,2,,,,-1.00000,-1,,0.87000,1,2.00000,1,,,,-1.00000,-1,,,,-1.00000,-1,,,,-1,-1,,,,-1,-1,,2026-04-09 01:14:55.827,2026-04-09 01:14:55.827
40158,4,2,2026-04-08 17:40:36.654,2026-04-08 17:00:00.000,,CS,Cheung Sha,長沙,true,true,true,40793,20,Dosed Water,Dosed Water,"",投藥後水,6.75000,7,2.00000,2,,,,-1.00000,-1,,0.90000,1,1.00000,1,,,,-1.00000,-1,,,,-1.00000,-1,,,,-1,-1,,,,-1,-1,,2026-04-09 01:14:55.827,2026-04-09 01:14:55.827
40148,3,1,2026-04-08 06:29:14.959,2026-04-08 01:00:00.000,,RH,Red Hill,紅山,true,true,true,40744,20,Dosed Water,Dosed Water,"",投藥後水,7.00000,7,0.00000,2,,,,-1.00000,-1,,0.89000,1,2.00000,2,,,,-1.00000,-1,,,,-1.00000,-1,,,,-1,-1,,,,-1,-1,,2026-04-09 01:14:55.827,2026-04-09 01:14:55.827
40148,3,1,2026-04-08 06:29:14.959,2026-04-08 01:00:00.000,,RH,Red Hill,紅山,true,true,true,40743,0,Raw Water,Raw Water,"",原水,6.96000,7,2.00000,2,,1.56000,2,2.00000,2,,,,-1.00000,-1,,,,-1.00000,-1,,,,-1.00000,-1,,,,-1,-1,,,,-1,-1,,2026-04-09 01:14:55.827,2026-04-09 01:14:55.827
40156,1,0,2026-04-08 17:30:46.317,2026-04-07 21:00:00.000,,SHW,Siu Ho Wan,小蠔灣,true,true,true,40784,20,Dosed Water,Dosed Water,"",投藥後水,6.72000,7,2.00000,2,,,,-1.00000,-1,,,,-1.00000,-1,,,,-1.00000,-1,,,,-1.00000,-1,,,,-1,-1,,,,-1,-1,,2026-04-09 01:14:55.827,2026-04-09 01:14:55.827
40155,2,2,2026-04-08 14:11:35.487,2026-04-08 10:30:00.000,,SMB,Silver Mine Bay,銀鑛灣,true,true,true,40778,0,Raw Water,Raw Water,"",原水,6.74000,7,2.00000,1,,0.64000,1,2.00000,2,,,,-1.00000,-1,,,,-1.00000,-1,,,,-1.00000,-1,,,,-1,-1,,,,-1,-1,,2026-04-09 01:14:55.827,2026-04-09 01:14:55.827
40153,3,2,2026-04-08 10:27:34.918,2026-04-08 09:00:00.000,,RH,Red Hill,紅山,true,true,true,40769,45,Filtered Water (3-4),Filtered Water,"3-4",過濾後水 (3-4),,,-1.00000,-1,,0.14000,0,2.00000,2,,0.57000,1,2.00000,1,,,,-1.00000,-1,,,,-1.00000,-1,,,,-1,-1,,,,-1,-1,,2026-04-09 01:14:55.827,2026-04-09 01:14:55.827
40160,3,2,2026-04-09 01:52:56.233,2026-04-09 01:00:00.000,,RH,Red Hill,紅山,true,true,true,40804,45,Filtered Water (3-4),Filtered Water,"3-4",過濾後水 (3-4),,,-1.00000,-1,,0.09000,0,2.00000,2,,0.60000,1,1.00000,2,,,,-1.00000,-1,,,,-1.00000,-1,,,,-1,-1,,,,-1,-1,,2026-04-10 01:10:52.664,2026-04-10 01:10:52.664
40152,1,0,2026-04-08 10:20:32.702,2026-04-07 13:00:00.000,,SHW,Siu Ho Wan,小蠔灣,true,true,true,40761,0,Raw Water,Raw Water,"",原水,7.31000,7,2.00000,1,,0.63000,1,2.00000,2,,,,-1.00000,-1,,,,-1.00000,-1,,,,-1.00000,-1,,,,-1,-1,,,,-1,-1,,2026-04-09 01:14:55.827,2026-04-09 01:14:55.827
40154,5,2,2026-04-08 19:39:37.885,2026-04-08 10:00:00.000,,TO,Tai O,大澳,true,true,true,40773,20,Dosed Water,Dosed Water,"",投藥後水,6.52000,6,2.00000,2,,,,-1.00000,-1,,,,-1.00000,-1,,,,-1.00000,-1,,,,-1.00000,-1,,,,-1,-1,,,,-1,-1,,2026-04-10 01:10:52.664,2026-04-09 01:14:55.827
40155,2,2,2026-04-08 14:11:35.487,2026-04-08 10:30:00.000,,SMB,Silver Mine Bay,銀鑛灣,true,true,true,40782,100,Final Water,Final Water,"",食水,8.57000,9,2.00000,2,,0.11000,0,2.00000,2,,1.11000,1,2.00000,2,,0.46000,0,2.00000,2,,,,-1.00000,-1,,,,-1,-1,,,,-1,-1,,2026-04-09 01:14:55.827,2026-04-09 01:14:55.827
40149,2,2,2026-04-08 06:37:50.310,2026-04-08 01:05:00.000,,SMB,Silver Mine Bay,銀鑛灣,true,true,true,40750,30,Clarified Water,Clarified Water,"",澄清後水,6.82000,7,2.00000,2,,0.15000,0,2.00000,2,,0.94000,1,2.00000,2,,,,-1.00000,-1,,,,-1.00000,-1,,,,-1,-1,,,,-1,-1,,2026-04-09 01:14:55.827,2026-04-09 01:14:55.827
40157,4,-1,2026-04-08 09:38:59.220,2026-04-08 17:00:00.000,,CS,Cheung Sha,長沙,true,true,true,40790,40,Filtered Water,Filtered Water,"",過濾後水,,,-1.00000,-1,,0.49000,1,2.00000,2,,0.08300,0,3.00000,2,,,,-1.00000,-1,,,,-1.00000,-1,,,,-1,-1,,,,-1,-1,,2026-04-09 01:14:55.827,2026-04-09 01:14:55.827
40152,1,0,2026-04-08 10:20:32.702,2026-04-07 13:00:00.000,,SHW,Siu Ho Wan,小蠔灣,true,true,true,40764,40,Filtered Water,Filtered Water,"",過濾後水,,,-1.00000,-1,,0.10000,0,1.00000,2,,0.53000,1,2.00000,2,,,,-1.00000,-1,,,,-1.00000,-1,,,,-1,-1,,,,-1,-1,,2026-04-09 01:14:55.827,2026-04-09 01:14:55.827
40155,2,2,2026-04-08 14:11:35.487,2026-04-08 10:30:00.000,,SMB,Silver Mine Bay,銀鑛灣,true,true,true,40781,40,Filtered Water,Filtered Water,"",過濾後水,,,-1.00000,-1,,0.11000,0,2.00000,2,,0.65000,1,2.00000,2,,,,-1.00000,-1,,,,-1.00000,-1,,,,-1,-1,,,,-1,-1,,2026-04-09 01:14:55.827,2026-04-09 01:14:55.827
40170,5,1,2026-04-09 19:38:37.082,2026-04-09 11:00:00.000,,TO,Tai O,大澳,true,true,true,40850,2,Raw Water (Shek Pik),Raw Water,Shek Pik,原水 (Shek Pik),6.83000,7,2.00000,2,,1.82000,2,2.00000,2,,,,-1.00000,-1,,,,-1.00000,-1,,,,-1.00000,-1,,,,-1,-1,,,,-1,-1,,2026-04-10 01:10:52.664,2026-04-10 01:10:52.664
40159,3,1,2026-04-09 01:48:02.255,2026-04-08 17:00:00.000,,RH,Red Hill,紅山,true,true,true,40799,45,Filtered Water (3-4),Filtered Water,"3-4",過濾後水 (3-4),,,-1.00000,-1,,0.11000,0,2.00000,2,,0.54000,1,2.00000,2,,,,-1.00000,-1,,,,-1.00000,-1,,,,-1,-1,,,,-1,-1,,2026-04-10 01:10:52.664,2026-04-10 01:10:52.664
40169,2,2,2026-04-09 17:41:58.009,2026-04-09 18:00:00.000,,SMB,Silver Mine Bay,銀鑛灣,true,true,true,40846,30,Clarified Water,Clarified Water,"",澄清後水,6.84000,7,2.00000,2,,0.17000,0,2.00000,2,,0.96000,1,2.00000,1,,,,-1.00000,-1,,,,-1.00000,-1,,,,-1,-1,,,,-1,-1,,2026-04-10 01:10:52.664,2026-04-10 01:10:52.664
40164,2,1,2026-04-09 17:40:14.522,2026-04-09 09:00:00.000,,SMB,Silver Mine Bay,銀鑛灣,true,true,true,40822,30,Clarified Water,Clarified Water,"",澄清後水,6.87000,7,2.00000,2,,0.13000,0,2.00000,2,,0.86000,1,2.00000,2,,,,-1.00000,-1,,,,-1.00000,-1,,,,-1,-1,,,,-1,-1,,2026-04-10 01:10:52.664,2026-04-10 01:10:52.664
40168,1,0,2026-04-09 17:17:08.512,2026-04-08 21:00:00.000,,SHW,Siu Ho Wan,小蠔灣,true,true,true,40842,40,Filtered Water,Filtered Water,"",過濾後水,,,-1.00000,-1,,0.10000,0,1.00000,1,,0.63000,0,2.00000,2,,,,-1.00000,-1,,,,-1.00000,-1,,,,-1,-1,,,,-1,-1,,2026-04-10 01:10:52.664,2026-04-10 01:10:52.664
40160,3,2,2026-04-09 01:52:56.233,2026-04-09 01:00:00.000,,RH,Red Hill,紅山,true,true,true,40803,44,Filtered Water (1-2),Filtered Water,"1-2",過濾後水 (1-2),,,-1.00000,-1,,0.13000,0,2.00000,2,,0.59000,1,2.00000,2,,,,-1.00000,-1,,,,-1.00000,-1,,,,-1,-1,,,,-1,-1,,2026-04-10 01:10:52.664,2026-04-10 01:10:52.664
40161,2,2,2026-04-09 06:22:24.630,2026-04-08 17:00:00.000,,SMB,Silver Mine Bay,銀鑛灣,true,true,true,40809,40,Filtered Water,Filtered Water,"",過濾後水,,,-1.00000,-1,,0.14000,0,2.00000,2,,0.64000,1,2.00000,2,,,,-1.00000,-1,,,,-1.00000,-1,,,,-1,-1,,,,-1,-1,,2026-04-10 01:10:52.664,2026-04-10 01:10:52.664
40170,5,1,2026-04-09 19:38:37.082,2026-04-09 11:00:00.000,,TO,Tai O,大澳,true,true,true,40852,41,Filtered Water (1),Filtered Water,"1",過濾後水 (1),,,-1.00000,-1,,0.14000,0,2.00000,2,,,,-1.00000,-1,,,,-1.00000,-1,,,,-1.00000,-1,,,,-1,-1,,,,-1,-1,,2026-04-10 01:10:52.664,2026-04-10 01:10:52.664
40170,5,1,2026-04-09 19:38:37.082,2026-04-09 11:00:00.000,,TO,Tai O,大澳,true,true,true,40853,42,Filtered Water (2),Filtered Water,"2",過濾後水 (2),,,-1.00000,-1,,0.19000,0,2.00000,2,,,,-1.00000,-1,,,,-1.00000,-1,,,,-1.00000,-1,,,,-1,-1,,,,-1,-1,,2026-04-10 01:10:52.664,2026-04-10 01:10:52.664
40163,4,2,2026-04-09 07:24:24.459,2026-04-09 01:00:00.000,,CS,Cheung Sha,長沙,true,true,true,40817,20,Dosed Water,Dosed Water,"",投藥後水,6.76000,7,2.00000,2,,,,-1.00000,-1,,0.87000,1,2.00000,2,,,,-1.00000,-1,,,,-1.00000,-1,,,,-1,-1,,,,-1,-1,,2026-04-10 01:10:52.664,2026-04-10 01:10:52.664
40167,1,0,2026-04-09 11:16:37.937,2026-04-08 13:00:00.000,,SHW,Siu Ho Wan,小蠔灣,true,true,true,40838,100,Final Water,Final Water,"",食水,8.62000,9,2.00000,2,,0.11000,0,2.00000,2,,1.06000,1,2.00000,2,,0.49000,0,2.00000,2,,,,-1.00000,-1,,,,-1,-1,,,,-1,-1,,2026-04-10 01:10:52.664,2026-04-10 01:10:52.664
40171,3,1,2026-04-09 21:12:40.651,2026-04-09 17:00:00.000,,RH,Red Hill,紅山,true,true,true,40860,100,Final Water,Final Water,"",食水,8.60000,9,1.00000,2,,0.18000,0,2.00000,2,,1.05000,1,2.00000,2,,0.46000,0,2.00000,2,,,,-1.00000,-1,,,,-1,-1,,,,-1,-1,,2026-04-10 01:10:52.664,2026-04-10 01:10:52.664
40159,3,1,2026-04-09 01:48:02.255,2026-04-08 17:00:00.000,,RH,Red Hill,紅山,true,true,true,40796,0,Raw Water,Raw Water,"",原水,6.87000,7,2.00000,2,,1.43000,2,2.00000,2,,,,-1.00000,-1,,,,-1.00000,-1,,,,-1.00000,-1,,,,-1,-1,,,,-1,-1,,2026-04-10 01:10:52.664,2026-04-10 01:10:52.664
40165,4,2,2026-04-09 09:43:44.438,2026-04-09 09:00:00.000,,CS,Cheung Sha,長沙,true,true,true,40825,0,Raw Water,Raw Water,"",原水,6.96000,7,2.00000,2,,0.73500,1,3.00000,3,,,,-1.00000,-1,,,,-1.00000,-1,,,,-1.00000,-1,,,,-1,-1,,,,-1,-1,,2026-04-10 01:10:52.664,2026-04-10 01:10:52.664
40160,3,2,2026-04-09 01:52:56.233,2026-04-09 01:00:00.000,,RH,Red Hill,紅山,true,true,true,40802,20,Dosed Water,Dosed Water,"",投藥後水,6.86000,7,2.00000,2,,,,-1.00000,-1,,0.83000,1,2.00000,2,,,,-1.00000,-1,,,,-1.00000,-1,,,,-1,-1,,,,-1,-1,,2026-04-10 01:10:52.664,2026-04-10 01:10:52.664
40169,2,2,2026-04-09 17:41:58.009,2026-04-09 18:00:00.000,,SMB,Silver Mine Bay,銀鑛灣,true,true,true,40845,20,Dosed Water,Dosed Water,"",投藥後水,6.64000,7,2.00000,2,,,,-1.00000,-1,,,,-1.00000,-1,,,,-1.00000,-1,,,,-1.00000,-1,,,,-1,-1,,,,-1,-1,,2026-04-10 01:10:52.664,2026-04-10 01:10:52.664
40164,2,1,2026-04-09 17:40:14.522,2026-04-09 09:00:00.000,,SMB,Silver Mine Bay,銀鑛灣,true,true,true,40824,100,Final Water,Final Water,"",食水,8.75000,9,2.00000,2,,0.11000,0,2.00000,2,,1.09000,1,2.00000,2,,0.55000,1,2.00000,2,,,,-1.00000,-1,,,,-1,-1,,,,-1,-1,,2026-04-10 01:10:52.664,2026-04-10 01:10:52.664
40164,2,1,2026-04-09 17:40:14.522,2026-04-09 09:00:00.000,,SMB,Silver Mine Bay,銀鑛灣,true,true,true,40821,20,Dosed Water,Dosed Water,"",投藥後水,6.58000,7,2.00000,1,,,,-1.00000,-1,,,,-1.00000,-1,,,,-1.00000,-1,,,,-1.00000,-1,,,,-1,-1,,,,-1,-1,,2026-04-10 01:10:52.664,2026-04-10 01:10:52.664
40170,5,1,2026-04-09 19:38:37.082,2026-04-09 11:00:00.000,,TO,Tai O,大澳,true,true,true,40854,43,Filtered Water (3),Filtered Water,"3",過濾後水 (3),,,-1.00000,-1,,0.23000,0,2.00000,2,,,,-1.00000,-1,,,,-1.00000,-1,,,,-1.00000,-1,,,,-1,-1,,,,-1,-1,,2026-04-10 01:10:52.664,2026-04-10 01:10:52.664
40173,3,2,2026-04-10 06:25:24.361,2026-04-10 01:00:00.000,,RH,Red Hill,紅山,true,true,true,40868,45,Filtered Water (3-4),Filtered Water,"3-4",過濾後水 (3-4),,,-1.00000,-1,,0.08000,0,2.00000,2,,0.61000,1,2.00000,2,,,,-1.00000,-1,,,,-1.00000,-1,,,,-1,-1,,,,-1,-1,,2026-04-11 01:16:15.289,2026-04-11 01:16:15.289
40183,1,0,2026-04-10 18:08:21.550,2026-04-09 21:00:00.000,,SHW,Siu Ho Wan,小蠔灣,true,true,true,40913,100,Final Water,Final Water,"",食水,0.11000,0,2.00000,2,,8.32000,8,2.00000,1,,1.07000,1,2.00000,2,,0.46000,0,2.00000,2,,,,-1.00000,-1,,,,-1,-1,,,,-1,-1,,2026-04-11 01:16:15.289,2026-04-11 01:16:15.289
40183,1,0,2026-04-10 18:08:21.550,2026-04-09 21:00:00.000,,SHW,Siu Ho Wan,小蠔灣,true,true,true,40910,20,Dosed Water,Dosed Water,"",投藥後水,6.87000,7,2.00000,2,,,,-1.00000,-1,,,,-1.00000,-1,,,,-1.00000,-1,,,,-1.00000,-1,,,,-1,-1,,,,-1,-1,,2026-04-11 01:16:15.289,2026-04-11 01:16:15.289
40173,3,2,2026-04-10 06:25:24.361,2026-04-10 01:00:00.000,,RH,Red Hill,紅山,true,true,true,40866,20,Dosed Water,Dosed Water,"",投藥後水,6.93000,7,2.00000,1,,,,-1.00000,-1,,0.87000,1,2.00000,2,,,,-1.00000,-1,,,,-1.00000,-1,,,,-1,-1,,,,-1,-1,,2026-04-11 01:16:15.289,2026-04-11 01:16:15.289
40175,4,2,2026-04-10 07:21:27.310,2026-04-10 05:00:00.000,,CS,Cheung Sha,長沙,true,true,true,40876,20,Dosed Water,Dosed Water,"",投藥後水,6.82000,7,2.00000,2,,,,-1.00000,-1,,0.80000,1,1.00000,2,,,,-1.00000,-1,,,,-1.00000,-1,,,,-1,-1,,,,-1,-1,,2026-04-11 01:16:15.289,2026-04-11 01:16:15.289
40176,3,1,2026-04-10 08:51:32.892,2026-04-10 09:00:00.000,,RH,Red Hill,紅山,true,true,true,40883,100,Final Water,Final Water,"",食水,8.52000,9,2.00000,1,,0.08000,0,2.00000,2,,1.03000,1,2.00000,2,,0.50000,1,1.00000,1,,,,-1.00000,-1,,,,-1,-1,,,,-1,-1,,2026-04-11 01:16:15.289,2026-04-11 01:16:15.289
40179,4,2,2026-04-10 10:37:22.613,2026-04-10 09:00:00.000,,CS,Cheung Sha,長沙,true,true,true,40897,100,Final Water,Final Water,"",食水,8.61000,9,2.00000,2,,0.08000,0,2.00000,3,,0.98000,1,2.00000,0,,0.51500,1,3.00000,2,,,,-1.00000,-1,,,,-1,-1,,,,-1,-1,,2026-04-11 01:16:15.289,2026-04-11 01:16:15.289
40177,2,1,2026-04-10 09:31:03.348,2026-04-10 09:00:00.000,,SMB,Silver Mine Bay,銀鑛灣,true,true,true,40884,0,Raw Water,Raw Water,"",原水,6.71000,7,2.00000,2,,0.52000,1,2.00000,2,,,,-1.00000,-1,,,,-1.00000,-1,,,,-1.00000,-1,,,,-1,-1,,,,-1,-1,,2026-04-11 01:16:15.289,2026-04-11 01:16:15.289
40177,2,1,2026-04-10 09:31:03.348,2026-04-10 09:00:00.000,,SMB,Silver Mine Bay,銀鑛灣,true,true,true,40888,100,Final Water,Final Water,"",食水,8.76000,9,2.00000,2,,0.12000,0,2.00000,2,,1.04000,1,2.00000,2,,0.52000,1,2.00000,2,,,,-1.00000,-1,,,,-1,-1,,,,-1,-1,,2026-04-11 01:16:15.289,2026-04-11 01:16:15.289
40120,3,1,2026-04-06 06:24:37.943,2026-04-06 01:00:00.000,,RH,Red Hill,紅山,true,true,true,40604,100,Final Water,Final Water,"",食水,8.51000,8,2.00000,2,,0.12000,0,2.00000,2,,1.11000,1,2.00000,1,,0.51000,1,2.00000,2,,,,-1.00000,-1,,,,-1,-1,,,,-1,-1,,2026-04-07 01:10:45.221,2026-04-07 01:10:45.221
40125,4,2,2026-04-06 09:44:15.118,2026-04-06 09:00:00.000,,CS,Cheung Sha,長沙,true,true,true,40626,0,Raw Water,Raw Water,"",原水,7.03000,7,2.00000,2,,0.75300,1,3.00000,2,,,,-1.00000,-1,,,,-1.00000,-1,,,,-1.00000,-1,,,,-1,-1,,,,-1,-1,,2026-04-07 01:10:45.221,2026-04-07 01:10:45.221
40124,3,2,2026-04-06 09:23:16.942,2026-04-06 09:00:00.000,,RH,Red Hill,紅山,true,true,true,40621,0,Raw Water,Raw Water,"",原水,6.83000,7,2.00000,2,,1.88000,2,2.00000,2,,,,-1.00000,-1,,,,-1.00000,-1,,,,-1.00000,-1,,,,-1,-1,,,,-1,-1,,2026-04-07 01:10:45.221,2026-04-07 01:10:45.221
40131,5,2,2026-04-06 19:44:42.736,2026-04-06 10:00:00.000,,TO,Tai O,大澳,true,true,true,40658,42,Filtered Water (2),Filtered Water,"2",過濾後水 (2),,,-1.00000,-1,,0.17000,0,2.00000,2,,,,-1.00000,-1,,,,-1.00000,-1,,,,-1.00000,-1,,,,-1,-1,,,,-1,-1,,2026-04-08 01:10:53.640,2026-04-07 01:10:45.221
40128,1,0,2026-04-06 17:28:19.257,2026-04-05 21:00:00.000,,SHW,Siu Ho Wan,小蠔灣,true,true,true,40643,40,Filtered Water,Filtered Water,"",過濾後水,,,-1.00000,-1,,0.09000,0,2.00000,1,,0.49000,0,2.00000,2,,,,-1.00000,-1,,,,-1.00000,-1,,,,-1,-1,,,,-1,-1,,2026-04-07 01:10:45.221,2026-04-07 01:10:45.221
40130,4,2,2026-04-06 17:41:54.169,2026-04-06 17:00:00.000,,CS,Cheung Sha,長沙,true,true,true,40652,40,Filtered Water,Filtered Water,"",過濾後水,,,-1.00000,-1,,0.08200,0,3.00000,3,,0.48000,1,2.00000,1,,,,-1.00000,-1,,,,-1.00000,-1,,,,-1,-1,,,,-1,-1,,2026-04-07 01:10:45.221,2026-04-07 01:10:45.221
40122,4,2,2026-04-06 07:20:16.129,2026-04-06 01:00:00.000,,CS,Cheung Sha,長沙,true,true,true,40612,40,Filtered Water,Filtered Water,"",過濾後水,,,-1.00000,-1,,0.08600,0,3.00000,2,,0.49000,1,2.00000,1,,,,-1.00000,-1,,,,-1.00000,-1,,,,-1,-1,,,,-1,-1,,2026-04-07 01:10:45.221,2026-04-07 01:10:45.221
40123,5,2,2026-04-06 09:15:53.121,2026-04-05 22:00:00.000,,TO,Tai O,大澳,true,true,true,40617,41,Filtered Water (1),Filtered Water,"1",過濾後水 (1),,,-1.00000,-1,,0.16000,0,2.00000,2,,,,-1.00000,-1,,,,-1.00000,-1,,,,-1.00000,-1,,,,-1,-1,,,,-1,-1,,2026-04-07 01:10:45.221,2026-04-07 01:10:45.221
40126,1,0,2026-04-06 11:44:42.718,2026-04-05 13:00:00.000,,SHW,Siu Ho Wan,小蠔灣,true,true,true,40633,40,Filtered Water,Filtered Water,"",過濾後水,,,-1.00000,-1,,0.11000,0,2.00000,2,,0.65000,1,2.00000,2,,,,-1.00000,-1,,,,-1.00000,-1,,,,-1,-1,,,,-1,-1,,2026-04-07 01:10:45.221,2026-04-07 01:10:45.221
40124,3,2,2026-04-06 09:23:16.942,2026-04-06 09:00:00.000,,RH,Red Hill,紅山,true,true,true,40623,44,Filtered Water (1-2),Filtered Water,"1-2",過濾後水 (1-2),,,-1.00000,-1,,0.15000,0,2.00000,2,,0.56000,1,2.00000,2,,,,-1.00000,-1,,,,-1.00000,-1,,,,-1,-1,,,,-1,-1,,2026-04-07 01:10:45.221,2026-04-07 01:10:45.221
40131,5,2,2026-04-06 19:44:42.736,2026-04-06 10:00:00.000,,TO,Tai O,大澳,true,true,true,40655,2,Raw Water (Shek Pik),Raw Water,Shek Pik,原水 (Shek Pik),6.76000,7,2.00000,2,,0.92000,1,2.00000,2,,,,-1.00000,-1,,,,-1.00000,-1,,,,-1.00000,-1,,,,-1,-1,,,,-1,-1,,2026-04-08 01:10:53.640,2026-04-07 01:10:45.221
40146,2,2,2026-04-07 22:34:29.243,2026-04-07 17:00:00.000,,SMB,Silver Mine Bay,銀鑛灣,true,true,true,40733,30,Clarified Water,Clarified Water,"",澄清後水,6.81000,7,2.00000,2,,0.16000,0,2.00000,2,,0.96000,1,2.00000,2,,,,-1.00000,-1,,,,-1.00000,-1,,,,-1,-1,,,,-1,-1,,2026-04-08 01:10:53.640,2026-04-08 01:10:53.640
40132,3,1,2026-04-07 01:36:06.579,2026-04-06 17:00:00.000,,RH,Red Hill,紅山,true,true,true,40664,45,Filtered Water (3-4),Filtered Water,"3-4",過濾後水 (3-4),,,-1.00000,-1,,0.12000,0,2.00000,2,,0.61000,1,2.00000,2,,,,-1.00000,-1,,,,-1.00000,-1,,,,-1,-1,,,,-1,-1,,2026-04-08 01:10:53.640,2026-04-08 01:10:53.640
40145,3,2,2026-04-07 20:30:06.520,2026-04-07 17:00:00.000,,RH,Red Hill,紅山,true,true,true,40729,45,Filtered Water (3-4),Filtered Water,"3-4",過濾後水 (3-4),,,-1.00000,-1,,0.14000,0,2.00000,2,,0.56000,1,2.00000,2,,,,-1.00000,-1,,,,-1.00000,-1,,,,-1,-1,,,,-1,-1,,2026-04-08 01:10:53.640,2026-04-08 01:10:53.640
40135,5,1,2026-04-07 07:59:12.253,2026-04-06 22:00:00.000,,TO,Tai O,大澳,true,true,true,40676,1,Raw Water (Yi O),Raw Water,Yi O,原水 (Yi O),0.00000,0,0.00000,0,,0.00000,0,0.00000,0,,,,-1.00000,-1,,,,-1.00000,-1,,,,-1.00000,-1,,,,-1,-1,,,,-1,-1,,2026-04-08 01:10:53.640,2026-04-08 01:10:53.640
40143,5,2,2026-04-08 08:14:55.145,2026-04-07 10:00:00.000,,TO,Tai O,大澳,true,true,true,40714,1,Raw Water (Yi O),Raw Water,Yi O,原水 (Yi O),0.00000,0,0.00000,0,,0.00000,0,0.00000,0,,,,-1.00000,-1,,,,-1.00000,-1,,,,-1.00000,-1,,,,-1,-1,,,,-1,-1,,2026-04-09 01:14:55.827,2026-04-08 01:10:53.640
40144,1,0,2026-04-07 18:03:17.157,2026-04-06 21:00:00.000,,SHW,Siu Ho Wan,小蠔灣,true,true,true,40725,100,Final Water,Final Water,"",食水,8.79000,9,2.00000,1,,0.42000,0,2.00000,2,,1.00000,1,0.00000,2,,0.53000,1,2.00000,2,,,,-1.00000,-1,,,,-1,-1,,,,-1,-1,,2026-04-08 01:10:53.640,2026-04-08 01:10:53.640
40146,2,2,2026-04-07 22:34:29.243,2026-04-07 17:00:00.000,,SMB,Silver Mine Bay,銀鑛灣,true,true,true,40735,100,Final Water,Final Water,"",食水,8.36000,8,2.00000,2,,0.13000,0,2.00000,2,,1.01000,1,2.00000,2,,0.45000,0,2.00000,2,,,,-1.00000,-1,,,,-1,-1,,,,-1,-1,,2026-04-08 01:10:53.640,2026-04-08 01:10:53.640
40146,2,2,2026-04-07 22:34:29.243,2026-04-07 17:00:00.000,,SMB,Silver Mine Bay,銀鑛灣,true,true,true,40732,20,Dosed Water,Dosed Water,"",投藥後水,6.65000,7,2.00000,2,,,,-1.00000,-1,,,,-1.00000,-1,,,,-1.00000,-1,,,,-1.00000,-1,,,,-1,-1,,,,-1,-1,,2026-04-08 01:10:53.640,2026-04-08 01:10:53.640
40139,1,0,2026-04-07 09:59:28.634,2026-04-06 09:00:00.000,,SHW,Siu Ho Wan,小蠔灣,true,true,true,40698,33,Clarified Water (A & B),Clarified Water (A & B),"",澄清後水 (A & B),6.86000,7,2.00000,1,,0.48000,0,2.00000,2,,0.76000,1,2.00000,2,,,,-1.00000,-1,,,,-1.00000,-1,,,,-1,-1,,,,-1,-1,,2026-04-08 01:10:53.640,2026-04-08 01:10:53.640
40132,3,1,2026-04-07 01:36:06.579,2026-04-06 17:00:00.000,,RH,Red Hill,紅山,true,true,true,40661,0,Raw Water,Raw Water,"",原水,6.97000,7,2.00000,1,,1.40000,2,1.00000,2,,,,-1.00000,-1,,,,-1.00000,-1,,,,-1.00000,-1,,,,-1,-1,,,,-1,-1,,2026-04-08 01:10:53.640,2026-04-08 01:10:53.640
40135,5,1,2026-04-07 07:59:12.253,2026-04-06 22:00:00.000,,TO,Tai O,大澳,true,true,true,40678,20,Dosed Water,Dosed Water,"",投藥後水,6.52000,7,2.00000,1,,,,-1.00000,-1,,,,-1.00000,-1,,,,-1.00000,-1,,,,-1.00000,-1,,,,-1,-1,,,,-1,-1,,2026-04-08 01:10:53.640,2026-04-08 01:10:53.640
40136,4,2,2026-04-07 07:20:33.658,2026-04-07 01:00:00.000,,CS,Cheung Sha,長沙,true,true,true,40684,20,Dosed Water,Dosed Water,"",投藥後水,6.76000,7,2.00000,2,,,,-1.00000,-1,,0.90000,1,1.00000,2,,,,-1.00000,-1,,,,-1.00000,-1,,,,-1,-1,,,,-1,-1,,2026-04-08 01:10:53.640,2026-04-08 01:10:53.640
40143,5,2,2026-04-08 08:14:55.145,2026-04-07 10:00:00.000,,TO,Tai O,大澳,true,true,true,40719,43,Filtered Water (3),Filtered Water,"3",過濾後水 (3),,,-1.00000,-1,,0.18000,0,2.00000,2,,,,-1.00000,-1,,,,-1.00000,-1,,,,-1.00000,-1,,,,-1,-1,,,,-1,-1,,2026-04-09 01:14:55.827,2026-04-08 01:10:53.640
40143,5,2,2026-04-08 08:14:55.145,2026-04-07 10:00:00.000,,TO,Tai O,大澳,true,true,true,40720,100,Final Water,Final Water,"",食水,8.62000,9,2.00000,2,,0.19000,0,2.00000,2,,1.03000,1,2.00000,2,,0.49000,1,2.00000,2,,,,-1.00000,-1,,,,-1,-1,,,,-1,-1,,2026-04-09 01:14:55.827,2026-04-08 01:10:53.640
40147,5,2,2026-04-08 08:15:09.980,2026-04-07 22:00:00.000,,TO,Tai O,大澳,true,true,true,40742,100,Final Water,Final Water,"",食水,8.58000,9,2.00000,1,,0.18000,0,2.00000,2,,1.07000,1,2.00000,2,,0.48000,1,2.00000,2,,,,-1.00000,-1,,,,-1,-1,,,,-1,-1,,2026-04-09 01:14:55.827,2026-04-08 01:10:53.640
40137,4,2,2026-04-07 09:05:44.925,2026-04-07 09:00:00.000,,CS,Cheung Sha,長沙,true,true,true,40688,20,Dosed Water,Dosed Water,"",投藥後水,6.71000,7,2.00000,2,,,,-1.00000,-1,,0.89000,1,2.00000,2,,,,-1.00000,-1,,,,-1.00000,-1,,,,-1,-1,,,,-1,-1,,2026-04-08 01:10:53.640,2026-04-08 01:10:53.640
40140,2,2,2026-04-07 14:07:45.747,2026-04-07 08:00:00.000,,SMB,Silver Mine Bay,銀鑛灣,true,true,true,40705,100,Final Water,Final Water,"",食水,8.65000,9,2.00000,2,,0.15000,0,2.00000,2,,1.03000,1,2.00000,1,,0.46000,0,2.00000,2,,,,-1.00000,-1,,,,-1,-1,,,,-1,-1,,2026-04-08 01:10:53.640,2026-04-08 01:10:53.640
40145,3,2,2026-04-07 20:30:06.520,2026-04-07 17:00:00.000,,RH,Red Hill,紅山,true,true,true,40727,20,Dosed Water,Dosed Water,"",投藥後水,6.89000,7,2.00000,2,,,,-1.00000,-1,,0.92000,1,2.00000,2,,,,-1.00000,-1,,,,-1.00000,-1,,,,-1,-1,,,,-1,-1,,2026-04-08 01:10:53.640,2026-04-08 01:10:53.640
40133,3,2,2026-04-07 01:35:51.992,2026-04-07 01:00:00.000,,RH,Red Hill,紅山,true,true,true,40670,100,Final Water,Final Water,"",食水,8.47000,8,2.00000,2,,0.13000,0,2.00000,2,,1.10000,1,1.00000,2,,0.51000,1,2.00000,2,,,,-1.00000,-1,,,,-1,-1,,,,-1,-1,,2026-04-08 01:10:53.640,2026-04-08 01:10:53.640
40138,3,1,2026-04-07 09:20:17.452,2026-04-07 09:00:00.000,,RH,Red Hill,紅山,true,true,true,40695,100,Final Water,Final Water,"",食水,8.39000,8,2.00000,2,,0.15000,0,2.00000,2,,1.11000,1,2.00000,2,,0.50000,1,1.00000,2,,,,-1.00000,-1,,,,-1,-1,,,,-1,-1,,2026-04-08 01:10:53.640,2026-04-08 01:10:53.640
40141,4,-1,2026-04-07 09:27:22.572,2026-04-07 17:00:00.000,,CS,Cheung Sha,長沙,true,true,true,40709,100,Final Water,Final Water,"",食水,8.48000,9,2.00000,2,,0.08200,0,3.00000,2,,1.00000,1,0.00000,2,,0.47600,0,3.00000,2,,,,-1.00000,-1,,,,-1,-1,,,,-1,-1,,2026-04-08 01:10:53.640,2026-04-08 01:10:53.640
40144,1,0,2026-04-07 18:03:17.157,2026-04-06 21:00:00.000,,SHW,Siu Ho Wan,小蠔灣,true,true,true,40724,40,Filtered Water,Filtered Water,"",過濾後水,,,-1.00000,-1,,0.11000,0,2.00000,1,,0.66000,1,2.00000,2,,,,-1.00000,-1,,,,-1.00000,-1,,,,-1,-1,,,,-1,-1,,2026-04-08 01:10:53.640,2026-04-08 01:10:53.640
40146,2,2,2026-04-07 22:34:29.243,2026-04-07 17:00:00.000,,SMB,Silver Mine Bay,銀鑛灣,true,true,true,40734,40,Filtered Water,Filtered Water,"",過濾後水,,,-1.00000,-1,,0.09000,0,2.00000,1,,0.68000,1,2.00000,2,,,,-1.00000,-1,,,,-1.00000,-1,,,,-1,-1,,,,-1,-1,,2026-04-08 01:10:53.640,2026-04-08 01:10:53.640
40132,3,1,2026-04-07 01:36:06.579,2026-04-06 17:00:00.000,,RH,Red Hill,紅山,true,true,true,40663,44,Filtered Water (1-2),Filtered Water,"1-2",過濾後水 (1-2),,,-1.00000,-1,,0.08000,0,2.00000,1,,0.55000,1,2.00000,2,,,,-1.00000,-1,,,,-1.00000,-1,,,,-1,-1,,,,-1,-1,,2026-04-08 01:10:53.640,2026-04-08 01:10:53.640
40172,4,2,2026-04-09 23:15:33.139,2026-04-09 17:00:00.000,,CS,Cheung Sha,長沙,true,true,true,40861,0,Raw Water,Raw Water,"",原水,7.02000,7,2.00000,2,,0.72500,1,3.00000,2,,,,-1.00000,-1,,,,-1.00000,-1,,,,-1.00000,-1,,,,-1,-1,,,,-1,-1,,2026-04-11 01:16:15.289,2026-04-10 01:10:52.664
40172,4,2,2026-04-09 23:15:33.139,2026-04-09 17:00:00.000,,CS,Cheung Sha,長沙,true,true,true,40862,20,Dosed Water,Dosed Water,"",投藥後水,6.72000,7,2.00000,2,,,,-1.00000,-1,,0.81000,1,2.00000,2,,,,-1.00000,-1,,,,-1.00000,-1,,,,-1,-1,,,,-1,-1,,2026-04-11 01:16:15.289,2026-04-10 01:10:52.664
40170,5,1,2026-04-09 19:38:37.082,2026-04-09 11:00:00.000,,TO,Tai O,大澳,true,true,true,40851,20,Dosed Water,Dosed Water,"",投藥後水,6.49000,7,2.00000,2,,,,-1.00000,-1,,,,-1.00000,-1,,,,-1.00000,-1,,,,-1.00000,-1,,,,-1,-1,,,,-1,-1,,2026-04-10 01:10:52.664,2026-04-10 01:10:52.664
40165,4,2,2026-04-09 09:43:44.438,2026-04-09 09:00:00.000,,CS,Cheung Sha,長沙,true,true,true,40827,40,Filtered Water,Filtered Water,"",過濾後水,,,-1.00000,-1,,0.08100,0,3.00000,3,,0.49000,1,2.00000,2,,,,-1.00000,-1,,,,-1.00000,-1,,,,-1,-1,,,,-1,-1,,2026-04-10 01:10:52.664,2026-04-10 01:10:52.664
40169,2,2,2026-04-09 17:41:58.009,2026-04-09 18:00:00.000,,SMB,Silver Mine Bay,銀鑛灣,true,true,true,40847,40,Filtered Water,Filtered Water,"",過濾後水,,,-1.00000,-1,,0.13000,0,2.00000,2,,0.56000,1,2.00000,2,,,,-1.00000,-1,,,,-1.00000,-1,,,,-1,-1,,,,-1,-1,,2026-04-10 01:10:52.664,2026-04-10 01:10:52.664
40183,1,0,2026-04-10 18:08:21.550,2026-04-09 21:00:00.000,,SHW,Siu Ho Wan,小蠔灣,true,true,true,40909,0,Raw Water,Raw Water,"",原水,7.25000,7,2.00000,2,,1.37000,1,2.00000,2,,,,-1.00000,-1,,,,-1.00000,-1,,,,-1.00000,-1,,,,-1,-1,,,,-1,-1,,2026-04-11 01:16:15.289,2026-04-11 01:16:15.289
40174,2,1,2026-04-10 06:52:41.629,2026-04-10 02:00:00.000,,SMB,Silver Mine Bay,銀鑛灣,true,true,true,40874,100,Final Water,Final Water,"",食水,8.78000,9,2.00000,1,,0.17000,0,2.00000,2,,1.00000,1,0.00000,0,,0.45000,1,2.00000,1,,,,-1.00000,-1,,,,-1,-1,,,,-1,-1,,2026-04-11 01:16:15.289,2026-04-11 01:16:15.289
40174,2,1,2026-04-10 06:52:41.629,2026-04-10 02:00:00.000,,SMB,Silver Mine Bay,銀鑛灣,true,true,true,40870,0,Raw Water,Raw Water,"",原水,6.72000,7,2.00000,2,,0.60000,1,1.00000,2,,,,-1.00000,-1,,,,-1.00000,-1,,,,-1.00000,-1,,,,-1,-1,,,,-1,-1,,2026-04-11 01:16:15.289,2026-04-11 01:16:15.289
40181,4,2,2026-04-10 17:02:26.645,2026-04-10 17:00:00.000,,CS,Cheung Sha,長沙,true,true,true,40905,0,Raw Water,Raw Water,"",原水,6.94000,7,2.00000,2,,0.79300,1,3.00000,3,,,,-1.00000,-1,,,,-1.00000,-1,,,,-1.00000,-1,,,,-1,-1,,,,-1,-1,,2026-04-11 01:16:15.289,2026-04-11 01:16:15.289
40175,4,2,2026-04-10 07:21:27.310,2026-04-10 05:00:00.000,,CS,Cheung Sha,長沙,true,true,true,40878,100,Final Water,Final Water,"",食水,8.46000,8,2.00000,2,,0.08200,0,3.00000,2,,0.99000,1,2.00000,2,,0.47700,0,3.00000,2,,,,-1.00000,-1,,,,-1,-1,,,,-1,-1,,2026-04-11 01:16:15.289,2026-04-11 01:16:15.289
40175,4,2,2026-04-10 07:21:27.310,2026-04-10 05:00:00.000,,CS,Cheung Sha,長沙,true,true,true,40875,0,Raw Water,Raw Water,"",原水,7.02000,7,2.00000,0,,0.71100,1,3.00000,1,,,,-1.00000,-1,,,,-1.00000,-1,,,,-1.00000,-1,,,,-1,-1,,,,-1,-1,,2026-04-11 01:16:15.289,2026-04-11 01:16:15.289
40179,4,2,2026-04-10 10:37:22.613,2026-04-10 09:00:00.000,,CS,Cheung Sha,長沙,true,true,true,40894,0,Raw Water,Raw Water,"",原水,7.06000,7,2.00000,2,,0.75400,1,3.00000,1,,,,-1.00000,-1,,,,-1.00000,-1,,,,-1.00000,-1,,,,-1,-1,,,,-1,-1,,2026-04-11 01:16:15.289,2026-04-11 01:16:15.289
40180,5,2,2026-04-10 20:08:15.585,2026-04-10 10:00:00.000,,TO,Tai O,大澳,true,true,true,40902,42,Filtered Water (2),Filtered Water,"2",過濾後水 (2),,,-1.00000,-1,,0.17000,0,2.00000,2,,,,-1.00000,-1,,,,-1.00000,-1,,,,-1.00000,-1,,,,-1,-1,,,,-1,-1,,2026-04-11 01:16:15.289,2026-04-11 01:16:15.289
40180,5,2,2026-04-10 20:08:15.585,2026-04-10 10:00:00.000,,TO,Tai O,大澳,true,true,true,40901,41,Filtered Water (1),Filtered Water,"1",過濾後水 (1),,,-1.00000,-1,,0.16000,0,2.00000,2,,,,-1.00000,-1,,,,-1.00000,-1,,,,-1.00000,-1,,,,-1,-1,,,,-1,-1,,2026-04-11 01:16:15.289,2026-04-11 01:16:15.289
40174,2,1,2026-04-10 06:52:41.629,2026-04-10 02:00:00.000,,SMB,Silver Mine Bay,銀鑛灣,true,true,true,40872,30,Clarified Water,Clarified Water,"",澄清後水,6.86000,7,2.00000,1,,0.20000,0,1.00000,2,,0.88000,1,2.00000,2,,,,-1.00000,-1,,,,-1.00000,-1,,,,-1,-1,,,,-1,-1,,2026-04-11 01:16:15.289,2026-04-11 01:16:15.289
40177,2,1,2026-04-10 09:31:03.348,2026-04-10 09:00:00.000,,SMB,Silver Mine Bay,銀鑛灣,true,true,true,40886,30,Clarified Water,Clarified Water,"",澄清後水,6.82000,7,2.00000,2,,0.14000,0,2.00000,2,,0.89000,1,2.00000,2,,,,-1.00000,-1,,,,-1.00000,-1,,,,-1,-1,,,,-1,-1,,2026-04-11 01:16:15.289,2026-04-11 01:16:15.289
40185,3,2,2026-04-11 01:49:33.203,2026-04-10 17:00:00.000,,RH,Red Hill,紅山,true,true,true,40921,44,Filtered Water (1-2),Filtered Water,"1-2",過濾後水 (1-2),,,-1.00000,-1,,0.11000,0,2.00000,0,,0.51000,1,2.00000,2,,,,-1.00000,-1,,,,-1.00000,-1,,,,-1,-1,,,,-1,-1,,2026-04-12 01:11:13.141,2026-04-12 01:11:13.141
40189,4,2,2026-04-11 09:26:09.882,2026-04-11 09:00:00.000,,CS,Cheung Sha,長沙,true,true,true,40940,40,Filtered Water,Filtered Water,"",過濾後水,,,-1.00000,-1,,0.07300,0,3.00000,3,,0.49000,1,2.00000,1,,,,-1.00000,-1,,,,-1.00000,-1,,,,-1,-1,,,,-1,-1,,2026-04-12 01:11:13.141,2026-04-12 01:11:13.141
40193,2,2,2026-04-11 17:03:40.762,2026-04-11 17:00:00.000,,SMB,Silver Mine Bay,銀鑛灣,true,true,true,40960,40,Filtered Water,Filtered Water,"",過濾後水,,,-1.00000,-1,,0.10000,0,1.00000,2,,0.61000,1,2.00000,1,,,,-1.00000,-1,,,,-1.00000,-1,,,,-1,-1,,,,-1,-1,,2026-04-12 01:11:13.141,2026-04-12 01:11:13.141
40195,1,0,2026-04-11 17:14:55.649,2026-04-10 21:00:00.000,,SHW,Siu Ho Wan,小蠔灣,true,true,true,40969,40,Filtered Water,Filtered Water,"",過濾後水,,,-1.00000,-1,,0.10000,0,1.00000,1,,0.50000,0,1.00000,2,,,,-1.00000,-1,,,,-1.00000,-1,,,,-1,-1,,,,-1,-1,,2026-04-12 01:11:13.141,2026-04-12 01:11:13.141
40186,3,2,2026-04-11 01:54:00.110,2026-04-11 01:00:00.000,,RH,Red Hill,紅山,true,true,true,40925,20,Dosed Water,Dosed Water,"",投藥後水,6.90000,7,1.00000,2,,,,-1.00000,-1,,0.97000,1,2.00000,2,,,,-1.00000,-1,,,,-1.00000,-1,,,,-1,-1,,,,-1,-1,,2026-04-12 01:11:13.141,2026-04-12 01:11:13.141
40186,3,2,2026-04-11 01:54:00.110,2026-04-11 01:00:00.000,,RH,Red Hill,紅山,true,true,true,40924,0,Raw Water,Raw Water,"",原水,6.92000,7,2.00000,2,,1.70000,2,1.00000,2,,,,-1.00000,-1,,,,-1.00000,-1,,,,-1.00000,-1,,,,-1,-1,,,,-1,-1,,2026-04-12 01:11:13.141,2026-04-12 01:11:13.141
40192,2,1,2026-04-11 13:07:09.841,2026-04-11 09:00:00.000,,SMB,Silver Mine Bay,銀鑛灣,true,true,true,40953,20,Dosed Water,Dosed Water,"",投藥後水,6.80000,7,1.00000,2,,,,-1.00000,-1,,,,-1.00000,-1,,,,-1.00000,-1,,,,-1.00000,-1,,,,-1,-1,,,,-1,-1,,2026-04-12 01:11:13.141,2026-04-12 01:11:13.141
40192,2,1,2026-04-11 13:07:09.841,2026-04-11 09:00:00.000,,SMB,Silver Mine Bay,銀鑛灣,true,true,true,40952,0,Raw Water,Raw Water,"",原水,6.76000,7,2.00000,2,,0.53000,0,2.00000,2,,,,-1.00000,-1,,,,-1.00000,-1,,,,-1.00000,-1,,,,-1,-1,,,,-1,-1,,2026-04-12 01:11:13.141,2026-04-12 01:11:13.141
40189,4,2,2026-04-11 09:26:09.882,2026-04-11 09:00:00.000,,CS,Cheung Sha,長沙,true,true,true,40938,0,Raw Water,Raw Water,"",原水,7.03000,7,2.00000,2,,0.72400,1,3.00000,3,,,,-1.00000,-1,,,,-1.00000,-1,,,,-1.00000,-1,,,,-1,-1,,,,-1,-1,,2026-04-12 01:11:13.141,2026-04-12 01:11:13.141
40196,5,1,2026-04-11 20:52:45.572,2026-04-11 10:00:00.000,,TO,Tai O,大澳,true,true,true,40977,100,Final Water,Final Water,"",食水,8.53000,9,2.00000,2,,0.12000,0,2.00000,2,,1.17000,1,2.00000,2,,0.49000,0,2.00000,2,,,,-1.00000,-1,,,,-1,-1,,,,-1,-1,,2026-04-12 01:11:13.141,2026-04-12 01:11:13.141
40194,4,2,2026-04-11 17:05:36.249,2026-04-11 17:00:00.000,,CS,Cheung Sha,長沙,true,true,true,40962,0,Raw Water,Raw Water,"",原水,6.96000,7,2.00000,2,,0.77500,1,3.00000,2,,,,-1.00000,-1,,,,-1.00000,-1,,,,-1.00000,-1,,,,-1,-1,,,,-1,-1,,2026-04-12 01:11:13.141,2026-04-12 01:11:13.141
40193,2,2,2026-04-11 17:03:40.762,2026-04-11 17:00:00.000,,SMB,Silver Mine Bay,銀鑛灣,true,true,true,40961,100,Final Water,Final Water,"",食水,8.60000,9,1.00000,2,,0.18000,0,2.00000,2,,1.13000,1,2.00000,2,,0.49000,0,2.00000,2,,,,-1.00000,-1,,,,-1,-1,,,,-1,-1,,2026-04-12 01:11:13.141,2026-04-12 01:11:13.141
40198,3,2,2026-04-13 10:06:47.295,2026-04-11 17:00:00.000,,RH,Red Hill,紅山,true,true,true,40989,100,Final Water,Final Water,"",食水,0.17000,0,2.00000,2,,8.51000,9,2.00000,2,,1.12000,1,2.00000,2,"",0.50000,0,1.00000,2,,,,-1.00000,-1,,,,-1,-1,,,,-1,-1,,2026-04-14 01:13:43.751,2026-04-12 01:11:13.141
40195,1,0,2026-04-11 17:14:55.649,2026-04-10 21:00:00.000,,SHW,Siu Ho Wan,小蠔灣,true,true,true,40968,33,Clarified Water (A & B),Clarified Water (A & B),"",澄清後水 (A & B),6.90000,7,1.00000,2,,0.32000,0,2.00000,2,,0.48000,1,2.00000,1,,,,-1.00000,-1,,,,-1.00000,-1,,,,-1,-1,,,,-1,-1,,2026-04-12 01:11:13.141,2026-04-12 01:11:13.141
40187,2,2,2026-04-11 06:28:40.025,2026-04-11 05:00:00.000,,SMB,Silver Mine Bay,銀鑛灣,true,true,true,40933,100,Final Water,Final Water,"",食水,8.66000,9,2.00000,1,,0.10000,0,1.00000,2,,0.93000,1,2.00000,2,,0.51000,1,2.00000,2,,,,-1.00000,-1,,,,-1,-1,,,,-1,-1,,2026-04-12 01:11:13.141,2026-04-12 01:11:13.141
40187,2,2,2026-04-11 06:28:40.025,2026-04-11 05:00:00.000,,SMB,Silver Mine Bay,銀鑛灣,true,true,true,40929,0,Raw Water,Raw Water,"",原水,6.76000,7,2.00000,2,,0.60000,1,1.00000,2,,,,-1.00000,-1,,,,-1.00000,-1,,,,-1.00000,-1,,,,-1,-1,,,,-1,-1,,2026-04-12 01:11:13.141,2026-04-12 01:11:13.141
40186,3,2,2026-04-11 01:54:00.110,2026-04-11 01:00:00.000,,RH,Red Hill,紅山,true,true,true,40927,45,Filtered Water (3-4),Filtered Water,"3-4",過濾後水 (3-4),,,-1.00000,-1,,0.10000,0,1.00000,2,,0.56000,1,2.00000,2,,,,-1.00000,-1,,,,-1.00000,-1,,,,-1,-1,,,,-1,-1,,2026-04-12 01:11:13.141,2026-04-12 01:11:13.141
40197,5,1,2026-04-12 08:10:03.844,2026-04-11 22:00:00.000,,TO,Tai O,大澳,true,true,true,40979,2,Raw Water (Shek Pik),Raw Water,Shek Pik,原水 (Shek Pik),6.74000,7,2.00000,2,,0.90000,1,1.00000,2,,,,-1.00000,-1,,,,-1.00000,-1,,,,-1.00000,-1,,,,-1,-1,,,,-1,-1,,2026-04-13 01:10:56.214,2026-04-12 01:11:13.141
40207,1,0,2026-04-12 17:27:19.670,2026-04-11 21:00:00.000,,SHW,Siu Ho Wan,小蠔灣,true,true,true,41030,40,Filtered Water,Filtered Water,"",過濾後水,,,-1.00000,-1,,0.11000,0,2.00000,2,,8.50000,1,1.00000,2,,,,-1.00000,-1,,,,-1.00000,-1,,,,-1,-1,,,,-1,-1,,2026-04-13 01:10:56.214,2026-04-13 01:10:56.214
40171,3,1,2026-04-09 21:12:40.651,2026-04-09 17:00:00.000,,RH,Red Hill,紅山,true,true,true,40858,44,Filtered Water (1-2),Filtered Water,"1-2",過濾後水 (1-2),,,-1.00000,-1,,0.08000,0,2.00000,2,,0.45000,0,2.00000,2,,,,-1.00000,-1,,,,-1.00000,-1,,,,-1,-1,,,,-1,-1,,2026-04-10 01:10:52.664,2026-04-10 01:10:52.664
40159,3,1,2026-04-09 01:48:02.255,2026-04-08 17:00:00.000,,RH,Red Hill,紅山,true,true,true,40798,44,Filtered Water (1-2),Filtered Water,"1-2",過濾後水 (1-2),,,-1.00000,-1,,0.11000,0,2.00000,2,,0.52000,1,2.00000,2,,,,-1.00000,-1,,,,-1.00000,-1,,,,-1,-1,,,,-1,-1,,2026-04-10 01:10:52.664,2026-04-10 01:10:52.664
40172,4,2,2026-04-09 23:15:33.139,2026-04-09 17:00:00.000,,CS,Cheung Sha,長沙,true,true,true,40863,40,Filtered Water,Filtered Water,"",過濾後水,,,-1.00000,-1,,0.08600,0,3.00000,2,,0.50000,0,1.00000,2,,,,-1.00000,-1,,,,-1.00000,-1,,,,-1,-1,,,,-1,-1,,2026-04-11 01:16:15.289,2026-04-10 01:10:52.664
40162,2,2,2026-04-09 06:22:36.961,2026-04-09 00:00:00.000,,SMB,Silver Mine Bay,銀鑛灣,true,true,true,40814,40,Filtered Water,Filtered Water,"",過濾後水,,,-1.00000,-1,,0.10000,0,1.00000,2,,0.61000,1,2.00000,2,,,,-1.00000,-1,,,,-1.00000,-1,,,,-1,-1,,,,-1,-1,,2026-04-10 01:10:52.664,2026-04-10 01:10:52.664
40170,5,1,2026-04-09 19:38:37.082,2026-04-09 11:00:00.000,,TO,Tai O,大澳,true,true,true,40849,1,Raw Water (Yi O),Raw Water,Yi O,原水 (Yi O),6.58000,7,2.00000,2,,1.00000,1,0.00000,2,,,,-1.00000,-1,,,,-1.00000,-1,,,,-1.00000,-1,,,,-1,-1,,,,-1,-1,,2026-04-10 01:10:52.664,2026-04-10 01:10:52.664
40167,1,0,2026-04-09 11:16:37.937,2026-04-08 13:00:00.000,,SHW,Siu Ho Wan,小蠔灣,true,true,true,40835,20,Dosed Water,Dosed Water,"",投藥後水,6.73000,7,2.00000,2,,,,-1.00000,-1,,,,-1.00000,-1,,,,-1.00000,-1,,,,-1.00000,-1,,,,-1,-1,,,,-1,-1,,2026-04-10 01:10:52.664,2026-04-10 01:10:52.664
40167,1,0,2026-04-09 11:16:37.937,2026-04-08 13:00:00.000,,SHW,Siu Ho Wan,小蠔灣,true,true,true,40836,33,Clarified Water (A & B),Clarified Water (A & B),"",澄清後水 (A & B),6.83000,7,2.00000,2,,0.21000,0,2.00000,1,,0.66000,1,2.00000,2,,,,-1.00000,-1,,,,-1.00000,-1,,,,-1,-1,,,,-1,-1,,2026-04-10 01:10:52.664,2026-04-10 01:10:52.664
40171,3,1,2026-04-09 21:12:40.651,2026-04-09 17:00:00.000,,RH,Red Hill,紅山,true,true,true,40857,20,Dosed Water,Dosed Water,"",投藥後水,6.97000,7,2.00000,2,,,,-1.00000,-1,,0.91000,1,2.00000,2,,,,-1.00000,-1,,,,-1.00000,-1,,,,-1,-1,,,,-1,-1,,2026-04-10 01:10:52.664,2026-04-10 01:10:52.664
40159,3,1,2026-04-09 01:48:02.255,2026-04-08 17:00:00.000,,RH,Red Hill,紅山,true,true,true,40797,20,Dosed Water,Dosed Water,"",投藥後水,6.92000,7,2.00000,2,,,,-1.00000,-1,,0.81000,1,2.00000,1,,,,-1.00000,-1,,,,-1.00000,-1,,,,-1,-1,,,,-1,-1,,2026-04-10 01:10:52.664,2026-04-10 01:10:52.664
40159,3,1,2026-04-09 01:48:02.255,2026-04-08 17:00:00.000,,RH,Red Hill,紅山,true,true,true,40800,100,Final Water,Final Water,"",食水,8.42000,9,2.00000,2,,0.14000,0,2.00000,2,,1.10000,1,1.00000,2,,0.50000,1,1.00000,1,,,,-1.00000,-1,,,,-1,-1,,,,-1,-1,,2026-04-10 01:10:52.664,2026-04-10 01:10:52.664
40168,1,0,2026-04-09 17:17:08.512,2026-04-08 21:00:00.000,,SHW,Siu Ho Wan,小蠔灣,true,true,true,40839,0,Raw Water,Raw Water,"",原水,7.32000,7,2.00000,2,,1.20000,1,1.00000,0,,,,-1.00000,-1,,,,-1.00000,-1,,,,-1.00000,-1,,,,-1,-1,,,,-1,-1,,2026-04-10 01:10:52.664,2026-04-10 01:10:52.664
40168,1,0,2026-04-09 17:17:08.512,2026-04-08 21:00:00.000,,SHW,Siu Ho Wan,小蠔灣,true,true,true,40840,20,Dosed Water,Dosed Water,"",投藥後水,6.87000,7,2.00000,2,,,,-1.00000,-1,,,,-1.00000,-1,,,,-1.00000,-1,,,,-1.00000,-1,,,,-1,-1,,,,-1,-1,,2026-04-10 01:10:52.664,2026-04-10 01:10:52.664
40161,2,2,2026-04-09 06:22:24.630,2026-04-08 17:00:00.000,,SMB,Silver Mine Bay,銀鑛灣,true,true,true,40810,100,Final Water,Final Water,"",食水,8.71000,9,2.00000,1,,0.10000,0,1.00000,2,,1.07000,1,2.00000,2,,0.45000,0,2.00000,2,,,,-1.00000,-1,,,,-1,-1,,,,-1,-1,,2026-04-10 01:10:52.664,2026-04-10 01:10:52.664
40166,3,0,2026-04-09 09:47:46.282,2026-04-09 09:00:00.000,,RH,Red Hill,紅山,true,true,true,40830,20,Dosed Water,Dosed Water,"",投藥後水,6.75000,7,2.00000,2,,,,-1.00000,-1,,0.88000,1,2.00000,1,,,,-1.00000,-1,,,,-1.00000,-1,,,,-1,-1,,,,-1,-1,,2026-04-10 01:10:52.664,2026-04-10 01:10:52.664
40166,3,0,2026-04-09 09:47:46.282,2026-04-09 09:00:00.000,,RH,Red Hill,紅山,true,true,true,40829,0,Raw Water,Raw Water,"",原水,6.85000,7,2.00000,2,,1.30000,2,1.00000,2,,,,-1.00000,-1,,,,-1.00000,-1,,,,-1.00000,-1,,,,-1,-1,,,,-1,-1,,2026-04-10 01:10:52.664,2026-04-10 01:10:52.664
40169,2,2,2026-04-09 17:41:58.009,2026-04-09 18:00:00.000,,SMB,Silver Mine Bay,銀鑛灣,true,true,true,40844,0,Raw Water,Raw Water,"",原水,6.71000,7,2.00000,2,,0.69000,1,2.00000,2,,,,-1.00000,-1,,,,-1.00000,-1,,,,-1.00000,-1,,,,-1,-1,,,,-1,-1,,2026-04-10 01:10:52.664,2026-04-10 01:10:52.664
40162,2,2,2026-04-09 06:22:36.961,2026-04-09 00:00:00.000,,SMB,Silver Mine Bay,銀鑛灣,true,true,true,40812,20,Dosed Water,Dosed Water,"",投藥後水,6.61000,7,2.00000,2,,,,-1.00000,-1,,,,-1.00000,-1,,,,-1.00000,-1,,,,-1.00000,-1,,,,-1,-1,,,,-1,-1,,2026-04-10 01:10:52.664,2026-04-10 01:10:52.664
40164,2,1,2026-04-09 17:40:14.522,2026-04-09 09:00:00.000,,SMB,Silver Mine Bay,銀鑛灣,true,true,true,40820,0,Raw Water,Raw Water,"",原水,6.70000,7,1.00000,2,,0.48000,1,2.00000,2,,,,-1.00000,-1,,,,-1.00000,-1,,,,-1.00000,-1,,,,-1,-1,,,,-1,-1,,2026-04-10 01:10:52.664,2026-04-10 01:10:52.664
40183,1,0,2026-04-10 18:08:21.550,2026-04-09 21:00:00.000,,SHW,Siu Ho Wan,小蠔灣,true,true,true,40911,33,Clarified Water (A & B),Clarified Water (A & B),"",澄清後水 (A & B),6.87000,7,2.00000,2,,0.51000,1,2.00000,2,,0.66000,1,2.00000,1,,,,-1.00000,-1,,,,-1.00000,-1,,,,-1,-1,,,,-1,-1,,2026-04-11 01:16:15.289,2026-04-11 01:16:15.289
40184,2,2,2026-04-10 22:41:17.112,2026-04-10 17:00:00.000,,SMB,Silver Mine Bay,銀鑛灣,true,true,true,40915,20,Dosed Water,Dosed Water,"",投藥後水,6.71000,7,2.00000,2,,,,-1.00000,-1,,,,-1.00000,-1,,,,-1.00000,-1,,,,-1.00000,-1,,,,-1,-1,,,,-1,-1,,2026-04-12 01:11:13.141,2026-04-11 01:16:15.289
40184,2,2,2026-04-10 22:41:17.112,2026-04-10 17:00:00.000,,SMB,Silver Mine Bay,銀鑛灣,true,true,true,40918,100,Final Water,Final Water,"",食水,8.71000,9,2.00000,2,,0.12000,0,2.00000,2,,1.03000,1,2.00000,0,,0.50000,1,1.00000,2,,,,-1.00000,-1,,,,-1,-1,,,,-1,-1,,2026-04-12 01:11:13.141,2026-04-11 01:16:15.289
40173,3,2,2026-04-10 06:25:24.361,2026-04-10 01:00:00.000,,RH,Red Hill,紅山,true,true,true,40869,100,Final Water,Final Water,"",食水,8.45000,9,2.00000,1,,0.11000,0,2.00000,1,,1.11000,1,2.00000,2,,0.50000,0,1.00000,2,,,,-1.00000,-1,,,,-1,-1,,,,-1,-1,,2026-04-11 01:16:15.289,2026-04-11 01:16:15.289
40173,3,2,2026-04-10 06:25:24.361,2026-04-10 01:00:00.000,,RH,Red Hill,紅山,true,true,true,40865,0,Raw Water,Raw Water,"",原水,6.97000,7,2.00000,2,,1.67000,1,2.00000,2,,,,-1.00000,-1,,,,-1.00000,-1,,,,-1.00000,-1,,,,-1,-1,,,,-1,-1,,2026-04-11 01:16:15.289,2026-04-11 01:16:15.289
40181,4,2,2026-04-10 17:02:26.645,2026-04-10 17:00:00.000,,CS,Cheung Sha,長沙,true,true,true,40908,100,Final Water,Final Water,"",食水,8.56000,9,2.00000,2,,0.08200,0,3.00000,3,,1.06000,1,2.00000,2,,0.49000,0,2.00000,2,,,,-1.00000,-1,,,,-1,-1,,,,-1,-1,,2026-04-11 01:16:15.289,2026-04-11 01:16:15.289
40181,4,2,2026-04-10 17:02:26.645,2026-04-10 17:00:00.000,,CS,Cheung Sha,長沙,true,true,true,40906,20,Dosed Water,Dosed Water,"",投藥後水,6.67000,7,2.00000,2,,,,-1.00000,-1,,0.83000,1,2.00000,2,,,,-1.00000,-1,,,,-1.00000,-1,,,,-1,-1,,,,-1,-1,,2026-04-11 01:16:15.289,2026-04-11 01:16:15.289
40176,3,1,2026-04-10 08:51:32.892,2026-04-10 09:00:00.000,,RH,Red Hill,紅山,true,true,true,40879,0,Raw Water,Raw Water,"",原水,6.86000,7,2.00000,2,,1.40000,2,1.00000,2,,,,-1.00000,-1,,,,-1.00000,-1,,,,-1.00000,-1,,,,-1,-1,,,,-1,-1,,2026-04-11 01:16:15.289,2026-04-11 01:16:15.289
40179,4,2,2026-04-10 10:37:22.613,2026-04-10 09:00:00.000,,CS,Cheung Sha,長沙,true,true,true,40895,20,Dosed Water,Dosed Water,"",投藥後水,6.69000,7,2.00000,2,,,,-1.00000,-1,,0.80000,1,1.00000,1,,,,-1.00000,-1,,,,-1.00000,-1,,,,-1,-1,,,,-1,-1,,2026-04-11 01:16:15.289,2026-04-11 01:16:15.289
40177,2,1,2026-04-10 09:31:03.348,2026-04-10 09:00:00.000,,SMB,Silver Mine Bay,銀鑛灣,true,true,true,40885,20,Dosed Water,Dosed Water,"",投藥後水,6.75000,7,2.00000,2,,,,-1.00000,-1,,,,-1.00000,-1,,,,-1.00000,-1,,,,-1.00000,-1,,,,-1,-1,,,,-1,-1,,2026-04-11 01:16:15.289,2026-04-11 01:16:15.289
40178,1,0,2026-04-10 09:30:57.363,2026-04-09 13:00:00.000,,SHW,Siu Ho Wan,小蠔灣,true,true,true,40893,100,Final Water,Final Water,"",食水,8.47000,8,2.00000,2,,0.13000,0,2.00000,2,,0.92000,1,2.00000,2,,0.50000,1,1.00000,1,,,,-1.00000,-1,,,,-1,-1,,,,-1,-1,,2026-04-11 01:16:15.289,2026-04-11 01:16:15.289
40180,5,2,2026-04-10 20:08:15.585,2026-04-10 10:00:00.000,,TO,Tai O,大澳,true,true,true,40903,43,Filtered Water (3),Filtered Water,"3",過濾後水 (3),,,-1.00000,-1,,0.19000,0,2.00000,2,,,,-1.00000,-1,,,,-1.00000,-1,,,,-1.00000,-1,,,,-1,-1,,,,-1,-1,,2026-04-11 01:16:15.289,2026-04-11 01:16:15.289
40180,5,2,2026-04-10 20:08:15.585,2026-04-10 10:00:00.000,,TO,Tai O,大澳,true,true,true,40899,2,Raw Water (Shek Pik),Raw Water,Shek Pik,原水 (Shek Pik),6.68000,7,2.00000,2,,1.10000,1,1.00000,2,,,,-1.00000,-1,,,,-1.00000,-1,,,,-1.00000,-1,,,,-1,-1,,,,-1,-1,,2026-04-11 01:16:15.289,2026-04-11 01:16:15.289
40184,2,2,2026-04-10 22:41:17.112,2026-04-10 17:00:00.000,,SMB,Silver Mine Bay,銀鑛灣,true,true,true,40916,30,Clarified Water,Clarified Water,"",澄清後水,6.84000,7,2.00000,2,,0.15000,0,2.00000,2,,1.00000,1,0.00000,2,,,,-1.00000,-1,,,,-1.00000,-1,,,,-1,-1,,,,-1,-1,,2026-04-12 01:11:13.141,2026-04-11 01:16:15.289
40175,4,2,2026-04-10 07:21:27.310,2026-04-10 05:00:00.000,,CS,Cheung Sha,長沙,true,true,true,40877,40,Filtered Water,Filtered Water,"",過濾後水,,,-1.00000,-1,,0.09000,0,2.00000,2,,0.48000,0,2.00000,2,,,,-1.00000,-1,,,,-1.00000,-1,,,,-1,-1,,,,-1,-1,,2026-04-11 01:16:15.289,2026-04-11 01:16:15.289
40177,2,1,2026-04-10 09:31:03.348,2026-04-10 09:00:00.000,,SMB,Silver Mine Bay,銀鑛灣,true,true,true,40887,40,Filtered Water,Filtered Water,"",過濾後水,,,-1.00000,-1,,0.12000,0,2.00000,2,,0.60000,1,1.00000,2,,,,-1.00000,-1,,,,-1.00000,-1,,,,-1,-1,,,,-1,-1,,2026-04-11 01:16:15.289,2026-04-11 01:16:15.289
40196,5,1,2026-04-11 20:52:45.572,2026-04-11 10:00:00.000,,TO,Tai O,大澳,true,true,true,40975,42,Filtered Water (2),Filtered Water,"2",過濾後水 (2),,,-1.00000,-1,,0.16000,0,2.00000,2,,,,-1.00000,-1,,,,-1.00000,-1,,,,-1.00000,-1,,,,-1,-1,,,,-1,-1,,2026-04-12 01:11:13.141,2026-04-12 01:11:13.141
40178,1,0,2026-04-10 09:30:57.363,2026-04-09 13:00:00.000,,SHW,Siu Ho Wan,小蠔灣,true,true,true,40891,33,Clarified Water (A & B),Clarified Water (A & B),"",澄清後水 (A & B),6.87000,7,2.00000,0,,0.67000,1,2.00000,2,,0.55000,1,2.00000,2,,,,-1.00000,-1,,,,-1.00000,-1,,,,-1,-1,,,,-1,-1,,2026-04-11 01:16:15.289,2026-04-11 01:16:15.289
40184,2,2,2026-04-10 22:41:17.112,2026-04-10 17:00:00.000,,SMB,Silver Mine Bay,銀鑛灣,true,true,true,40917,40,Filtered Water,Filtered Water,"",過濾後水,,,-1.00000,-1,,0.10000,0,1.00000,2,,0.74000,1,2.00000,2,,,,-1.00000,-1,,,,-1.00000,-1,,,,-1,-1,,,,-1,-1,,2026-04-12 01:11:13.141,2026-04-11 01:16:15.289
40174,2,1,2026-04-10 06:52:41.629,2026-04-10 02:00:00.000,,SMB,Silver Mine Bay,銀鑛灣,true,true,true,40873,40,Filtered Water,Filtered Water,"",過濾後水,,,-1.00000,-1,,0.15000,0,2.00000,2,,0.63000,1,2.00000,2,,,,-1.00000,-1,,,,-1.00000,-1,,,,-1,-1,,,,-1,-1,,2026-04-11 01:16:15.289,2026-04-11 01:16:15.289
40181,4,2,2026-04-10 17:02:26.645,2026-04-10 17:00:00.000,,CS,Cheung Sha,長沙,true,true,true,40907,40,Filtered Water,Filtered Water,"",過濾後水,,,-1.00000,-1,,0.08400,0,3.00000,3,,0.51000,1,2.00000,2,,,,-1.00000,-1,,,,-1.00000,-1,,,,-1,-1,,,,-1,-1,,2026-04-11 01:16:15.289,2026-04-11 01:16:15.289
40179,4,2,2026-04-10 10:37:22.613,2026-04-10 09:00:00.000,,CS,Cheung Sha,長沙,true,true,true,40896,40,Filtered Water,Filtered Water,"",過濾後水,,,-1.00000,-1,,0.09100,0,3.00000,3,,0.46000,0,2.00000,2,,,,-1.00000,-1,,,,-1.00000,-1,,,,-1,-1,,,,-1,-1,,2026-04-11 01:16:15.289,2026-04-11 01:16:15.289
40197,5,1,2026-04-12 08:10:03.844,2026-04-11 22:00:00.000,,TO,Tai O,大澳,true,true,true,40978,1,Raw Water (Yi O),Raw Water,Yi O,原水 (Yi O),0.00000,0,0.00000,0,,0.00000,0,0.00000,0,,,,-1.00000,-1,,,,-1.00000,-1,,,,-1.00000,-1,,,,-1,-1,,,,-1,-1,,2026-04-13 01:10:56.214,2026-04-12 01:11:13.141
40187,2,2,2026-04-11 06:28:40.025,2026-04-11 05:00:00.000,,SMB,Silver Mine Bay,銀鑛灣,true,true,true,40932,40,Filtered Water,Filtered Water,"",過濾後水,,,-1.00000,-1,,0.10000,0,1.00000,2,,0.66000,1,2.00000,2,,,,-1.00000,-1,,,,-1.00000,-1,,,,-1,-1,,,,-1,-1,,2026-04-12 01:11:13.141,2026-04-12 01:11:13.141
40197,5,1,2026-04-12 08:10:03.844,2026-04-11 22:00:00.000,,TO,Tai O,大澳,true,true,true,40982,42,Filtered Water (2),Filtered Water,"2",過濾後水 (2),,,-1.00000,-1,,0.16000,0,2.00000,2,,,,-1.00000,-1,,,,-1.00000,-1,,,,-1.00000,-1,,,,-1,-1,,,,-1,-1,,2026-04-13 01:10:56.214,2026-04-12 01:11:13.141
40197,5,1,2026-04-12 08:10:03.844,2026-04-11 22:00:00.000,,TO,Tai O,大澳,true,true,true,40981,41,Filtered Water (1),Filtered Water,"1",過濾後水 (1),,,-1.00000,-1,,0.15000,0,2.00000,2,,,,-1.00000,-1,,,,-1.00000,-1,,,,-1.00000,-1,,,,-1,-1,,,,-1,-1,,2026-04-13 01:10:56.214,2026-04-12 01:11:13.141
40198,3,2,2026-04-13 10:06:47.295,2026-04-11 17:00:00.000,,RH,Red Hill,紅山,true,true,true,40988,45,Filtered Water (3-4),Filtered Water,"3-4",過濾後水 (3-4),,,-1.00000,-1,,0.13000,0,2.00000,1,,0.54000,1,2.00000,2,,,,-1.00000,-1,,,,-1.00000,-1,,,,-1,-1,,,,-1,-1,,2026-04-14 01:13:43.751,2026-04-12 01:11:13.141
40190,3,1,2026-04-14 10:13:15.752,2026-04-11 09:00:00.000,,RH,Red Hill,紅山,true,true,true,40945,45,Filtered Water (3-4),Filtered Water,"3-4",過濾後水 (3-4),,,-1.00000,-1,,0.12000,0,2.00000,1,,55.00000,1,0.00000,2,,,,-1.00000,-1,,,,-1.00000,-1,,,,-1,-1,,,,-1,-1,,2026-04-15 01:10:58.338,2026-04-12 01:11:13.141
40185,3,2,2026-04-11 01:49:33.203,2026-04-10 17:00:00.000,,RH,Red Hill,紅山,true,true,true,40922,45,Filtered Water (3-4),Filtered Water,"3-4",過濾後水 (3-4),,,-1.00000,-1,,0.15000,0,2.00000,2,,0.58000,1,2.00000,1,,,,-1.00000,-1,,,,-1.00000,-1,,,,-1,-1,,,,-1,-1,,2026-04-12 01:11:13.141,2026-04-12 01:11:13.141
40187,2,2,2026-04-11 06:28:40.025,2026-04-11 05:00:00.000,,SMB,Silver Mine Bay,銀鑛灣,true,true,true,40931,30,Clarified Water,Clarified Water,"",澄清後水,6.88000,7,2.00000,2,,0.14000,0,2.00000,2,,0.97000,1,2.00000,2,,,,-1.00000,-1,,,,-1.00000,-1,,,,-1,-1,,,,-1,-1,,2026-04-12 01:11:13.141,2026-04-12 01:11:13.141
40193,2,2,2026-04-11 17:03:40.762,2026-04-11 17:00:00.000,,SMB,Silver Mine Bay,銀鑛灣,true,true,true,40958,20,Dosed Water,Dosed Water,"",投藥後水,6.70000,7,1.00000,2,,,,-1.00000,-1,,,,-1.00000,-1,,,,-1.00000,-1,,,,-1.00000,-1,,,,-1,-1,,,,-1,-1,,2026-04-12 01:11:13.141,2026-04-12 01:11:13.141
40188,4,2,2026-04-11 07:16:44.838,2026-04-11 01:00:00.000,,CS,Cheung Sha,長沙,true,true,true,40935,20,Dosed Water,Dosed Water,"",投藥後水,6.80000,7,1.00000,2,,,,-1.00000,-1,,0.81000,1,2.00000,2,,,,-1.00000,-1,,,,-1.00000,-1,,,,-1,-1,,,,-1,-1,,2026-04-12 01:11:13.141,2026-04-12 01:11:13.141
40188,4,2,2026-04-11 07:16:44.838,2026-04-11 01:00:00.000,,CS,Cheung Sha,長沙,true,true,true,40934,0,Raw Water,Raw Water,"",原水,7.02000,7,2.00000,2,,0.76600,1,3.00000,2,,,,-1.00000,-1,,,,-1.00000,-1,,,,-1.00000,-1,,,,-1,-1,,,,-1,-1,,2026-04-12 01:11:13.141,2026-04-12 01:11:13.141
40198,3,2,2026-04-13 10:06:47.295,2026-04-11 17:00:00.000,,RH,Red Hill,紅山,true,true,true,40986,20,Dosed Water,Dosed Water,"",投藥後水,6.80000,7,1.00000,2,"",,,-1.00000,-1,,0.90000,1,1.00000,2,,,,-1.00000,-1,,,,-1.00000,-1,,,,-1,-1,,,,-1,-1,,2026-04-14 01:13:43.751,2026-04-12 01:11:13.141
40186,3,2,2026-04-11 01:54:00.110,2026-04-11 01:00:00.000,,RH,Red Hill,紅山,true,true,true,40928,100,Final Water,Final Water,"",食水,8.60000,9,1.00000,2,,0.11000,0,2.00000,2,,1.15000,1,2.00000,2,,0.48000,0,2.00000,2,,,,-1.00000,-1,,,,-1,-1,,,,-1,-1,,2026-04-12 01:11:13.141,2026-04-12 01:11:13.141
40190,3,1,2026-04-14 10:13:15.752,2026-04-11 09:00:00.000,,RH,Red Hill,紅山,true,true,true,40942,0,Raw Water,Raw Water,"",原水,6.85000,7,2.00000,2,,1.58000,2,2.00000,2,,,,-1.00000,-1,,,,-1.00000,-1,,,,-1.00000,-1,,,,-1,-1,,,,-1,-1,,2026-04-15 01:10:58.338,2026-04-12 01:11:13.141
40190,3,1,2026-04-14 10:13:15.752,2026-04-11 09:00:00.000,,RH,Red Hill,紅山,true,true,true,40943,20,Dosed Water,Dosed Water,"",投藥後水,6.78000,7,2.00000,2,,,,-1.00000,-1,,0.95000,1,2.00000,2,,,,-1.00000,-1,,,,-1.00000,-1,,,,-1,-1,,,,-1,-1,,2026-04-15 01:10:58.338,2026-04-12 01:11:13.141
40185,3,2,2026-04-11 01:49:33.203,2026-04-10 17:00:00.000,,RH,Red Hill,紅山,true,true,true,40923,100,Final Water,Final Water,"",食水,0.10000,0,1.00000,2,,8.69000,9,2.00000,2,,1.10000,1,1.00000,2,,0.46000,0,2.00000,2,,,,-1.00000,-1,,,,-1,-1,,,,-1,-1,,2026-04-12 01:11:13.141,2026-04-12 01:11:13.141
40187,2,2,2026-04-11 06:28:40.025,2026-04-11 05:00:00.000,,SMB,Silver Mine Bay,銀鑛灣,true,true,true,40930,20,Dosed Water,Dosed Water,"",投藥後水,6.77000,7,2.00000,2,,,,-1.00000,-1,,,,-1.00000,-1,,,,-1.00000,-1,,,,-1.00000,-1,,,,-1,-1,,,,-1,-1,,2026-04-12 01:11:13.141,2026-04-12 01:11:13.141
40197,5,1,2026-04-12 08:10:03.844,2026-04-11 22:00:00.000,,TO,Tai O,大澳,true,true,true,40983,43,Filtered Water (3),Filtered Water,"3",過濾後水 (3),,,-1.00000,-1,,0.17000,0,2.00000,2,,,,-1.00000,-1,,,,-1.00000,-1,,,,-1.00000,-1,,,,-1,-1,,,,-1,-1,,2026-04-13 01:10:56.214,2026-04-12 01:11:13.141
40196,5,1,2026-04-11 20:52:45.572,2026-04-11 10:00:00.000,,TO,Tai O,大澳,true,true,true,40973,20,Dosed Water,Dosed Water,"",投藥後水,6.49000,7,2.00000,2,,,,-1.00000,-1,,,,-1.00000,-1,,,,-1.00000,-1,,,,-1.00000,-1,,,,-1,-1,,,,-1,-1,,2026-04-12 01:11:13.141,2026-04-12 01:11:13.141
40191,1,0,2026-04-11 11:26:49.844,2026-04-10 13:00:00.000,,SHW,Siu Ho Wan,小蠔灣,true,true,true,40949,33,Clarified Water (A & B),Clarified Water (A & B),"",澄清後水 (A & B),6.98000,7,2.00000,2,,0.54000,0,2.00000,2,,0.81000,1,2.00000,2,,,,-1.00000,-1,,,,-1.00000,-1,,,,-1,-1,,,,-1,-1,,2026-04-12 01:11:13.141,2026-04-12 01:11:13.141
40191,1,0,2026-04-11 11:26:49.844,2026-04-10 13:00:00.000,,SHW,Siu Ho Wan,小蠔灣,true,true,true,40951,100,Final Water,Final Water,"",食水,8.59000,9,2.00000,2,,0.23000,0,2.00000,2,,1.04000,1,2.00000,2,,0.40000,0,1.00000,2,,,,-1.00000,-1,,,,-1,-1,,,,-1,-1,,2026-04-12 01:11:13.141,2026-04-12 01:11:13.141
40200,2,0,2026-04-12 06:23:50.023,2026-04-12 01:00:00.000,,SMB,Silver Mine Bay,銀鑛灣,true,true,true,40998,40,Filtered Water,Filtered Water,"",過濾後水,,,-1.00000,-1,,0.11000,0,2.00000,2,,0.58000,1,2.00000,2,,,,-1.00000,-1,,,,-1.00000,-1,,,,-1,-1,,,,-1,-1,,2026-04-13 01:10:56.214,2026-04-13 01:10:56.214
40199,3,2,2026-04-13 10:06:15.654,2026-04-12 01:00:00.000,,RH,Red Hill,紅山,true,true,true,40993,45,Filtered Water (3-4),Filtered Water,"3-4",過濾後水 (3-4),,,-1.00000,-1,,0.12000,0,2.00000,1,,0.53000,1,2.00000,2,,,,-1.00000,-1,,,,-1.00000,-1,,,,-1,-1,,,,-1,-1,,2026-04-14 01:13:43.751,2026-04-13 01:10:56.214
40205,2,2,2026-04-12 13:47:53.324,2026-04-12 13:00:00.000,,SMB,Silver Mine Bay,銀鑛灣,true,true,true,41020,30,Clarified Water,Clarified Water,"",澄清後水,6.88000,7,2.00000,2,,0.17000,0,2.00000,1,,1.01000,1,2.00000,2,,,,-1.00000,-1,,,,-1.00000,-1,,,,-1,-1,,,,-1,-1,,2026-04-13 01:10:56.214,2026-04-13 01:10:56.214
40199,3,2,2026-04-13 10:06:15.654,2026-04-12 01:00:00.000,,RH,Red Hill,紅山,true,true,true,40991,20,Dosed Water,Dosed Water,"",投藥後水,6.84000,7,2.00000,2,,,,-1.00000,-1,,0.88000,1,2.00000,2,,,,-1.00000,-1,,,,-1.00000,-1,,,,-1,-1,,,,-1,-1,,2026-04-14 01:13:43.751,2026-04-13 01:10:56.214
40203,4,2,2026-04-12 09:42:59.169,2026-04-12 09:00:00.000,,CS,Cheung Sha,長沙,true,true,true,41012,100,Final Water,Final Water,"",食水,8.50000,9,1.00000,2,,0.08000,0,2.00000,3,,0.98000,1,2.00000,2,,0.50000,1,1.00000,1,,,,-1.00000,-1,,,,-1,-1,,,,-1,-1,,2026-04-13 01:10:56.214,2026-04-13 01:10:56.214
40200,2,0,2026-04-12 06:23:50.023,2026-04-12 01:00:00.000,,SMB,Silver Mine Bay,銀鑛灣,true,true,true,40999,100,Final Water,Final Water,"",食水,8.65000,9,2.00000,2,,0.13000,0,2.00000,2,,1.07000,1,2.00000,0,,0.45000,1,2.00000,1,,,,-1.00000,-1,,,,-1,-1,,,,-1,-1,,2026-04-13 01:10:56.214,2026-04-13 01:10:56.214
40206,4,2,2026-04-12 17:07:35.897,2026-04-12 17:00:00.000,,CS,Cheung Sha,長沙,true,true,true,41024,20,Dosed Water,Dosed Water,"",投藥後水,6.78000,7,2.00000,2,,,,-1.00000,-1,,0.81000,1,2.00000,2,,,,-1.00000,-1,,,,-1.00000,-1,,,,-1,-1,,,,-1,-1,,2026-04-13 01:10:56.214,2026-04-13 01:10:56.214
40206,4,2,2026-04-12 17:07:35.897,2026-04-12 17:00:00.000,,CS,Cheung Sha,長沙,true,true,true,41026,100,Final Water,Final Water,"",食水,8.54000,9,2.00000,2,,0.08300,0,3.00000,3,,0.99000,1,2.00000,2,,0.49000,0,2.00000,2,,,,-1.00000,-1,,,,-1,-1,,,,-1,-1,,2026-04-13 01:10:56.214,2026-04-13 01:10:56.214
40209,3,1,2026-04-13 00:47:20.069,2026-04-12 17:00:00.000,,RH,Red Hill,紅山,true,true,true,41040,20,Dosed Water,Dosed Water,"",投藥後水,6.90000,7,1.00000,2,,,,-1.00000,-1,,0.90000,1,1.00000,2,,,,-1.00000,-1,,,,-1.00000,-1,,,,-1,-1,,,,-1,-1,,2026-04-14 01:13:43.751,2026-04-13 01:10:56.214
40136,4,2,2026-04-07 07:20:33.658,2026-04-07 01:00:00.000,,CS,Cheung Sha,長沙,true,true,true,40685,40,Filtered Water,Filtered Water,"",過濾後水,,,-1.00000,-1,,0.08000,0,2.00000,3,,0.60000,1,1.00000,2,,,,-1.00000,-1,,,,-1.00000,-1,,,,-1,-1,,,,-1,-1,,2026-04-08 01:10:53.640,2026-04-08 01:10:53.640
40133,3,2,2026-04-07 01:35:51.992,2026-04-07 01:00:00.000,,RH,Red Hill,紅山,true,true,true,40668,44,Filtered Water (1-2),Filtered Water,"1-2",過濾後水 (1-2),,,-1.00000,-1,,0.10000,0,1.00000,2,,0.53000,1,2.00000,2,,,,-1.00000,-1,,,,-1.00000,-1,,,,-1,-1,,,,-1,-1,,2026-04-08 01:10:53.640,2026-04-08 01:10:53.640
40138,3,1,2026-04-07 09:20:17.452,2026-04-07 09:00:00.000,,RH,Red Hill,紅山,true,true,true,40693,44,Filtered Water (1-2),Filtered Water,"1-2",過濾後水 (1-2),,,-1.00000,-1,,0.12000,0,2.00000,2,,0.48000,0,2.00000,2,,,,-1.00000,-1,,,,-1.00000,-1,,,,-1,-1,,,,-1,-1,,2026-04-08 01:10:53.640,2026-04-08 01:10:53.640
40152,1,0,2026-04-08 10:20:32.702,2026-04-07 13:00:00.000,,SHW,Siu Ho Wan,小蠔灣,true,true,true,40765,100,Final Water,Final Water,"",食水,0.13000,0,2.00000,2,,8.43000,8,2.00000,2,,1.10000,1,1.00000,1,,0.50000,1,1.00000,1,,,,-1.00000,-1,,,,-1,-1,,,,-1,-1,,2026-04-09 01:14:55.827,2026-04-09 01:14:55.827
40154,5,2,2026-04-08 19:39:37.885,2026-04-08 10:00:00.000,,TO,Tai O,大澳,true,true,true,40776,43,Filtered Water (3),Filtered Water,"3",過濾後水 (3),,,-1.00000,-1,,0.19000,0,2.00000,2,,,,-1.00000,-1,,,,-1.00000,-1,,,,-1.00000,-1,,,,-1,-1,,,,-1,-1,,2026-04-10 01:10:52.664,2026-04-09 01:14:55.827
40157,4,-1,2026-04-08 09:38:59.220,2026-04-08 17:00:00.000,,CS,Cheung Sha,長沙,true,true,true,40789,20,Dosed Water,Dosed Water,"",投藥後水,6.75000,7,2.00000,2,,,,-1.00000,-1,,0.90000,1,1.00000,1,,,,-1.00000,-1,,,,-1.00000,-1,,,,-1,-1,,,,-1,-1,,2026-04-09 01:14:55.827,2026-04-09 01:14:55.827
40150,4,2,2026-04-08 07:26:07.863,2026-04-08 01:00:00.000,,CS,Cheung Sha,長沙,true,true,true,40756,100,Final Water,Final Water,"",食水,8.47000,9,2.00000,2,,0.08500,0,3.00000,2,,1.01000,1,2.00000,2,,0.48700,0,3.00000,2,,,,-1.00000,-1,,,,-1,-1,,,,-1,-1,,2026-04-09 01:14:55.827,2026-04-09 01:14:55.827
40150,4,2,2026-04-08 07:26:07.863,2026-04-08 01:00:00.000,,CS,Cheung Sha,長沙,true,true,true,40753,0,Raw Water,Raw Water,"",原水,7.04000,7,2.00000,2,,0.71200,1,3.00000,2,,,,-1.00000,-1,,,,-1.00000,-1,,,,-1.00000,-1,,,,-1,-1,,,,-1,-1,,2026-04-09 01:14:55.827,2026-04-09 01:14:55.827
40158,4,2,2026-04-08 17:40:36.654,2026-04-08 17:00:00.000,,CS,Cheung Sha,長沙,true,true,true,40792,0,Raw Water,Raw Water,"",原水,6.97000,7,2.00000,2,,0.78000,1,2.00000,2,,,,-1.00000,-1,,,,-1.00000,-1,,,,-1.00000,-1,,,,-1,-1,,,,-1,-1,,2026-04-09 01:14:55.827,2026-04-09 01:14:55.827
40148,3,1,2026-04-08 06:29:14.959,2026-04-08 01:00:00.000,,RH,Red Hill,紅山,true,true,true,40746,45,Filtered Water (3-4),Filtered Water,"3-4",過濾後水 (3-4),,,-1.00000,-1,,0.12000,0,2.00000,1,,0.60000,1,1.00000,2,,,,-1.00000,-1,,,,-1.00000,-1,,,,-1,-1,,,,-1,-1,,2026-04-09 01:14:55.827,2026-04-09 01:14:55.827
40161,2,2,2026-04-09 06:22:24.630,2026-04-08 17:00:00.000,,SMB,Silver Mine Bay,銀鑛灣,true,true,true,40808,30,Clarified Water,Clarified Water,"",澄清後水,6.85000,7,2.00000,2,,0.19000,0,2.00000,1,,0.92000,1,2.00000,2,,,,-1.00000,-1,,,,-1.00000,-1,,,,-1,-1,,,,-1,-1,,2026-04-10 01:10:52.664,2026-04-10 01:10:52.664
40166,3,0,2026-04-09 09:47:46.282,2026-04-09 09:00:00.000,,RH,Red Hill,紅山,true,true,true,40831,44,Filtered Water (1-2),Filtered Water,"1-2",過濾後水 (1-2),,,-1.00000,-1,,0.15000,0,2.00000,2,,0.47000,1,2.00000,1,,,,-1.00000,-1,,,,-1.00000,-1,,,,-1,-1,,,,-1,-1,,2026-04-10 01:10:52.664,2026-04-10 01:10:52.664
40163,4,2,2026-04-09 07:24:24.459,2026-04-09 01:00:00.000,,CS,Cheung Sha,長沙,true,true,true,40818,40,Filtered Water,Filtered Water,"",過濾後水,,,-1.00000,-1,,0.09000,0,2.00000,2,,0.54000,1,2.00000,2,,,,-1.00000,-1,,,,-1.00000,-1,,,,-1,-1,,,,-1,-1,,2026-04-10 01:10:52.664,2026-04-10 01:10:52.664
40167,1,0,2026-04-09 11:16:37.937,2026-04-08 13:00:00.000,,SHW,Siu Ho Wan,小蠔灣,true,true,true,40837,40,Filtered Water,Filtered Water,"",過濾後水,,,-1.00000,-1,,0.10000,0,1.00000,1,,0.46000,0,2.00000,1,,,,-1.00000,-1,,,,-1.00000,-1,,,,-1,-1,,,,-1,-1,,2026-04-10 01:10:52.664,2026-04-10 01:10:52.664
40164,2,1,2026-04-09 17:40:14.522,2026-04-09 09:00:00.000,,SMB,Silver Mine Bay,銀鑛灣,true,true,true,40823,40,Filtered Water,Filtered Water,"",過濾後水,,,-1.00000,-1,,0.10000,0,1.00000,2,,0.60000,1,1.00000,2,,,,-1.00000,-1,,,,-1.00000,-1,,,,-1,-1,,,,-1,-1,,2026-04-10 01:10:52.664,2026-04-10 01:10:52.664
40165,4,2,2026-04-09 09:43:44.438,2026-04-09 09:00:00.000,,CS,Cheung Sha,長沙,true,true,true,40826,20,Dosed Water,Dosed Water,"",投藥後水,6.66000,7,2.00000,2,,,,-1.00000,-1,,0.83000,1,2.00000,2,,,,-1.00000,-1,,,,-1.00000,-1,,,,-1,-1,,,,-1,-1,,2026-04-10 01:10:52.664,2026-04-10 01:10:52.664
40165,4,2,2026-04-09 09:43:44.438,2026-04-09 09:00:00.000,,CS,Cheung Sha,長沙,true,true,true,40828,100,Final Water,Final Water,"",食水,8.56000,9,2.00000,2,,0.09600,0,3.00000,3,,1.08000,1,2.00000,2,,0.51700,1,3.00000,1,,,,-1.00000,-1,,,,-1,-1,,,,-1,-1,,2026-04-10 01:10:52.664,2026-04-10 01:10:52.664
40161,2,2,2026-04-09 06:22:24.630,2026-04-08 17:00:00.000,,SMB,Silver Mine Bay,銀鑛灣,true,true,true,40807,20,Dosed Water,Dosed Water,"",投藥後水,6.63000,7,2.00000,2,,,,-1.00000,-1,,,,-1.00000,-1,,,,-1.00000,-1,,,,-1.00000,-1,,,,-1,-1,,,,-1,-1,,2026-04-10 01:10:52.664,2026-04-10 01:10:52.664
40166,3,0,2026-04-09 09:47:46.282,2026-04-09 09:00:00.000,,RH,Red Hill,紅山,true,true,true,40833,100,Final Water,Final Water,"",食水,8.52000,9,2.00000,2,,0.12000,0,2.00000,2,,1.12000,1,2.00000,2,,0.50000,1,1.00000,2,,,,-1.00000,-1,,,,-1,-1,,,,-1,-1,,2026-04-10 01:10:52.664,2026-04-10 01:10:52.664
40169,2,2,2026-04-09 17:41:58.009,2026-04-09 18:00:00.000,,SMB,Silver Mine Bay,銀鑛灣,true,true,true,40848,100,Final Water,Final Water,"",食水,8.74000,9,2.00000,1,,0.19000,0,2.00000,2,,1.07000,1,2.00000,2,,0.45000,0,2.00000,2,,,,-1.00000,-1,,,,-1,-1,,,,-1,-1,,2026-04-10 01:10:52.664,2026-04-10 01:10:52.664
40163,4,2,2026-04-09 07:24:24.459,2026-04-09 01:00:00.000,,CS,Cheung Sha,長沙,true,true,true,40819,100,Final Water,Final Water,"",食水,8.63000,9,2.00000,2,,0.07700,0,3.00000,2,,1.09000,1,2.00000,2,,0.50000,1,1.00000,1,,,,-1.00000,-1,,,,-1,-1,,,,-1,-1,,2026-04-10 01:10:52.664,2026-04-10 01:10:52.664
40167,1,0,2026-04-09 11:16:37.937,2026-04-08 13:00:00.000,,SHW,Siu Ho Wan,小蠔灣,true,true,true,40834,0,Raw Water,Raw Water,"",原水,7.70000,8,1.00000,2,,0.60000,1,1.00000,2,,,,-1.00000,-1,,,,-1.00000,-1,,,,-1.00000,-1,,,,-1,-1,,,,-1,-1,,2026-04-10 01:10:52.664,2026-04-10 01:10:52.664
40168,1,0,2026-04-09 17:17:08.512,2026-04-08 21:00:00.000,,SHW,Siu Ho Wan,小蠔灣,true,true,true,40843,100,Final Water,Final Water,"",食水,8.71000,9,2.00000,2,,0.19000,0,2.00000,2,,1.00000,1,0.00000,2,,0.50000,1,1.00000,2,,,,-1.00000,-1,,,,-1,-1,,,,-1,-1,,2026-04-10 01:10:52.664,2026-04-10 01:10:52.664
40162,2,2,2026-04-09 06:22:36.961,2026-04-09 00:00:00.000,,SMB,Silver Mine Bay,銀鑛灣,true,true,true,40815,100,Final Water,Final Water,"",食水,8.68000,9,2.00000,2,,0.13000,0,2.00000,2,,1.03000,1,2.00000,2,,0.46000,1,2.00000,1,,,,-1.00000,-1,,,,-1,-1,,,,-1,-1,,2026-04-10 01:10:52.664,2026-04-10 01:10:52.664
40162,2,2,2026-04-09 06:22:36.961,2026-04-09 00:00:00.000,,SMB,Silver Mine Bay,銀鑛灣,true,true,true,40811,0,Raw Water,Raw Water,"",原水,6.72000,7,2.00000,1,,0.62000,1,2.00000,2,,,,-1.00000,-1,,,,-1.00000,-1,,,,-1.00000,-1,,,,-1,-1,,,,-1,-1,,2026-04-10 01:10:52.664,2026-04-10 01:10:52.664
40170,5,1,2026-04-09 19:38:37.082,2026-04-09 11:00:00.000,,TO,Tai O,大澳,true,true,true,40855,100,Final Water,Final Water,"",食水,8.60000,9,1.00000,2,,0.17000,0,2.00000,2,,1.09000,1,2.00000,2,,0.49000,1,2.00000,1,,,,-1.00000,-1,,,,-1,-1,,,,-1,-1,,2026-04-10 01:10:52.664,2026-04-10 01:10:52.664
40176,3,1,2026-04-10 08:51:32.892,2026-04-10 09:00:00.000,,RH,Red Hill,紅山,true,true,true,40882,45,Filtered Water (3-4),Filtered Water,"3-4",過濾後水 (3-4),,,-1.00000,-1,,0.10000,0,1.00000,2,,0.62000,0,2.00000,2,,,,-1.00000,-1,,,,-1.00000,-1,,,,-1,-1,,,,-1,-1,,2026-04-11 01:16:15.289,2026-04-11 01:16:15.289
40180,5,2,2026-04-10 20:08:15.585,2026-04-10 10:00:00.000,,TO,Tai O,大澳,true,true,true,40898,1,Raw Water (Yi O),Raw Water,Yi O,原水 (Yi O),6.55000,7,2.00000,2,,0.89000,1,2.00000,2,,,,-1.00000,-1,,,,-1.00000,-1,,,,-1.00000,-1,,,,-1,-1,,,,-1,-1,,2026-04-11 01:16:15.289,2026-04-11 01:16:15.289
40184,2,2,2026-04-10 22:41:17.112,2026-04-10 17:00:00.000,,SMB,Silver Mine Bay,銀鑛灣,true,true,true,40914,0,Raw Water,Raw Water,"",原水,6.78000,7,2.00000,2,,0.57000,1,2.00000,2,,,,-1.00000,-1,,,,-1.00000,-1,,,,-1.00000,-1,,,,-1,-1,,,,-1,-1,,2026-04-12 01:11:13.141,2026-04-11 01:16:15.289
40174,2,1,2026-04-10 06:52:41.629,2026-04-10 02:00:00.000,,SMB,Silver Mine Bay,銀鑛灣,true,true,true,40871,20,Dosed Water,Dosed Water,"",投藥後水,6.63000,7,2.00000,2,,,,-1.00000,-1,,,,-1.00000,-1,,,,-1.00000,-1,,,,-1.00000,-1,,,,-1,-1,,,,-1,-1,,2026-04-11 01:16:15.289,2026-04-11 01:16:15.289
40176,3,1,2026-04-10 08:51:32.892,2026-04-10 09:00:00.000,,RH,Red Hill,紅山,true,true,true,40880,20,Dosed Water,Dosed Water,"",投藥後水,6.76000,7,2.00000,2,,,,-1.00000,-1,,0.95000,1,2.00000,2,,,,-1.00000,-1,,,,-1.00000,-1,,,,-1,-1,,,,-1,-1,,2026-04-11 01:16:15.289,2026-04-11 01:16:15.289
40178,1,0,2026-04-10 09:30:57.363,2026-04-09 13:00:00.000,,SHW,Siu Ho Wan,小蠔灣,true,true,true,40889,0,Raw Water,Raw Water,"",原水,7.26000,7,2.00000,2,,1.00000,1,0.00000,2,,,,-1.00000,-1,,,,-1.00000,-1,,,,-1.00000,-1,,,,-1,-1,,,,-1,-1,,2026-04-11 01:16:15.289,2026-04-11 01:16:15.289
40178,1,0,2026-04-10 09:30:57.363,2026-04-09 13:00:00.000,,SHW,Siu Ho Wan,小蠔灣,true,true,true,40890,20,Dosed Water,Dosed Water,"",投藥後水,6.80000,7,1.00000,2,,,,-1.00000,-1,,,,-1.00000,-1,,,,-1.00000,-1,,,,-1.00000,-1,,,,-1,-1,,,,-1,-1,,2026-04-11 01:16:15.289,2026-04-11 01:16:15.289
40180,5,2,2026-04-10 20:08:15.585,2026-04-10 10:00:00.000,,TO,Tai O,大澳,true,true,true,40900,20,Dosed Water,Dosed Water,"",投藥後水,6.54000,7,2.00000,2,,,,-1.00000,-1,,,,-1.00000,-1,,,,-1.00000,-1,,,,-1.00000,-1,,,,-1,-1,,,,-1,-1,,2026-04-11 01:16:15.289,2026-04-11 01:16:15.289
40180,5,2,2026-04-10 20:08:15.585,2026-04-10 10:00:00.000,,TO,Tai O,大澳,true,true,true,40904,100,Final Water,Final Water,"",食水,8.56000,9,2.00000,2,,0.18000,0,2.00000,2,,1.08000,1,2.00000,2,,0.49000,1,2.00000,1,,,,-1.00000,-1,,,,-1,-1,,,,-1,-1,,2026-04-11 01:16:15.289,2026-04-11 01:16:15.289
40208,5,2,2026-04-12 19:23:22.775,2026-04-12 10:00:00.000,,TO,Tai O,大澳,true,true,true,41036,42,Filtered Water (2),Filtered Water,"2",過濾後水 (2),,,-1.00000,-1,,0.20000,0,1.00000,2,,,,-1.00000,-1,,,,-1.00000,-1,,,,-1.00000,-1,,,,-1,-1,,,,-1,-1,,2026-04-13 01:10:56.214,2026-04-13 01:10:56.214
40204,3,2,2026-04-12 11:58:54.485,2026-04-12 09:00:00.000,,RH,Red Hill,紅山,true,true,true,41015,44,Filtered Water (1-2),Filtered Water,"1-2",過濾後水 (1-2),,,-1.00000,-1,,0.09000,0,2.00000,0,,0.49000,0,2.00000,2,,,,-1.00000,-1,,,,-1.00000,-1,,,,-1,-1,,,,-1,-1,,2026-04-13 01:10:56.214,2026-04-13 01:10:56.214
40199,3,2,2026-04-13 10:06:15.654,2026-04-12 01:00:00.000,,RH,Red Hill,紅山,true,true,true,40994,100,Final Water,Final Water,"",食水,8.61000,9,2.00000,2,"",0.14000,0,2.00000,2,"",1.11000,1,2.00000,2,"",0.49000,0,2.00000,2,,,,-1.00000,-1,,,,-1,-1,,,,-1,-1,,2026-04-14 01:13:43.751,2026-04-13 01:10:56.214
40199,3,2,2026-04-13 10:06:15.654,2026-04-12 01:00:00.000,,RH,Red Hill,紅山,true,true,true,40990,0,Raw Water,Raw Water,"",原水,6.90000,7,1.00000,2,,1.60000,2,1.00000,2,,,,-1.00000,-1,,,,-1.00000,-1,,,,-1.00000,-1,,,,-1,-1,,,,-1,-1,,2026-04-14 01:13:43.751,2026-04-13 01:10:56.214
40207,1,0,2026-04-12 17:27:19.670,2026-04-11 21:00:00.000,,SHW,Siu Ho Wan,小蠔灣,true,true,true,41031,100,Final Water,Final Water,"",食水,0.50000,1,1.00000,2,,8.76000,9,2.00000,2,,1.07000,1,2.00000,2,,0.50000,1,1.00000,2,,,,-1.00000,-1,,,,-1,-1,,,,-1,-1,,2026-04-13 01:10:56.214,2026-04-13 01:10:56.214
40200,2,0,2026-04-12 06:23:50.023,2026-04-12 01:00:00.000,,SMB,Silver Mine Bay,銀鑛灣,true,true,true,40996,20,Dosed Water,Dosed Water,"",投藥後水,6.70000,7,1.00000,2,,,,-1.00000,-1,,,,-1.00000,-1,,,,-1.00000,-1,,,,-1.00000,-1,,,,-1,-1,,,,-1,-1,,2026-04-13 01:10:56.214,2026-04-13 01:10:56.214
40201,4,2,2026-04-12 07:18:32.628,2026-04-12 01:00:00.000,,CS,Cheung Sha,長沙,true,true,true,41001,20,Dosed Water,Dosed Water,"",投藥後水,6.77000,7,2.00000,2,,,,-1.00000,-1,,0.83000,1,2.00000,2,,,,-1.00000,-1,,,,-1.00000,-1,,,,-1,-1,,,,-1,-1,,2026-04-13 01:10:56.214,2026-04-13 01:10:56.214
40209,3,1,2026-04-13 00:47:20.069,2026-04-12 17:00:00.000,,RH,Red Hill,紅山,true,true,true,41039,0,Raw Water,Raw Water,"",原水,6.88000,7,2.00000,2,,1.51000,2,2.00000,2,,,,-1.00000,-1,,,,-1.00000,-1,,,,-1.00000,-1,,,,-1,-1,,,,-1,-1,,2026-04-14 01:13:43.751,2026-04-13 01:10:56.214
40204,3,2,2026-04-12 11:58:54.485,2026-04-12 09:00:00.000,,RH,Red Hill,紅山,true,true,true,41017,100,Final Water,Final Water,"",食水,8.57000,9,2.00000,2,,0.15000,0,2.00000,2,,1.05000,1,2.00000,2,,0.50000,0,1.00000,2,,,,-1.00000,-1,,,,-1,-1,,,,-1,-1,,2026-04-13 01:10:56.214,2026-04-13 01:10:56.214
40204,3,2,2026-04-12 11:58:54.485,2026-04-12 09:00:00.000,,RH,Red Hill,紅山,true,true,true,41014,20,Dosed Water,Dosed Water,"",投藥後水,6.80000,7,1.00000,2,,,,-1.00000,-1,,0.80000,1,1.00000,2,,,,-1.00000,-1,,,,-1.00000,-1,,,,-1,-1,,,,-1,-1,,2026-04-13 01:10:56.214,2026-04-13 01:10:56.214
40202,1,0,2026-04-12 09:30:51.206,2026-04-11 13:00:00.000,,SHW,Siu Ho Wan,小蠔灣,true,true,true,41006,33,Clarified Water (A & B),Clarified Water (A & B),"",澄清後水 (A & B),6.85000,7,2.00000,2,,0.58000,1,2.00000,2,,0.53000,1,2.00000,2,,,,-1.00000,-1,,,,-1.00000,-1,,,,-1,-1,,,,-1,-1,,2026-04-13 01:10:56.214,2026-04-13 01:10:56.214
40208,5,2,2026-04-12 19:23:22.775,2026-04-12 10:00:00.000,,TO,Tai O,大澳,true,true,true,41032,1,Raw Water (Yi O),Raw Water,Yi O,原水 (Yi O),0.00000,0,0.00000,0,,0.00000,0,0.00000,0,,,,-1.00000,-1,,,,-1.00000,-1,,,,-1.00000,-1,,,,-1,-1,,,,-1,-1,,2026-04-13 01:10:56.214,2026-04-13 01:10:56.214
40212,2,2,2026-04-13 06:22:39.124,2026-04-13 00:00:00.000,,SMB,Silver Mine Bay,銀鑛灣,true,true,true,41057,40,Filtered Water,Filtered Water,"",過濾後水,,,-1.00000,-1,,0.09000,0,2.00000,2,,0.76000,1,2.00000,2,,,,-1.00000,-1,,,,-1.00000,-1,,,,-1,-1,,,,-1,-1,,2026-04-14 01:13:43.751,2026-04-14 01:13:43.751
40216,1,0,2026-04-13 09:36:48.002,2026-04-12 13:00:00.000,,SHW,Siu Ho Wan,小蠔灣,true,true,true,41077,40,Filtered Water,Filtered Water,"",過濾後水,,,-1.00000,-1,,0.12000,0,2.00000,2,,0.61000,1,2.00000,2,,,,-1.00000,-1,,,,-1.00000,-1,,,,-1,-1,,,,-1,-1,,2026-04-14 01:13:43.751,2026-04-14 01:13:43.751
40219,2,2,2026-04-13 13:08:06.761,2026-04-13 09:00:00.000,,SMB,Silver Mine Bay,銀鑛灣,true,true,true,41094,40,Filtered Water,Filtered Water,"",過濾後水,,,-1.00000,-1,,0.10000,0,1.00000,2,,0.42000,0,2.00000,2,,,,-1.00000,-1,,,,-1.00000,-1,,,,-1,-1,,,,-1,-1,,2026-04-14 01:13:43.751,2026-04-14 01:13:43.751
40214,5,2,2026-04-13 07:54:03.661,2026-04-12 22:00:00.000,,TO,Tai O,大澳,true,true,true,41067,42,Filtered Water (2),Filtered Water,"2",過濾後水 (2),,,-1.00000,-1,,0.19000,0,2.00000,2,,,,-1.00000,-1,,,,-1.00000,-1,,,,-1.00000,-1,,,,-1,-1,,,,-1,-1,,2026-04-14 01:13:43.751,2026-04-14 01:13:43.751
40214,5,2,2026-04-13 07:54:03.661,2026-04-12 22:00:00.000,,TO,Tai O,大澳,true,true,true,41066,41,Filtered Water (1),Filtered Water,"1",過濾後水 (1),,,-1.00000,-1,,0.16000,0,2.00000,2,,,,-1.00000,-1,,,,-1.00000,-1,,,,-1.00000,-1,,,,-1,-1,,,,-1,-1,,2026-04-14 01:13:43.751,2026-04-14 01:13:43.751
40212,2,2,2026-04-13 06:22:39.124,2026-04-13 00:00:00.000,,SMB,Silver Mine Bay,銀鑛灣,true,true,true,41056,30,Clarified Water,Clarified Water,"",澄清後水,6.92000,7,2.00000,1,,0.12000,0,2.00000,1,,1.10000,1,1.00000,2,,,,-1.00000,-1,,,,-1.00000,-1,,,,-1,-1,,,,-1,-1,,2026-04-14 01:13:43.751,2026-04-14 01:13:43.751
40211,2,2,2026-04-13 06:22:22.853,2026-04-12 21:30:00.000,,SMB,Silver Mine Bay,銀鑛灣,true,true,true,41051,30,Clarified Water,Clarified Water,"",澄清後水,6.94000,7,2.00000,2,,0.13000,0,2.00000,1,,1.04000,1,2.00000,2,,,,-1.00000,-1,,,,-1.00000,-1,,,,-1,-1,,,,-1,-1,,2026-04-14 01:13:43.751,2026-04-14 01:13:43.751
40219,2,2,2026-04-13 13:08:06.761,2026-04-13 09:00:00.000,,SMB,Silver Mine Bay,銀鑛灣,true,true,true,41093,30,Clarified Water,Clarified Water,"",澄清後水,6.85000,7,2.00000,2,,0.17000,0,2.00000,2,,0.96000,1,2.00000,2,,,,-1.00000,-1,,,,-1.00000,-1,,,,-1,-1,,,,-1,-1,,2026-04-14 01:13:43.751,2026-04-14 01:13:43.751
40222,3,2,2026-04-13 22:47:45.132,2026-04-13 17:00:00.000,,RH,Red Hill,紅山,true,true,true,41109,45,Filtered Water (3-4),Filtered Water,"3-4",過濾後水 (3-4),,,-1.00000,-1,,0.08000,0,2.00000,1,,0.55000,1,2.00000,2,,,,-1.00000,-1,,,,-1.00000,-1,,,,-1,-1,,,,-1,-1,,2026-04-14 01:13:43.751,2026-04-14 01:13:43.751
40212,2,2,2026-04-13 06:22:39.124,2026-04-13 00:00:00.000,,SMB,Silver Mine Bay,銀鑛灣,true,true,true,41055,20,Dosed Water,Dosed Water,"",投藥後水,6.68000,7,2.00000,2,,,,-1.00000,-1,,,,-1.00000,-1,,,,-1.00000,-1,,,,-1.00000,-1,,,,-1,-1,,,,-1,-1,,2026-04-14 01:13:43.751,2026-04-14 01:13:43.751
40217,3,1,2026-04-13 10:06:04.225,2026-04-13 09:00:00.000,,RH,Red Hill,紅山,true,true,true,41080,20,Dosed Water,Dosed Water,"",投藥後水,6.75000,7,2.00000,2,,,,-1.00000,-1,,0.92000,1,2.00000,2,"",,,-1.00000,-1,,,,-1.00000,-1,,,,-1,-1,,,,-1,-1,,2026-04-14 01:13:43.751,2026-04-14 01:13:43.751
40211,2,2,2026-04-13 06:22:22.853,2026-04-12 21:30:00.000,,SMB,Silver Mine Bay,銀鑛灣,true,true,true,41053,100,Final Water,Final Water,"",食水,8.66000,9,2.00000,2,,0.11000,0,2.00000,2,,1.08000,1,2.00000,2,,0.51000,1,2.00000,2,,,,-1.00000,-1,,,,-1,-1,,,,-1,-1,,2026-04-14 01:13:43.751,2026-04-14 01:13:43.751
40213,4,2,2026-04-13 07:21:56.702,2026-04-13 01:00:00.000,,CS,Cheung Sha,長沙,true,true,true,41062,100,Final Water,Final Water,"",食水,8.53000,9,2.00000,2,,0.08800,0,3.00000,2,,1.01000,1,2.00000,2,,0.50000,1,1.00000,2,,,,-1.00000,-1,,,,-1,-1,,,,-1,-1,,2026-04-14 01:13:43.751,2026-04-14 01:13:43.751
40221,1,0,2026-04-13 17:11:18.995,2026-04-12 21:00:00.000,,SHW,Siu Ho Wan,小蠔灣,true,true,true,41103,33,Clarified Water (A & B),Clarified Water (A & B),"",澄清後水 (A & B),6.85000,7,2.00000,2,"",0.28000,0,2.00000,1,,0.64000,0,2.00000,2,,,,-1.00000,-1,,,,-1.00000,-1,,,,-1,-1,,,,-1,-1,,2026-04-14 01:13:43.751,2026-04-14 01:13:43.751
40220,2,2,2026-04-14 06:03:28.073,2026-04-13 17:00:00.000,,SMB,Silver Mine Bay,銀鑛灣,true,true,true,41100,100,Final Water,Final Water,"",食水,8.79000,9,2.00000,2,,0.14000,0,2.00000,2,,1.06000,1,2.00000,2,,0.45000,0,2.00000,2,,,,-1.00000,-1,,,,-1,-1,,,,-1,-1,,2026-04-15 01:10:58.338,2026-04-14 01:13:43.751
40219,2,2,2026-04-13 13:08:06.761,2026-04-13 09:00:00.000,,SMB,Silver Mine Bay,銀鑛灣,true,true,true,41092,20,Dosed Water,Dosed Water,"",投藥後水,6.68000,7,2.00000,1,,,,-1.00000,-1,,,,-1.00000,-1,,,,-1.00000,-1,,,,-1.00000,-1,,,,-1,-1,,,,-1,-1,,2026-04-14 01:13:43.751,2026-04-14 01:13:43.751
40214,5,2,2026-04-13 07:54:03.661,2026-04-12 22:00:00.000,,TO,Tai O,大澳,true,true,true,41069,100,Final Water,Final Water,"",食水,8.55000,9,2.00000,2,,0.17000,0,2.00000,2,,1.08000,1,2.00000,2,,0.48000,0,2.00000,2,,,,-1.00000,-1,,,,-1,-1,,,,-1,-1,,2026-04-14 01:13:43.751,2026-04-14 01:13:43.751
40215,4,2,2026-04-13 09:32:48.923,2026-04-13 09:00:00.000,,CS,Cheung Sha,長沙,true,true,true,41070,0,Raw Water,Raw Water,"",原水,7.06000,7,2.00000,2,,0.76000,1,2.00000,2,,,,-1.00000,-1,,,,-1.00000,-1,,,,-1.00000,-1,,,,-1,-1,,,,-1,-1,,2026-04-14 01:13:43.751,2026-04-14 01:13:43.751
40218,5,2,2026-04-13 20:22:48.602,2026-04-13 10:00:00.000,,TO,Tai O,大澳,true,true,true,41089,43,Filtered Water (3),Filtered Water,"3",過濾後水 (3),,,-1.00000,-1,,0.18000,0,2.00000,2,,,,-1.00000,-1,,,,-1.00000,-1,,,,-1.00000,-1,,,,-1,-1,,,,-1,-1,,2026-04-14 01:13:43.751,2026-04-14 01:13:43.751
40218,5,2,2026-04-13 20:22:48.602,2026-04-13 10:00:00.000,,TO,Tai O,大澳,true,true,true,41086,20,Dosed Water,Dosed Water,"",投藥後水,6.54000,6,2.00000,2,,,,-1.00000,-1,,,,-1.00000,-1,,,,-1.00000,-1,,,,-1.00000,-1,,,,-1,-1,,,,-1,-1,,2026-04-14 01:13:43.751,2026-04-14 01:13:43.751
40214,5,2,2026-04-13 07:54:03.661,2026-04-12 22:00:00.000,,TO,Tai O,大澳,true,true,true,41064,2,Raw Water (Shek Pik),Raw Water,Shek Pik,原水 (Shek Pik),6.82000,7,2.00000,2,,0.74000,1,2.00000,2,,,,-1.00000,-1,,,,-1.00000,-1,,,,-1.00000,-1,,,,-1,-1,,,,-1,-1,,2026-04-14 01:13:43.751,2026-04-14 01:13:43.751
40218,5,2,2026-04-13 20:22:48.602,2026-04-13 10:00:00.000,,TO,Tai O,大澳,true,true,true,41085,2,Raw Water (Shek Pik),Raw Water,Shek Pik,原水 (Shek Pik),6.76000,7,2.00000,2,,0.75000,1,2.00000,2,,,,-1.00000,-1,,,,-1.00000,-1,,,,-1.00000,-1,,,,-1,-1,,,,-1,-1,,2026-04-14 01:13:43.751,2026-04-14 01:13:43.751
40234,5,2,2026-04-14 19:52:04.490,2026-04-14 10:00:00.000,,TO,Tai O,大澳,true,true,true,41162,1,Raw Water (Yi O),Raw Water,Yi O,原水 (Yi O),6.61000,7,2.00000,2,,0.88000,1,2.00000,2,,,,-1.00000,-1,,,,-1.00000,-1,,,,-1.00000,-1,,,,-1,-1,,,,-1,-1,,2026-04-15 01:10:58.338,2026-04-15 01:10:58.338
40196,5,1,2026-04-11 20:52:45.572,2026-04-11 10:00:00.000,,TO,Tai O,大澳,true,true,true,40974,41,Filtered Water (1),Filtered Water,"1",過濾後水 (1),,,-1.00000,-1,,0.14000,0,2.00000,2,,,,-1.00000,-1,,,,-1.00000,-1,,,,-1.00000,-1,,,,-1,-1,,,,-1,-1,,2026-04-12 01:11:13.141,2026-04-12 01:11:13.141
40191,1,0,2026-04-11 11:26:49.844,2026-04-10 13:00:00.000,,SHW,Siu Ho Wan,小蠔灣,true,true,true,40950,40,Filtered Water,Filtered Water,"",過濾後水,,,-1.00000,-1,,0.12000,0,2.00000,1,,0.44000,0,2.00000,2,,,,-1.00000,-1,,,,-1.00000,-1,,,,-1,-1,,,,-1,-1,,2026-04-12 01:11:13.141,2026-04-12 01:11:13.141
40194,4,2,2026-04-11 17:05:36.249,2026-04-11 17:00:00.000,,CS,Cheung Sha,長沙,true,true,true,40964,40,Filtered Water,Filtered Water,"",過濾後水,,,-1.00000,-1,,0.08100,0,3.00000,2,,0.46000,0,2.00000,2,,,,-1.00000,-1,,,,-1.00000,-1,,,,-1,-1,,,,-1,-1,,2026-04-12 01:11:13.141,2026-04-12 01:11:13.141
40190,3,1,2026-04-14 10:13:15.752,2026-04-11 09:00:00.000,,RH,Red Hill,紅山,true,true,true,40944,44,Filtered Water (1-2),Filtered Water,"1-2",過濾後水 (1-2),,,-1.00000,-1,,0.10000,0,1.00000,0,,0.52000,1,2.00000,2,,,,-1.00000,-1,,,,-1.00000,-1,,,,-1,-1,,,,-1,-1,,2026-04-15 01:10:58.338,2026-04-12 01:11:13.141
40192,2,1,2026-04-11 13:07:09.841,2026-04-11 09:00:00.000,,SMB,Silver Mine Bay,銀鑛灣,true,true,true,40955,40,Filtered Water,Filtered Water,"",過濾後水,,,-1.00000,-1,,0.09000,0,2.00000,2,,0.58000,0,2.00000,2,,,,-1.00000,-1,,,,-1.00000,-1,,,,-1,-1,,,,-1,-1,,2026-04-12 01:11:13.141,2026-04-12 01:11:13.141
40188,4,2,2026-04-11 07:16:44.838,2026-04-11 01:00:00.000,,CS,Cheung Sha,長沙,true,true,true,40936,40,Filtered Water,Filtered Water,"",過濾後水,,,-1.00000,-1,,0.07800,0,3.00000,2,,0.51000,1,2.00000,2,,,,-1.00000,-1,,,,-1.00000,-1,,,,-1,-1,,,,-1,-1,,2026-04-12 01:11:13.141,2026-04-12 01:11:13.141
40191,1,0,2026-04-11 11:26:49.844,2026-04-10 13:00:00.000,,SHW,Siu Ho Wan,小蠔灣,true,true,true,40948,20,Dosed Water,Dosed Water,"",投藥後水,6.88000,7,2.00000,2,,,,-1.00000,-1,,,,-1.00000,-1,,,,-1.00000,-1,,,,-1.00000,-1,,,,-1,-1,,,,-1,-1,,2026-04-12 01:11:13.141,2026-04-12 01:11:13.141
40191,1,0,2026-04-11 11:26:49.844,2026-04-10 13:00:00.000,,SHW,Siu Ho Wan,小蠔灣,true,true,true,40947,0,Raw Water,Raw Water,"",原水,7.32000,7,2.00000,2,,0.83000,1,2.00000,1,,,,-1.00000,-1,,,,-1.00000,-1,,,,-1.00000,-1,,,,-1,-1,,,,-1,-1,,2026-04-12 01:11:13.141,2026-04-12 01:11:13.141
40189,4,2,2026-04-11 09:26:09.882,2026-04-11 09:00:00.000,,CS,Cheung Sha,長沙,true,true,true,40941,100,Final Water,Final Water,"",食水,8.53000,9,2.00000,2,,0.07500,0,3.00000,3,,1.04000,1,2.00000,2,,0.50500,1,3.00000,1,,,,-1.00000,-1,,,,-1,-1,,,,-1,-1,,2026-04-12 01:11:13.141,2026-04-12 01:11:13.141
40189,4,2,2026-04-11 09:26:09.882,2026-04-11 09:00:00.000,,CS,Cheung Sha,長沙,true,true,true,40939,20,Dosed Water,Dosed Water,"",投藥後水,6.78000,7,2.00000,2,,,,-1.00000,-1,,0.85000,1,2.00000,2,,,,-1.00000,-1,,,,-1.00000,-1,,,,-1,-1,,,,-1,-1,,2026-04-12 01:11:13.141,2026-04-12 01:11:13.141
40198,3,2,2026-04-13 10:06:47.295,2026-04-11 17:00:00.000,,RH,Red Hill,紅山,true,true,true,40985,0,Raw Water,Raw Water,"",原水,6.82000,7,2.00000,2,"",1.61000,2,2.00000,2,"",,,-1.00000,-1,,,,-1.00000,-1,,,,-1.00000,-1,,,,-1,-1,,,,-1,-1,,2026-04-14 01:13:43.751,2026-04-12 01:11:13.141
40195,1,0,2026-04-11 17:14:55.649,2026-04-10 21:00:00.000,,SHW,Siu Ho Wan,小蠔灣,true,true,true,40967,20,Dosed Water,Dosed Water,"",投藥後水,6.90000,7,1.00000,2,,,,-1.00000,-1,,,,-1.00000,-1,,,,-1.00000,-1,,,,-1.00000,-1,,,,-1,-1,,,,-1,-1,,2026-04-12 01:11:13.141,2026-04-12 01:11:13.141
40196,5,1,2026-04-11 20:52:45.572,2026-04-11 10:00:00.000,,TO,Tai O,大澳,true,true,true,40972,2,Raw Water (Shek Pik),Raw Water,Shek Pik,原水 (Shek Pik),6.70000,7,1.00000,2,,1.23000,1,2.00000,2,,,,-1.00000,-1,,,,-1.00000,-1,,,,-1.00000,-1,,,,-1,-1,,,,-1,-1,,2026-04-12 01:11:13.141,2026-04-12 01:11:13.141
40196,5,1,2026-04-11 20:52:45.572,2026-04-11 10:00:00.000,,TO,Tai O,大澳,true,true,true,40971,1,Raw Water (Yi O),Raw Water,Yi O,原水 (Yi O),0.00000,0,0.00000,0,,0.00000,0,0.00000,0,,,,-1.00000,-1,,,,-1.00000,-1,,,,-1.00000,-1,,,,-1,-1,,,,-1,-1,,2026-04-12 01:11:13.141,2026-04-12 01:11:13.141
40193,2,2,2026-04-11 17:03:40.762,2026-04-11 17:00:00.000,,SMB,Silver Mine Bay,銀鑛灣,true,true,true,40959,30,Clarified Water,Clarified Water,"",澄清後水,6.94000,7,2.00000,2,,0.19000,0,2.00000,2,,0.96000,1,2.00000,2,,,,-1.00000,-1,,,,-1.00000,-1,,,,-1,-1,,,,-1,-1,,2026-04-12 01:11:13.141,2026-04-12 01:11:13.141
40200,2,0,2026-04-12 06:23:50.023,2026-04-12 01:00:00.000,,SMB,Silver Mine Bay,銀鑛灣,true,true,true,40995,0,Raw Water,Raw Water,"",原水,6.67000,7,2.00000,2,,0.45000,0,2.00000,2,,,,-1.00000,-1,,,,-1.00000,-1,,,,-1.00000,-1,,,,-1,-1,,,,-1,-1,,2026-04-13 01:10:56.214,2026-04-13 01:10:56.214
40208,5,2,2026-04-12 19:23:22.775,2026-04-12 10:00:00.000,,TO,Tai O,大澳,true,true,true,41034,20,Dosed Water,Dosed Water,"",投藥後水,6.47000,7,2.00000,1,,,,-1.00000,-1,,,,-1.00000,-1,,,,-1.00000,-1,,,,-1.00000,-1,,,,-1,-1,,,,-1,-1,,2026-04-13 01:10:56.214,2026-04-13 01:10:56.214
40207,1,0,2026-04-12 17:27:19.670,2026-04-11 21:00:00.000,,SHW,Siu Ho Wan,小蠔灣,true,true,true,41028,20,Dosed Water,Dosed Water,"",投藥後水,6.91000,7,2.00000,2,,,,-1.00000,-1,,,,-1.00000,-1,,,,-1.00000,-1,,,,-1.00000,-1,,,,-1,-1,,,,-1,-1,,2026-04-13 01:10:56.214,2026-04-13 01:10:56.214
40203,4,2,2026-04-12 09:42:59.169,2026-04-12 09:00:00.000,,CS,Cheung Sha,長沙,true,true,true,41010,20,Dosed Water,Dosed Water,"",投藥後水,6.71000,7,2.00000,2,,,,-1.00000,-1,,0.88000,1,2.00000,2,,,,-1.00000,-1,,,,-1.00000,-1,,,,-1,-1,,,,-1,-1,,2026-04-13 01:10:56.214,2026-04-13 01:10:56.214
40205,2,2,2026-04-12 13:47:53.324,2026-04-12 13:00:00.000,,SMB,Silver Mine Bay,銀鑛灣,true,true,true,41018,0,Raw Water,Raw Water,"",原水,6.69000,7,2.00000,2,,0.48000,1,2.00000,2,,,,-1.00000,-1,,,,-1.00000,-1,,,,-1.00000,-1,,,,-1,-1,,,,-1,-1,,2026-04-13 01:10:56.214,2026-04-13 01:10:56.214
40205,2,2,2026-04-12 13:47:53.324,2026-04-12 13:00:00.000,,SMB,Silver Mine Bay,銀鑛灣,true,true,true,41022,100,Final Water,Final Water,"",食水,8.67000,9,2.00000,2,,0.12000,0,2.00000,2,,1.01000,1,2.00000,2,,0.51000,1,2.00000,2,,,,-1.00000,-1,,,,-1,-1,,,,-1,-1,,2026-04-13 01:10:56.214,2026-04-13 01:10:56.214
40202,1,0,2026-04-12 09:30:51.206,2026-04-11 13:00:00.000,,SHW,Siu Ho Wan,小蠔灣,true,true,true,41004,0,Raw Water,Raw Water,"",原水,7.24000,7,2.00000,2,,0.37000,1,2.00000,2,,,,-1.00000,-1,,,,-1.00000,-1,,,,-1.00000,-1,,,,-1,-1,,,,-1,-1,,2026-04-13 01:10:56.214,2026-04-13 01:10:56.214
40206,4,2,2026-04-12 17:07:35.897,2026-04-12 17:00:00.000,,CS,Cheung Sha,長沙,true,true,true,41025,40,Filtered Water,Filtered Water,"",過濾後水,,,-1.00000,-1,,0.07800,0,3.00000,3,,0.49000,1,2.00000,1,,,,-1.00000,-1,,,,-1.00000,-1,,,,-1,-1,,,,-1,-1,,2026-04-13 01:10:56.214,2026-04-13 01:10:56.214
40201,4,2,2026-04-12 07:18:32.628,2026-04-12 01:00:00.000,,CS,Cheung Sha,長沙,true,true,true,41002,40,Filtered Water,Filtered Water,"",過濾後水,,,-1.00000,-1,,0.09200,0,3.00000,2,,0.50000,1,1.00000,2,,,,-1.00000,-1,,,,-1.00000,-1,,,,-1,-1,,,,-1,-1,,2026-04-13 01:10:56.214,2026-04-13 01:10:56.214
40208,5,2,2026-04-12 19:23:22.775,2026-04-12 10:00:00.000,,TO,Tai O,大澳,true,true,true,41035,41,Filtered Water (1),Filtered Water,"1",過濾後水 (1),,,-1.00000,-1,,0.15000,0,2.00000,2,,,,-1.00000,-1,,,,-1.00000,-1,,,,-1.00000,-1,,,,-1,-1,,,,-1,-1,,2026-04-13 01:10:56.214,2026-04-13 01:10:56.214
40209,3,1,2026-04-13 00:47:20.069,2026-04-12 17:00:00.000,,RH,Red Hill,紅山,true,true,true,41042,45,Filtered Water (3-4),Filtered Water,"3-4",過濾後水 (3-4),,,-1.00000,-1,,0.10000,0,1.00000,1,,0.50000,1,1.00000,1,,,,-1.00000,-1,,,,-1.00000,-1,,,,-1,-1,,,,-1,-1,,2026-04-14 01:13:43.751,2026-04-13 01:10:56.214
40204,3,2,2026-04-12 11:58:54.485,2026-04-12 09:00:00.000,,RH,Red Hill,紅山,true,true,true,41016,45,Filtered Water (3-4),Filtered Water,"3-4",過濾後水 (3-4),,,-1.00000,-1,,0.11000,0,2.00000,2,,0.50000,0,1.00000,2,,,,-1.00000,-1,,,,-1.00000,-1,,,,-1,-1,,,,-1,-1,,2026-04-13 01:10:56.214,2026-04-13 01:10:56.214
40211,2,2,2026-04-13 06:22:22.853,2026-04-12 21:30:00.000,,SMB,Silver Mine Bay,銀鑛灣,true,true,true,41050,20,Dosed Water,Dosed Water,"",投藥後水,6.72000,7,2.00000,2,,,,-1.00000,-1,,,,-1.00000,-1,,,,-1.00000,-1,,,,-1.00000,-1,,,,-1,-1,,,,-1,-1,,2026-04-14 01:13:43.751,2026-04-14 01:13:43.751
40221,1,0,2026-04-13 17:11:18.995,2026-04-12 21:00:00.000,,SHW,Siu Ho Wan,小蠔灣,true,true,true,41101,0,Raw Water,Raw Water,"",原水,7.32000,7,2.00000,2,,0.64000,1,2.00000,2,,,,-1.00000,-1,,,,-1.00000,-1,,,,-1.00000,-1,,,,-1,-1,,,,-1,-1,,2026-04-14 01:13:43.751,2026-04-14 01:13:43.751
40210,3,1,2026-04-13 02:06:24.457,2026-04-13 01:00:00.000,,RH,Red Hill,紅山,true,true,true,41048,100,Final Water,Final Water,"",食水,8.48000,9,2.00000,2,,0.09000,0,2.00000,2,,1.08000,1,2.00000,1,,0.47000,0,2.00000,2,,,,-1.00000,-1,,,,-1,-1,,,,-1,-1,,2026-04-14 01:13:43.751,2026-04-14 01:13:43.751
40210,3,1,2026-04-13 02:06:24.457,2026-04-13 01:00:00.000,,RH,Red Hill,紅山,true,true,true,41045,20,Dosed Water,Dosed Water,"",投藥後水,6.88000,7,2.00000,2,,,,-1.00000,-1,,0.94000,1,2.00000,2,,,,-1.00000,-1,,,,-1.00000,-1,,,,-1,-1,,,,-1,-1,,2026-04-14 01:13:43.751,2026-04-14 01:13:43.751
40217,3,1,2026-04-13 10:06:04.225,2026-04-13 09:00:00.000,,RH,Red Hill,紅山,true,true,true,41083,100,Final Water,Final Water,"",食水,8.44000,9,2.00000,2,,0.09000,0,2.00000,2,,1.12000,1,2.00000,2,,0.50000,1,1.00000,2,,,,-1.00000,-1,,,,-1,-1,,,,-1,-1,,2026-04-14 01:13:43.751,2026-04-14 01:13:43.751
40220,2,2,2026-04-14 06:03:28.073,2026-04-13 17:00:00.000,,SMB,Silver Mine Bay,銀鑛灣,true,true,true,41096,0,Raw Water,Raw Water,"",原水,6.74000,7,2.00000,2,,0.57000,0,2.00000,2,,,,-1.00000,-1,,,,-1.00000,-1,,,,-1.00000,-1,,,,-1,-1,,,,-1,-1,,2026-04-15 01:10:58.338,2026-04-14 01:13:43.751
40216,1,0,2026-04-13 09:36:48.002,2026-04-12 13:00:00.000,,SHW,Siu Ho Wan,小蠔灣,true,true,true,41078,100,Final Water,Final Water,"",食水,8.24000,8,2.00000,2,,0.12000,0,2.00000,1,,1.00000,1,0.00000,2,,0.47000,0,2.00000,2,,,,-1.00000,-1,,,,-1,-1,,,,-1,-1,,2026-04-14 01:13:43.751,2026-04-14 01:13:43.751
40219,2,2,2026-04-13 13:08:06.761,2026-04-13 09:00:00.000,,SMB,Silver Mine Bay,銀鑛灣,true,true,true,41091,0,Raw Water,Raw Water,"",原水,6.70000,7,1.00000,2,,0.53000,0,2.00000,2,,,,-1.00000,-1,,,,-1.00000,-1,,,,-1.00000,-1,,,,-1,-1,,,,-1,-1,,2026-04-14 01:13:43.751,2026-04-14 01:13:43.751
40209,3,1,2026-04-13 00:47:20.069,2026-04-12 17:00:00.000,,RH,Red Hill,紅山,true,true,true,41043,100,Final Water,Final Water,"",食水,8.47000,9,2.00000,2,,0.09000,0,2.00000,2,,1.06000,1,2.00000,2,,0.49000,0,2.00000,2,,,,-1.00000,-1,,,,-1,-1,,,,-1,-1,,2026-04-14 01:13:43.751,2026-04-13 01:10:56.214
40205,2,2,2026-04-12 13:47:53.324,2026-04-12 13:00:00.000,,SMB,Silver Mine Bay,銀鑛灣,true,true,true,41019,20,Dosed Water,Dosed Water,"",投藥後水,6.68000,7,2.00000,2,,,,-1.00000,-1,,,,-1.00000,-1,,,,-1.00000,-1,,,,-1.00000,-1,,,,-1,-1,,,,-1,-1,,2026-04-13 01:10:56.214,2026-04-13 01:10:56.214
40202,1,0,2026-04-12 09:30:51.206,2026-04-11 13:00:00.000,,SHW,Siu Ho Wan,小蠔灣,true,true,true,41005,20,Dosed Water,Dosed Water,"",投藥後水,6.83000,7,2.00000,2,,,,-1.00000,-1,,,,-1.00000,-1,,,,-1.00000,-1,,,,-1.00000,-1,,,,-1,-1,,,,-1,-1,,2026-04-13 01:10:56.214,2026-04-13 01:10:56.214
40213,4,2,2026-04-13 07:21:56.702,2026-04-13 01:00:00.000,,CS,Cheung Sha,長沙,true,true,true,41060,20,Dosed Water,Dosed Water,"",投藥後水,6.81000,7,2.00000,2,,,,-1.00000,-1,,0.84000,1,2.00000,2,,,,-1.00000,-1,,,,-1.00000,-1,,,,-1,-1,,,,-1,-1,,2026-04-14 01:13:43.751,2026-04-14 01:13:43.751
40221,1,0,2026-04-13 17:11:18.995,2026-04-12 21:00:00.000,,SHW,Siu Ho Wan,小蠔灣,true,true,true,41102,20,Dosed Water,Dosed Water,"",投藥後水,6.83000,7,2.00000,2,,,,-1.00000,-1,,,,-1.00000,-1,,,,-1.00000,-1,,,,-1.00000,-1,,,,-1,-1,,,,-1,-1,,2026-04-14 01:13:43.751,2026-04-14 01:13:43.751
40210,3,1,2026-04-13 02:06:24.457,2026-04-13 01:00:00.000,,RH,Red Hill,紅山,true,true,true,41044,0,Raw Water,Raw Water,"",原水,6.96000,7,2.00000,2,,1.62000,2,2.00000,2,,,,-1.00000,-1,,,,-1.00000,-1,,,,-1.00000,-1,,,,-1,-1,,,,-1,-1,,2026-04-14 01:13:43.751,2026-04-14 01:13:43.751
40217,3,1,2026-04-13 10:06:04.225,2026-04-13 09:00:00.000,,RH,Red Hill,紅山,true,true,true,41079,0,Raw Water,Raw Water,"",原水,6.82000,7,2.00000,2,,1.47000,2,2.00000,2,,,,-1.00000,-1,,,,-1.00000,-1,,,,-1.00000,-1,,,,-1,-1,,,,-1,-1,,2026-04-14 01:13:43.751,2026-04-14 01:13:43.751
40216,1,0,2026-04-13 09:36:48.002,2026-04-12 13:00:00.000,,SHW,Siu Ho Wan,小蠔灣,true,true,true,41075,20,Dosed Water,Dosed Water,"",投藥後水,6.86000,7,2.00000,2,,,,-1.00000,-1,,,,-1.00000,-1,,,,-1.00000,-1,,,,-1.00000,-1,,,,-1,-1,,,,-1,-1,,2026-04-14 01:13:43.751,2026-04-14 01:13:43.751
40216,1,0,2026-04-13 09:36:48.002,2026-04-12 13:00:00.000,,SHW,Siu Ho Wan,小蠔灣,true,true,true,41074,0,Raw Water,Raw Water,"",原水,7.41000,7,2.00000,2,,0.75000,1,2.00000,2,,,,-1.00000,-1,,,,-1.00000,-1,,,,-1.00000,-1,,,,-1,-1,,,,-1,-1,,2026-04-14 01:13:43.751,2026-04-14 01:13:43.751
40216,1,0,2026-04-13 09:36:48.002,2026-04-12 13:00:00.000,,SHW,Siu Ho Wan,小蠔灣,true,true,true,41076,33,Clarified Water (A & B),Clarified Water (A & B),"",澄清後水 (A & B),6.70000,7,1.00000,2,,0.49000,0,2.00000,2,,0.76000,0,2.00000,2,,,,-1.00000,-1,,,,-1.00000,-1,,,,-1,-1,,,,-1,-1,,2026-04-14 01:13:43.751,2026-04-14 01:13:43.751
40219,2,2,2026-04-13 13:08:06.761,2026-04-13 09:00:00.000,,SMB,Silver Mine Bay,銀鑛灣,true,true,true,41095,100,Final Water,Final Water,"",食水,8.46000,9,2.00000,1,,0.13000,0,2.00000,2,,0.96000,1,2.00000,2,,0.46000,0,2.00000,2,,,,-1.00000,-1,,,,-1,-1,,,,-1,-1,,2026-04-14 01:13:43.751,2026-04-14 01:13:43.751
40222,3,2,2026-04-13 22:47:45.132,2026-04-13 17:00:00.000,,RH,Red Hill,紅山,true,true,true,41106,0,Raw Water,Raw Water,"",原水,6.99000,7,2.00000,2,,1.46000,2,2.00000,2,,,,-1.00000,-1,,,,-1.00000,-1,,,,-1.00000,-1,,,,-1,-1,,,,-1,-1,,2026-04-14 01:13:43.751,2026-04-14 01:13:43.751
40222,3,2,2026-04-13 22:47:45.132,2026-04-13 17:00:00.000,,RH,Red Hill,紅山,true,true,true,41107,20,Dosed Water,Dosed Water,"",投藥後水,6.95000,7,2.00000,2,,,,-1.00000,-1,,0.89000,1,2.00000,2,,,,-1.00000,-1,,,,-1.00000,-1,,,,-1,-1,,,,-1,-1,,2026-04-14 01:13:43.751,2026-04-14 01:13:43.751
40223,4,2,2026-04-14 00:46:59.337,2026-04-13 22:00:00.000,,CS,Cheung Sha,長沙,true,true,true,41112,20,Dosed Water,Dosed Water,"",投藥後水,6.80000,7,1.00000,2,,,,-1.00000,-1,,0.92000,1,2.00000,2,,,,-1.00000,-1,,,,-1.00000,-1,,,,-1,-1,,,,-1,-1,,2026-04-15 01:10:58.338,2026-04-14 01:13:43.751
40214,5,2,2026-04-13 07:54:03.661,2026-04-12 22:00:00.000,,TO,Tai O,大澳,true,true,true,41068,43,Filtered Water (3),Filtered Water,"3",過濾後水 (3),,,-1.00000,-1,,0.18000,0,2.00000,2,,,,-1.00000,-1,,,,-1.00000,-1,,,,-1.00000,-1,,,,-1,-1,,,,-1,-1,,2026-04-14 01:13:43.751,2026-04-14 01:13:43.751
40218,5,2,2026-04-13 20:22:48.602,2026-04-13 10:00:00.000,,TO,Tai O,大澳,true,true,true,41090,100,Final Water,Final Water,"",食水,8.40000,8,1.00000,2,,0.16000,0,2.00000,2,,1.01000,1,2.00000,2,,0.51000,1,2.00000,1,,,,-1.00000,-1,,,,-1,-1,,,,-1,-1,,2026-04-14 01:13:43.751,2026-04-14 01:13:43.751
40213,4,2,2026-04-13 07:21:56.702,2026-04-13 01:00:00.000,,CS,Cheung Sha,長沙,true,true,true,41061,40,Filtered Water,Filtered Water,"",過濾後水,,,-1.00000,-1,,0.07700,0,3.00000,3,,0.48000,0,2.00000,2,,,,-1.00000,-1,,,,-1.00000,-1,,,,-1,-1,,,,-1,-1,,2026-04-14 01:13:43.751,2026-04-14 01:13:43.751
40221,1,0,2026-04-13 17:11:18.995,2026-04-12 21:00:00.000,,SHW,Siu Ho Wan,小蠔灣,true,true,true,41104,40,Filtered Water,Filtered Water,"",過濾後水,,,-1.00000,-1,,0.12000,0,2.00000,2,,0.50000,0,1.00000,2,,,,-1.00000,-1,,,,-1.00000,-1,,,,-1,-1,,,,-1,-1,,2026-04-14 01:13:43.751,2026-04-14 01:13:43.751
40210,3,1,2026-04-13 02:06:24.457,2026-04-13 01:00:00.000,,RH,Red Hill,紅山,true,true,true,41046,44,Filtered Water (1-2),Filtered Water,"1-2",過濾後水 (1-2),,,-1.00000,-1,,0.11000,0,2.00000,0,,0.52000,1,2.00000,2,,,,-1.00000,-1,,,,-1.00000,-1,,,,-1,-1,,,,-1,-1,,2026-04-14 01:13:43.751,2026-04-14 01:13:43.751
40220,2,2,2026-04-14 06:03:28.073,2026-04-13 17:00:00.000,,SMB,Silver Mine Bay,銀鑛灣,true,true,true,41099,40,Filtered Water,Filtered Water,"",過濾後水,,,-1.00000,-1,,0.11000,0,2.00000,1,,0.53000,1,2.00000,2,,,,-1.00000,-1,,,,-1.00000,-1,,,,-1,-1,,,,-1,-1,,2026-04-15 01:10:58.338,2026-04-14 01:13:43.751
40215,4,2,2026-04-13 09:32:48.923,2026-04-13 09:00:00.000,,CS,Cheung Sha,長沙,true,true,true,41072,40,Filtered Water,Filtered Water,"",過濾後水,,,-1.00000,-1,,0.08700,0,3.00000,2,,0.47000,0,2.00000,2,,,,-1.00000,-1,,,,-1.00000,-1,,,,-1,-1,,,,-1,-1,,2026-04-14 01:13:43.751,2026-04-14 01:13:43.751
40218,5,2,2026-04-13 20:22:48.602,2026-04-13 10:00:00.000,,TO,Tai O,大澳,true,true,true,41087,41,Filtered Water (1),Filtered Water,"1",過濾後水 (1),,,-1.00000,-1,,0.16000,0,2.00000,2,,,,-1.00000,-1,,,,-1.00000,-1,,,,-1.00000,-1,,,,-1,-1,,,,-1,-1,,2026-04-14 01:13:43.751,2026-04-14 01:13:43.751
40234,5,2,2026-04-14 19:52:04.490,2026-04-14 10:00:00.000,,TO,Tai O,大澳,true,true,true,41163,2,Raw Water (Shek Pik),Raw Water,Shek Pik,原水 (Shek Pik),6.81000,7,2.00000,2,,1.46000,1,2.00000,2,,,,-1.00000,-1,,,,-1.00000,-1,,,,-1.00000,-1,,,,-1,-1,,,,-1,-1,,2026-04-15 01:10:58.338,2026-04-15 01:10:58.338
40232,4,2,2026-04-14 17:06:22.542,2026-04-14 17:00:00.000,,CS,Cheung Sha,長沙,true,true,true,41155,40,Filtered Water,Filtered Water,"",過濾後水,,,-1.00000,-1,,0.09600,0,3.00000,2,,0.48000,1,2.00000,1,,,,-1.00000,-1,,,,-1.00000,-1,,,,-1,-1,,,,-1,-1,,2026-04-15 01:10:58.338,2026-04-15 01:10:58.338
40228,4,2,2026-04-14 09:19:14.280,2026-04-14 09:00:00.000,,CS,Cheung Sha,長沙,true,true,true,41136,40,Filtered Water,Filtered Water,"",過濾後水,,,-1.00000,-1,,0.09400,0,3.00000,3,,0.49000,1,2.00000,2,,,,-1.00000,-1,,,,-1.00000,-1,,,,-1,-1,,,,-1,-1,,2026-04-15 01:10:58.338,2026-04-15 01:10:58.338
40225,2,1,2026-04-14 06:13:53.919,2026-04-14 01:00:00.000,,SMB,Silver Mine Bay,銀鑛灣,true,true,true,41122,40,Filtered Water,Filtered Water,"",過濾後水,,,-1.00000,-1,,0.09000,0,2.00000,1,,0.67000,1,2.00000,2,,,,-1.00000,-1,,,,-1.00000,-1,,,,-1,-1,,,,-1,-1,,2026-04-15 01:10:58.338,2026-04-15 01:10:58.338
40232,4,2,2026-04-14 17:06:22.542,2026-04-14 17:00:00.000,,CS,Cheung Sha,長沙,true,true,true,41154,20,Dosed Water,Dosed Water,"",投藥後水,6.74000,7,2.00000,2,,,,-1.00000,-1,,0.85000,1,2.00000,2,,,,-1.00000,-1,,,,-1.00000,-1,,,,-1,-1,,,,-1,-1,,2026-04-15 01:10:58.338,2026-04-15 01:10:58.338
40224,4,2,2026-04-14 01:20:15.100,2026-04-14 01:00:00.000,,CS,Cheung Sha,長沙,true,true,true,41115,0,Raw Water,Raw Water,"",原水,7.07000,7,2.00000,0,,0.76500,1,3.00000,2,,,,-1.00000,-1,,,,-1.00000,-1,,,,-1.00000,-1,,,,-1,-1,,,,-1,-1,,2026-04-15 01:10:58.338,2026-04-15 01:10:58.338
40228,4,2,2026-04-14 09:19:14.280,2026-04-14 09:00:00.000,,CS,Cheung Sha,長沙,true,true,true,41135,20,Dosed Water,Dosed Water,"",投藥後水,6.77000,7,2.00000,2,,,,-1.00000,-1,,0.81000,1,2.00000,2,,,,-1.00000,-1,,,,-1.00000,-1,,,,-1,-1,,,,-1,-1,,2026-04-15 01:10:58.338,2026-04-15 01:10:58.338
40228,4,2,2026-04-14 09:19:14.280,2026-04-14 09:00:00.000,,CS,Cheung Sha,長沙,true,true,true,41137,100,Final Water,Final Water,"",食水,8.58000,9,2.00000,2,,0.07600,0,3.00000,3,,0.99000,1,2.00000,2,,0.51000,1,2.00000,1,,,,-1.00000,-1,,,,-1,-1,,,,-1,-1,,2026-04-15 01:10:58.338,2026-04-15 01:10:58.338
40233,1,0,2026-04-14 17:16:44.382,2026-04-13 21:00:00.000,,SHW,Siu Ho Wan,小蠔灣,true,true,true,41159,33,Clarified Water (A & B),Clarified Water (A & B),"",澄清後水 (A & B),6.95000,7,2.00000,1,,0.47000,0,2.00000,2,,0.69000,0,2.00000,2,,,,-1.00000,-1,,,,-1.00000,-1,,,,-1,-1,,,,-1,-1,,2026-04-15 01:10:58.338,2026-04-15 01:10:58.338
40230,2,2,2026-04-14 12:50:10.011,2026-04-14 08:00:00.000,,SMB,Silver Mine Bay,銀鑛灣,true,true,true,41144,20,Dosed Water,Dosed Water,"",投藥後水,6.75000,7,2.00000,1,,,,-1.00000,-1,,,,-1.00000,-1,,,,-1.00000,-1,,,,-1.00000,-1,,,,-1,-1,,,,-1,-1,,2026-04-15 01:10:58.338,2026-04-15 01:10:58.338
40229,1,0,2026-04-14 10:08:07.048,2026-04-13 13:00:00.000,,SHW,Siu Ho Wan,小蠔灣,true,true,true,41138,0,Raw Water,Raw Water,"",原水,7.19000,7,2.00000,2,,0.67000,0,2.00000,2,,,,-1.00000,-1,,,,-1.00000,-1,,,,-1.00000,-1,,,,-1,-1,,,,-1,-1,,2026-04-15 01:10:58.338,2026-04-15 01:10:58.338
40231,3,2,2026-04-15 02:09:21.008,2026-04-14 09:00:00.000,,RH,Red Hill,紅山,true,true,true,41148,0,Raw Water,Raw Water,"",原水,6.84000,7,2.00000,2,,1.48000,2,2.00000,1,"",,,-1.00000,-1,,,,-1.00000,-1,,,,-1.00000,-1,,,,-1,-1,,,,-1,-1,,2026-04-16 01:10:57.024,2026-04-15 01:10:58.338
40227,3,2,2026-04-14 06:28:53.319,2026-04-14 01:00:00.000,,RH,Red Hill,紅山,true,true,true,41129,0,Raw Water,Raw Water,"",原水,6.98000,7,2.00000,2,,1.51000,2,2.00000,2,,,,-1.00000,-1,,,,-1.00000,-1,,,,-1.00000,-1,,,,-1,-1,,,,-1,-1,,2026-04-15 01:10:58.338,2026-04-15 01:10:58.338
40183,1,0,2026-04-10 18:08:21.550,2026-04-09 21:00:00.000,,SHW,Siu Ho Wan,小蠔灣,true,true,true,40912,40,Filtered Water,Filtered Water,"",過濾後水,,,-1.00000,-1,,0.10000,0,1.00000,2,,0.66000,1,2.00000,2,,,,-1.00000,-1,,,,-1.00000,-1,,,,-1,-1,,,,-1,-1,,2026-04-11 01:16:15.289,2026-04-11 01:16:15.289
40173,3,2,2026-04-10 06:25:24.361,2026-04-10 01:00:00.000,,RH,Red Hill,紅山,true,true,true,40867,44,Filtered Water (1-2),Filtered Water,"1-2",過濾後水 (1-2),,,-1.00000,-1,,0.09000,0,2.00000,0,,0.63000,1,2.00000,2,,,,-1.00000,-1,,,,-1.00000,-1,,,,-1,-1,,,,-1,-1,,2026-04-11 01:16:15.289,2026-04-11 01:16:15.289
40176,3,1,2026-04-10 08:51:32.892,2026-04-10 09:00:00.000,,RH,Red Hill,紅山,true,true,true,40881,44,Filtered Water (1-2),Filtered Water,"1-2",過濾後水 (1-2),,,-1.00000,-1,,0.10000,0,1.00000,0,,0.58000,1,2.00000,2,,,,-1.00000,-1,,,,-1.00000,-1,,,,-1,-1,,,,-1,-1,,2026-04-11 01:16:15.289,2026-04-11 01:16:15.289
40178,1,0,2026-04-10 09:30:57.363,2026-04-09 13:00:00.000,,SHW,Siu Ho Wan,小蠔灣,true,true,true,40892,40,Filtered Water,Filtered Water,"",過濾後水,,,-1.00000,-1,,0.10000,0,1.00000,1,,0.47000,1,2.00000,2,,,,-1.00000,-1,,,,-1.00000,-1,,,,-1,-1,,,,-1,-1,,2026-04-11 01:16:15.289,2026-04-11 01:16:15.289
40186,3,2,2026-04-11 01:54:00.110,2026-04-11 01:00:00.000,,RH,Red Hill,紅山,true,true,true,40926,44,Filtered Water (1-2),Filtered Water,"1-2",過濾後水 (1-2),,,-1.00000,-1,,0.12000,0,2.00000,2,,0.51000,1,2.00000,2,,,,-1.00000,-1,,,,-1.00000,-1,,,,-1,-1,,,,-1,-1,,2026-04-12 01:11:13.141,2026-04-12 01:11:13.141
40198,3,2,2026-04-13 10:06:47.295,2026-04-11 17:00:00.000,,RH,Red Hill,紅山,true,true,true,40987,44,Filtered Water (1-2),Filtered Water,"1-2",過濾後水 (1-2),,,-1.00000,-1,,0.11000,0,2.00000,0,,0.48000,0,2.00000,2,,,,-1.00000,-1,,,,-1.00000,-1,,,,-1,-1,,,,-1,-1,,2026-04-14 01:13:43.751,2026-04-12 01:11:13.141
40192,2,1,2026-04-11 13:07:09.841,2026-04-11 09:00:00.000,,SMB,Silver Mine Bay,銀鑛灣,true,true,true,40954,30,Clarified Water,Clarified Water,"",澄清後水,6.96000,7,2.00000,2,,0.12000,0,2.00000,2,,0.88000,1,2.00000,2,,,,-1.00000,-1,,,,-1.00000,-1,,,,-1,-1,,,,-1,-1,,2026-04-12 01:11:13.141,2026-04-12 01:11:13.141
40190,3,1,2026-04-14 10:13:15.752,2026-04-11 09:00:00.000,,RH,Red Hill,紅山,true,true,true,40946,100,Final Water,Final Water,"",食水,8.54000,9,2.00000,2,,0.18000,0,2.00000,2,,1.10000,1,1.00000,2,,0.47000,1,2.00000,1,,,,-1.00000,-1,,,,-1,-1,,,,-1,-1,,2026-04-15 01:10:58.338,2026-04-12 01:11:13.141
40192,2,1,2026-04-11 13:07:09.841,2026-04-11 09:00:00.000,,SMB,Silver Mine Bay,銀鑛灣,true,true,true,40956,100,Final Water,Final Water,"",食水,8.76000,9,2.00000,2,,0.10000,0,1.00000,2,,1.07000,1,2.00000,2,,0.51000,1,2.00000,2,,,,-1.00000,-1,,,,-1,-1,,,,-1,-1,,2026-04-12 01:11:13.141,2026-04-12 01:11:13.141
40185,3,2,2026-04-11 01:49:33.203,2026-04-10 17:00:00.000,,RH,Red Hill,紅山,true,true,true,40920,20,Dosed Water,Dosed Water,"",投藥後水,6.91000,7,2.00000,2,,,,-1.00000,-1,,0.96000,1,2.00000,2,,,,-1.00000,-1,,,,-1.00000,-1,,,,-1,-1,,,,-1,-1,,2026-04-12 01:11:13.141,2026-04-12 01:11:13.141
40185,3,2,2026-04-11 01:49:33.203,2026-04-10 17:00:00.000,,RH,Red Hill,紅山,true,true,true,40919,0,Raw Water,Raw Water,"",原水,6.90000,7,1.00000,2,,1.64000,2,2.00000,2,,,,-1.00000,-1,,,,-1.00000,-1,,,,-1.00000,-1,,,,-1,-1,,,,-1,-1,,2026-04-12 01:11:13.141,2026-04-12 01:11:13.141
40193,2,2,2026-04-11 17:03:40.762,2026-04-11 17:00:00.000,,SMB,Silver Mine Bay,銀鑛灣,true,true,true,40957,0,Raw Water,Raw Water,"",原水,6.76000,7,2.00000,2,,0.49000,0,2.00000,2,,,,-1.00000,-1,,,,-1.00000,-1,,,,-1.00000,-1,,,,-1,-1,,,,-1,-1,,2026-04-12 01:11:13.141,2026-04-12 01:11:13.141
40188,4,2,2026-04-11 07:16:44.838,2026-04-11 01:00:00.000,,CS,Cheung Sha,長沙,true,true,true,40937,100,Final Water,Final Water,"",食水,8.50000,8,1.00000,2,,0.07400,0,3.00000,2,,1.05000,1,2.00000,2,,0.49000,0,2.00000,2,,,,-1.00000,-1,,,,-1,-1,,,,-1,-1,,2026-04-12 01:11:13.141,2026-04-12 01:11:13.141
40195,1,0,2026-04-11 17:14:55.649,2026-04-10 21:00:00.000,,SHW,Siu Ho Wan,小蠔灣,true,true,true,40970,100,Final Water,Final Water,"",食水,8.49000,8,2.00000,2,,0.13000,0,2.00000,1,,0.95000,1,2.00000,2,,0.48000,1,2.00000,1,,,,-1.00000,-1,,,,-1,-1,,,,-1,-1,,2026-04-12 01:11:13.141,2026-04-12 01:11:13.141
40195,1,0,2026-04-11 17:14:55.649,2026-04-10 21:00:00.000,,SHW,Siu Ho Wan,小蠔灣,true,true,true,40966,0,Raw Water,Raw Water,"",原水,7.26000,7,2.00000,2,,0.83000,1,2.00000,2,,,,-1.00000,-1,,,,-1.00000,-1,,,,-1.00000,-1,,,,-1,-1,,,,-1,-1,,2026-04-12 01:11:13.141,2026-04-12 01:11:13.141
40197,5,1,2026-04-12 08:10:03.844,2026-04-11 22:00:00.000,,TO,Tai O,大澳,true,true,true,40980,20,Dosed Water,Dosed Water,"",投藥後水,6.51000,7,2.00000,2,,,,-1.00000,-1,,,,-1.00000,-1,,,,-1.00000,-1,,,,-1.00000,-1,,,,-1,-1,,,,-1,-1,,2026-04-13 01:10:56.214,2026-04-12 01:11:13.141
40197,5,1,2026-04-12 08:10:03.844,2026-04-11 22:00:00.000,,TO,Tai O,大澳,true,true,true,40984,100,Final Water,Final Water,"",食水,8.64100,9,3.00000,2,,0.15000,0,2.00000,2,,1.08000,1,2.00000,2,,0.48000,0,2.00000,2,,,,-1.00000,-1,,,,-1,-1,,,,-1,-1,,2026-04-13 01:10:56.214,2026-04-12 01:11:13.141
40196,5,1,2026-04-11 20:52:45.572,2026-04-11 10:00:00.000,,TO,Tai O,大澳,true,true,true,40976,43,Filtered Water (3),Filtered Water,"3",過濾後水 (3),,,-1.00000,-1,,0.17000,0,2.00000,2,,,,-1.00000,-1,,,,-1.00000,-1,,,,-1.00000,-1,,,,-1,-1,,,,-1,-1,,2026-04-12 01:11:13.141,2026-04-12 01:11:13.141
40194,4,2,2026-04-11 17:05:36.249,2026-04-11 17:00:00.000,,CS,Cheung Sha,長沙,true,true,true,40965,100,Final Water,Final Water,"",食水,8.49000,8,2.00000,2,,0.08600,0,3.00000,2,,1.06000,1,2.00000,2,,0.51500,0,3.00000,2,,,,-1.00000,-1,,,,-1,-1,,,,-1,-1,,2026-04-12 01:11:13.141,2026-04-12 01:11:13.141
40194,4,2,2026-04-11 17:05:36.249,2026-04-11 17:00:00.000,,CS,Cheung Sha,長沙,true,true,true,40963,20,Dosed Water,Dosed Water,"",投藥後水,6.73000,7,2.00000,2,,,,-1.00000,-1,,0.83000,1,2.00000,2,,,,-1.00000,-1,,,,-1.00000,-1,,,,-1,-1,,,,-1,-1,,2026-04-12 01:11:13.141,2026-04-12 01:11:13.141
40207,1,0,2026-04-12 17:27:19.670,2026-04-11 21:00:00.000,,SHW,Siu Ho Wan,小蠔灣,true,true,true,41029,33,Clarified Water (A & B),Clarified Water (A & B),"",澄清後水 (A & B),6.98000,7,2.00000,2,,0.47000,0,2.00000,2,,0.68000,1,2.00000,2,,,,-1.00000,-1,,,,-1.00000,-1,,,,-1,-1,,,,-1,-1,,2026-04-13 01:10:56.214,2026-04-13 01:10:56.214
40207,1,0,2026-04-12 17:27:19.670,2026-04-11 21:00:00.000,,SHW,Siu Ho Wan,小蠔灣,true,true,true,41027,0,Raw Water,Raw Water,"",原水,7.30000,7,1.00000,2,"",0.83000,1,2.00000,2,,,,-1.00000,-1,,,,-1.00000,-1,,,,-1.00000,-1,,,,-1,-1,,,,-1,-1,,2026-04-13 01:10:56.214,2026-04-13 01:10:56.214
40203,4,2,2026-04-12 09:42:59.169,2026-04-12 09:00:00.000,,CS,Cheung Sha,長沙,true,true,true,41009,0,Raw Water,Raw Water,"",原水,7.00000,7,0.00000,2,,0.75000,1,2.00000,2,,,,-1.00000,-1,,,,-1.00000,-1,,,,-1.00000,-1,,,,-1,-1,,,,-1,-1,,2026-04-13 01:10:56.214,2026-04-13 01:10:56.214
40206,4,2,2026-04-12 17:07:35.897,2026-04-12 17:00:00.000,,CS,Cheung Sha,長沙,true,true,true,41023,0,Raw Water,Raw Water,"",原水,6.99000,7,2.00000,2,,0.77200,1,3.00000,3,,,,-1.00000,-1,,,,-1.00000,-1,,,,-1.00000,-1,,,,-1,-1,,,,-1,-1,,2026-04-13 01:10:56.214,2026-04-13 01:10:56.214
40201,4,2,2026-04-12 07:18:32.628,2026-04-12 01:00:00.000,,CS,Cheung Sha,長沙,true,true,true,41000,0,Raw Water,Raw Water,"",原水,6.97000,7,2.00000,2,,0.92600,1,3.00000,2,,,,-1.00000,-1,,,,-1.00000,-1,,,,-1.00000,-1,,,,-1,-1,,,,-1,-1,,2026-04-13 01:10:56.214,2026-04-13 01:10:56.214
40201,4,2,2026-04-12 07:18:32.628,2026-04-12 01:00:00.000,,CS,Cheung Sha,長沙,true,true,true,41003,100,Final Water,Final Water,"",食水,8.54000,9,2.00000,2,,0.08500,0,3.00000,2,,1.05000,1,2.00000,2,,0.48700,0,3.00000,2,,,,-1.00000,-1,,,,-1,-1,,,,-1,-1,,2026-04-13 01:10:56.214,2026-04-13 01:10:56.214
40208,5,2,2026-04-12 19:23:22.775,2026-04-12 10:00:00.000,,TO,Tai O,大澳,true,true,true,41037,43,Filtered Water (3),Filtered Water,"3",過濾後水 (3),,,-1.00000,-1,,0.18000,0,2.00000,2,,,,-1.00000,-1,,,,-1.00000,-1,,,,-1.00000,-1,,,,-1,-1,,,,-1,-1,,2026-04-13 01:10:56.214,2026-04-13 01:10:56.214
40208,5,2,2026-04-12 19:23:22.775,2026-04-12 10:00:00.000,,TO,Tai O,大澳,true,true,true,41038,100,Final Water,Final Water,"",食水,8.53000,9,2.00000,2,,0.12000,0,2.00000,2,,1.11000,1,2.00000,2,,0.49000,1,2.00000,1,,,,-1.00000,-1,,,,-1,-1,,,,-1,-1,,2026-04-13 01:10:56.214,2026-04-13 01:10:56.214
40204,3,2,2026-04-12 11:58:54.485,2026-04-12 09:00:00.000,,RH,Red Hill,紅山,true,true,true,41013,0,Raw Water,Raw Water,"",原水,6.85000,7,2.00000,2,,1.42000,2,2.00000,2,,,,-1.00000,-1,,,,-1.00000,-1,,,,-1.00000,-1,,,,-1,-1,,,,-1,-1,,2026-04-13 01:10:56.214,2026-04-13 01:10:56.214
40202,1,0,2026-04-12 09:30:51.206,2026-04-11 13:00:00.000,,SHW,Siu Ho Wan,小蠔灣,true,true,true,41008,100,Final Water,Final Water,"",食水,0.10000,0,1.00000,2,,8.50000,9,1.00000,2,,1.10000,1,1.00000,2,,0.51000,0,2.00000,2,,,,-1.00000,-1,,,,-1,-1,,,,-1,-1,,2026-04-13 01:10:56.214,2026-04-13 01:10:56.214
40199,3,2,2026-04-13 10:06:15.654,2026-04-12 01:00:00.000,,RH,Red Hill,紅山,true,true,true,40992,44,Filtered Water (1-2),Filtered Water,"1-2",過濾後水 (1-2),,,-1.00000,-1,,0.11000,0,2.00000,0,,0.51000,1,2.00000,2,,,,-1.00000,-1,,,,-1.00000,-1,,,,-1,-1,,,,-1,-1,,2026-04-14 01:13:43.751,2026-04-13 01:10:56.214
40203,4,2,2026-04-12 09:42:59.169,2026-04-12 09:00:00.000,,CS,Cheung Sha,長沙,true,true,true,41011,40,Filtered Water,Filtered Water,"",過濾後水,,,-1.00000,-1,,0.09400,0,3.00000,3,,0.50000,0,1.00000,2,,,,-1.00000,-1,,,,-1.00000,-1,,,,-1,-1,,,,-1,-1,,2026-04-13 01:10:56.214,2026-04-13 01:10:56.214
40209,3,1,2026-04-13 00:47:20.069,2026-04-12 17:00:00.000,,RH,Red Hill,紅山,true,true,true,41041,44,Filtered Water (1-2),Filtered Water,"1-2",過濾後水 (1-2),,,-1.00000,-1,,0.10000,0,1.00000,0,,0.48000,0,2.00000,2,,,,-1.00000,-1,,,,-1.00000,-1,,,,-1,-1,,,,-1,-1,,2026-04-14 01:13:43.751,2026-04-13 01:10:56.214
40205,2,2,2026-04-12 13:47:53.324,2026-04-12 13:00:00.000,,SMB,Silver Mine Bay,銀鑛灣,true,true,true,41021,40,Filtered Water,Filtered Water,"",過濾後水,,,-1.00000,-1,,0.10000,0,1.00000,1,,0.57000,1,2.00000,2,,,,-1.00000,-1,,,,-1.00000,-1,,,,-1,-1,,,,-1,-1,,2026-04-13 01:10:56.214,2026-04-13 01:10:56.214
40202,1,0,2026-04-12 09:30:51.206,2026-04-11 13:00:00.000,,SHW,Siu Ho Wan,小蠔灣,true,true,true,41007,40,Filtered Water,Filtered Water,"",過濾後水,,,-1.00000,-1,,0.10000,0,1.00000,1,,0.77000,1,2.00000,2,,,,-1.00000,-1,,,,-1.00000,-1,,,,-1,-1,,,,-1,-1,,2026-04-13 01:10:56.214,2026-04-13 01:10:56.214
40233,1,0,2026-04-14 17:16:44.382,2026-04-13 21:00:00.000,,SHW,Siu Ho Wan,小蠔灣,true,true,true,41160,40,Filtered Water,Filtered Water,"",過濾後水,,,-1.00000,-1,,0.12000,0,2.00000,2,,0.67000,1,2.00000,2,,,,-1.00000,-1,,,,-1.00000,-1,,,,-1,-1,,,,-1,-1,,2026-04-15 01:10:58.338,2026-04-15 01:10:58.338
40231,3,2,2026-04-15 02:09:21.008,2026-04-14 09:00:00.000,,RH,Red Hill,紅山,true,true,true,41150,44,Filtered Water (1-2),Filtered Water,"1-2",過濾後水 (1-2),,,-1.00000,-1,,0.09000,0,2.00000,1,,0.45000,0,2.00000,2,,,,-1.00000,-1,,,,-1.00000,-1,,,,-1,-1,,,,-1,-1,,2026-04-16 01:10:57.024,2026-04-15 01:10:58.338
40234,5,2,2026-04-14 19:52:04.490,2026-04-14 10:00:00.000,,TO,Tai O,大澳,true,true,true,41165,41,Filtered Water (1),Filtered Water,"1",過濾後水 (1),,,-1.00000,-1,,0.15000,0,2.00000,2,,,,-1.00000,-1,,,,-1.00000,-1,,,,-1.00000,-1,,,,-1,-1,,,,-1,-1,,2026-04-15 01:10:58.338,2026-04-15 01:10:58.338
40230,2,2,2026-04-14 12:50:10.011,2026-04-14 08:00:00.000,,SMB,Silver Mine Bay,銀鑛灣,true,true,true,41147,100,Final Water,Final Water,"",食水,8.40000,8,1.00000,2,,0.11000,0,2.00000,2,,1.03000,1,2.00000,2,,0.45000,0,2.00000,2,,,,-1.00000,-1,,,,-1,-1,,,,-1,-1,,2026-04-15 01:10:58.338,2026-04-15 01:10:58.338
40224,4,2,2026-04-14 01:20:15.100,2026-04-14 01:00:00.000,,CS,Cheung Sha,長沙,true,true,true,41118,100,Final Water,Final Water,"",食水,8.37000,8,2.00000,2,,0.08400,0,3.00000,2,,1.08000,1,2.00000,1,,0.52500,0,3.00000,2,,,,-1.00000,-1,,,,-1,-1,,,,-1,-1,,2026-04-15 01:10:58.338,2026-04-15 01:10:58.338
40228,4,2,2026-04-14 09:19:14.280,2026-04-14 09:00:00.000,,CS,Cheung Sha,長沙,true,true,true,41134,0,Raw Water,Raw Water,"",原水,7.04000,7,2.00000,0,,0.82100,1,3.00000,3,,,,-1.00000,-1,,,,-1.00000,-1,,,,-1.00000,-1,,,,-1,-1,,,,-1,-1,,2026-04-15 01:10:58.338,2026-04-15 01:10:58.338
40233,1,0,2026-04-14 17:16:44.382,2026-04-13 21:00:00.000,,SHW,Siu Ho Wan,小蠔灣,true,true,true,41158,20,Dosed Water,Dosed Water,"",投藥後水,6.90000,7,1.00000,2,,,,-1.00000,-1,,,,-1.00000,-1,,,,-1.00000,-1,,,,-1.00000,-1,,,,-1,-1,,,,-1,-1,,2026-04-15 01:10:58.338,2026-04-15 01:10:58.338
40229,1,0,2026-04-14 10:08:07.048,2026-04-13 13:00:00.000,,SHW,Siu Ho Wan,小蠔灣,true,true,true,41140,33,Clarified Water (A & B),Clarified Water (A & B),"",澄清後水 (A & B),6.98000,7,2.00000,2,,0.49000,0,2.00000,2,,0.60000,1,1.00000,2,,,,-1.00000,-1,,,,-1.00000,-1,,,,-1,-1,,,,-1,-1,,2026-04-15 01:10:58.338,2026-04-15 01:10:58.338
40234,5,2,2026-04-14 19:52:04.490,2026-04-14 10:00:00.000,,TO,Tai O,大澳,true,true,true,41167,43,Filtered Water (3),Filtered Water,"3",過濾後水 (3),,,-1.00000,-1,,0.16000,0,2.00000,2,,,,-1.00000,-1,,,,-1.00000,-1,,,,-1.00000,-1,,,,-1,-1,,,,-1,-1,,2026-04-15 01:10:58.338,2026-04-15 01:10:58.338
40245,2,1,2026-04-15 13:01:56.001,2026-04-15 12:30:00.000,,SMB,Silver Mine Bay,銀鑛灣,true,true,true,41222,40,Filtered Water,Filtered Water,"",過濾後水,,,-1.00000,-1,,0.08000,0,2.00000,1,,0.52000,1,2.00000,2,,,,-1.00000,-1,,,,-1.00000,-1,,,,-1,-1,,,,-1,-1,,2026-04-16 01:10:57.024,2026-04-16 01:10:57.024
40236,3,2,2026-04-15 02:04:00.763,2026-04-14 17:00:00.000,,RH,Red Hill,紅山,true,true,true,41176,44,Filtered Water (1-2),Filtered Water,"1-2",過濾後水 (1-2),,,-1.00000,-1,,0.08000,0,2.00000,2,,0.41000,0,2.00000,2,,,,-1.00000,-1,,,,-1.00000,-1,,,,-1,-1,,,,-1,-1,,2026-04-16 01:10:57.024,2026-04-16 01:10:57.024
40246,4,2,2026-04-15 17:31:37.484,2026-04-15 17:00:00.000,,CS,Cheung Sha,長沙,true,true,true,41226,40,Filtered Water,Filtered Water,"",過濾後水,,,-1.00000,-1,,0.08000,0,2.00000,3,,0.47000,1,2.00000,2,,,,-1.00000,-1,,,,-1.00000,-1,,,,-1,-1,,,,-1,-1,,2026-04-16 01:10:57.024,2026-04-16 01:10:57.024
40245,2,1,2026-04-15 13:01:56.001,2026-04-15 12:30:00.000,,SMB,Silver Mine Bay,銀鑛灣,true,true,true,41221,30,Clarified Water,Clarified Water,"",澄清後水,6.88000,7,2.00000,2,,0.21000,0,2.00000,2,,1.04000,1,2.00000,2,,,,-1.00000,-1,,,,-1.00000,-1,,,,-1,-1,,,,-1,-1,,2026-04-16 01:10:57.024,2026-04-16 01:10:57.024
40243,3,-1,2026-04-15 04:35:50.750,2026-04-15 09:00:00.000,,RH,Red Hill,紅山,true,true,true,41212,45,Filtered Water (3-4),Filtered Water,"3-4",過濾後水 (3-4),,,-1.00000,-1,,0.10000,0,1.00000,2,,0.50000,0,1.00000,2,,,,-1.00000,-1,,,,-1.00000,-1,,,,-1,-1,,,,-1,-1,,2026-04-16 01:10:57.024,2026-04-16 01:10:57.024
40247,2,1,2026-04-15 19:05:45.623,2026-04-15 17:30:00.000,,SMB,Silver Mine Bay,銀鑛灣,true,true,true,41230,30,Clarified Water,Clarified Water,"",澄清後水,6.94000,7,2.00000,2,,0.16000,0,2.00000,2,,1.03000,1,2.00000,2,,,,-1.00000,-1,,,,-1.00000,-1,,,,-1,-1,,,,-1,-1,,2026-04-16 01:10:57.024,2026-04-16 01:10:57.024
40237,3,2,2026-04-15 02:07:38.797,2026-04-15 01:00:00.000,,RH,Red Hill,紅山,true,true,true,41179,0,Raw Water,Raw Water,"",原水,7.00000,7,0.00000,2,,1.42000,2,2.00000,2,,,,-1.00000,-1,,,,-1.00000,-1,,,,-1.00000,-1,,,,-1,-1,,,,-1,-1,,2026-04-16 01:10:57.024,2026-04-16 01:10:57.024
40245,2,1,2026-04-15 13:01:56.001,2026-04-15 12:30:00.000,,SMB,Silver Mine Bay,銀鑛灣,true,true,true,41219,0,Raw Water,Raw Water,"",原水,6.71000,7,2.00000,2,,0.60000,1,1.00000,2,,,,-1.00000,-1,,,,-1.00000,-1,,,,-1.00000,-1,,,,-1,-1,,,,-1,-1,,2026-04-16 01:10:57.024,2026-04-16 01:10:57.024
40236,3,2,2026-04-15 02:04:00.763,2026-04-14 17:00:00.000,,RH,Red Hill,紅山,true,true,true,41178,100,Final Water,Final Water,"",食水,8.53000,8,2.00000,2,,0.15000,0,2.00000,2,,1.00000,1,0.00000,0,"",0.51000,1,2.00000,2,,,,-1.00000,-1,,,,-1,-1,,,,-1,-1,,2026-04-16 01:10:57.024,2026-04-16 01:10:57.024
40236,3,2,2026-04-15 02:04:00.763,2026-04-14 17:00:00.000,,RH,Red Hill,紅山,true,true,true,41174,0,Raw Water,Raw Water,"",原水,7.02000,7,2.00000,2,,1.43000,2,2.00000,2,,,,-1.00000,-1,,,,-1.00000,-1,,,,-1.00000,-1,,,,-1,-1,,,,-1,-1,,2026-04-16 01:10:57.024,2026-04-16 01:10:57.024
40246,4,2,2026-04-15 17:31:37.484,2026-04-15 17:00:00.000,,CS,Cheung Sha,長沙,true,true,true,41224,0,Raw Water,Raw Water,"",原水,6.93000,7,2.00000,2,,0.82600,1,3.00000,3,,,,-1.00000,-1,,,,-1.00000,-1,,,,-1.00000,-1,,,,-1,-1,,,,-1,-1,,2026-04-16 01:10:57.024,2026-04-16 01:10:57.024
40244,3,1,2026-04-15 12:43:11.725,2026-04-15 09:00:00.000,,RH,Red Hill,紅山,true,true,true,41218,100,Final Water,Final Water,"",食水,8.39000,9,2.00000,2,,0.10000,0,1.00000,2,,1.13000,1,2.00000,2,,0.52000,1,2.00000,2,,,,-1.00000,-1,,,,-1,-1,,,,-1,-1,,2026-04-16 01:10:57.024,2026-04-16 01:10:57.024
40240,1,0,2026-04-15 09:11:12.929,2026-04-14 13:00:00.000,,SHW,Siu Ho Wan,小蠔灣,true,true,true,41197,100,Final Water,Final Water,"",食水,8.60000,9,1.00000,1,,0.14000,0,2.00000,2,,1.10000,1,1.00000,2,,0.51000,1,2.00000,2,,,,-1.00000,-1,,,,-1,-1,,,,-1,-1,,2026-04-16 01:10:57.024,2026-04-16 01:10:57.024
40247,2,1,2026-04-15 19:05:45.623,2026-04-15 17:30:00.000,,SMB,Silver Mine Bay,銀鑛灣,true,true,true,41232,100,Final Water,Final Water,"",食水,8.78000,9,2.00000,2,,0.16000,0,2.00000,2,,1.17000,1,2.00000,2,,0.48000,0,2.00000,2,,,,-1.00000,-1,,,,-1,-1,,,,-1,-1,,2026-04-16 01:10:57.024,2026-04-16 01:10:57.024
40247,2,1,2026-04-15 19:05:45.623,2026-04-15 17:30:00.000,,SMB,Silver Mine Bay,銀鑛灣,true,true,true,41229,20,Dosed Water,Dosed Water,"",投藥後水,6.66000,7,2.00000,2,,,,-1.00000,-1,,,,-1.00000,-1,,,,-1.00000,-1,,,,-1.00000,-1,,,,-1,-1,,,,-1,-1,,2026-04-16 01:10:57.024,2026-04-16 01:10:57.024
40253,4,2,2026-04-16 09:34:18.780,2026-04-16 09:00:00.000,,CS,Cheung Sha,長沙,true,true,true,41259,40,Filtered Water,Filtered Water,"",過濾後水,,,-1.00000,-1,,0.08200,0,3.00000,3,,0.53000,1,2.00000,2,,,,-1.00000,-1,,,,-1.00000,-1,,,,-1,-1,,,,-1,-1,,2026-04-17 01:12:50.875,2026-04-17 01:12:50.875
40260,2,2,2026-04-16 22:29:13.232,2026-04-16 21:00:00.000,,SMB,Silver Mine Bay,銀鑛灣,true,true,true,41295,40,Filtered Water,Filtered Water,"",過濾後水,,,-1.00000,-1,,0.11000,0,2.00000,2,,0.63000,1,2.00000,2,,,,-1.00000,-1,,,,-1.00000,-1,,,,-1,-1,,,,-1,-1,,2026-04-18 01:15:04.784,2026-04-17 01:12:50.875
40249,3,2,2026-04-16 02:12:26.888,2026-04-16 01:00:00.000,,RH,Red Hill,紅山,true,true,true,41240,44,Filtered Water (1-2),Filtered Water,"1-2",過濾後水 (1-2),,,-1.00000,-1,,0.11000,0,2.00000,1,,0.53000,1,2.00000,2,,,,-1.00000,-1,,,,-1.00000,-1,,,,-1,-1,,,,-1,-1,,2026-04-17 01:12:50.875,2026-04-17 01:12:50.875
40254,2,2,2026-04-16 10:41:43.573,2026-04-16 09:00:00.000,,SMB,Silver Mine Bay,銀鑛灣,true,true,true,41264,40,Filtered Water,Filtered Water,"",過濾後水,,,-1.00000,-1,,0.10000,0,1.00000,2,,0.57000,0,2.00000,2,,,,-1.00000,-1,,,,-1.00000,-1,,,,-1,-1,,,,-1,-1,,2026-04-17 01:12:50.875,2026-04-17 01:12:50.875
40259,3,2,2026-04-16 20:39:40.476,2026-04-16 17:00:00.000,,RH,Red Hill,紅山,true,true,true,41289,44,Filtered Water (1-2),Filtered Water,"1-2",過濾後水 (1-2),,,-1.00000,-1,,0.08000,0,2.00000,2,,0.48000,0,2.00000,2,,,,-1.00000,-1,,,,-1.00000,-1,,,,-1,-1,,,,-1,-1,,2026-04-17 01:12:50.875,2026-04-17 01:12:50.875
40258,1,0,2026-04-16 20:14:08.388,2026-04-15 21:00:00.000,,SHW,Siu Ho Wan,小蠔灣,true,true,true,41285,40,Filtered Water,Filtered Water,"",過濾後水,,,-1.00000,-1,,0.11000,0,2.00000,1,,0.63000,1,2.00000,2,,,,-1.00000,-1,,,,-1.00000,-1,,,,-1,-1,,,,-1,-1,,2026-04-17 01:12:50.875,2026-04-17 01:12:50.875
40249,3,2,2026-04-16 02:12:26.888,2026-04-16 01:00:00.000,,RH,Red Hill,紅山,true,true,true,41242,100,Final Water,Final Water,"",食水,8.62000,9,2.00000,2,,0.14000,0,2.00000,2,,1.07000,1,2.00000,2,,0.51000,1,2.00000,2,,,,-1.00000,-1,,,,-1,-1,,,,-1,-1,,2026-04-17 01:12:50.875,2026-04-17 01:12:50.875
40249,3,2,2026-04-16 02:12:26.888,2026-04-16 01:00:00.000,,RH,Red Hill,紅山,true,true,true,41238,0,Raw Water,Raw Water,"",原水,6.89000,7,2.00000,2,,1.31000,2,2.00000,2,,,,-1.00000,-1,,,,-1.00000,-1,,,,-1.00000,-1,,,,-1,-1,,,,-1,-1,,2026-04-17 01:12:50.875,2026-04-17 01:12:50.875
40251,4,2,2026-04-16 07:17:37.034,2026-04-16 01:00:00.000,,CS,Cheung Sha,長沙,true,true,true,41251,100,Final Water,Final Water,"",食水,8.54000,9,2.00000,2,,0.07900,0,3.00000,2,,1.02000,1,2.00000,1,,0.50400,1,3.00000,2,,,,-1.00000,-1,,,,-1,-1,,,,-1,-1,,2026-04-17 01:12:50.875,2026-04-17 01:12:50.875
40251,4,2,2026-04-16 07:17:37.034,2026-04-16 01:00:00.000,,CS,Cheung Sha,長沙,true,true,true,41249,20,Dosed Water,Dosed Water,"",投藥後水,6.82000,7,2.00000,2,,,,-1.00000,-1,,0.86000,1,2.00000,1,,,,-1.00000,-1,,,,-1.00000,-1,,,,-1,-1,,,,-1,-1,,2026-04-17 01:12:50.875,2026-04-17 01:12:50.875
40254,2,2,2026-04-16 10:41:43.573,2026-04-16 09:00:00.000,,SMB,Silver Mine Bay,銀鑛灣,true,true,true,41262,20,Dosed Water,Dosed Water,"",投藥後水,6.68000,7,2.00000,2,,,,-1.00000,-1,,,,-1.00000,-1,,,,-1.00000,-1,,,,-1.00000,-1,,,,-1,-1,,,,-1,-1,,2026-04-17 01:12:50.875,2026-04-17 01:12:50.875
40222,3,2,2026-04-13 22:47:45.132,2026-04-13 17:00:00.000,,RH,Red Hill,紅山,true,true,true,41110,100,Final Water,Final Water,"",食水,8.38000,9,2.00000,2,,0.11000,0,2.00000,2,,1.08000,1,2.00000,2,,0.50000,0,1.00000,2,,,,-1.00000,-1,,,,-1,-1,,,,-1,-1,,2026-04-14 01:13:43.751,2026-04-14 01:13:43.751
40214,5,2,2026-04-13 07:54:03.661,2026-04-12 22:00:00.000,,TO,Tai O,大澳,true,true,true,41065,20,Dosed Water,Dosed Water,"",投藥後水,6.49000,7,2.00000,2,,,,-1.00000,-1,,,,-1.00000,-1,,,,-1.00000,-1,,,,-1.00000,-1,,,,-1,-1,,,,-1,-1,,2026-04-14 01:13:43.751,2026-04-14 01:13:43.751
40210,3,1,2026-04-13 02:06:24.457,2026-04-13 01:00:00.000,,RH,Red Hill,紅山,true,true,true,41047,45,Filtered Water (3-4),Filtered Water,"3-4",過濾後水 (3-4),,,-1.00000,-1,,0.11000,0,2.00000,1,,0.55000,1,2.00000,2,,,,-1.00000,-1,,,,-1.00000,-1,,,,-1,-1,,,,-1,-1,,2026-04-14 01:13:43.751,2026-04-14 01:13:43.751
40217,3,1,2026-04-13 10:06:04.225,2026-04-13 09:00:00.000,,RH,Red Hill,紅山,true,true,true,41082,45,Filtered Water (3-4),Filtered Water,"3-4",過濾後水 (3-4),,,-1.00000,-1,,0.14000,0,2.00000,2,,0.48000,0,2.00000,2,,,,-1.00000,-1,,,,-1.00000,-1,,,,-1,-1,,,,-1,-1,,2026-04-14 01:13:43.751,2026-04-14 01:13:43.751
40220,2,2,2026-04-14 06:03:28.073,2026-04-13 17:00:00.000,,SMB,Silver Mine Bay,銀鑛灣,true,true,true,41098,30,Clarified Water,Clarified Water,"",澄清後水,6.97000,7,2.00000,2,,0.17000,0,2.00000,2,,0.94000,1,2.00000,2,,,,-1.00000,-1,,,,-1.00000,-1,,,,-1,-1,,,,-1,-1,,2026-04-15 01:10:58.338,2026-04-14 01:13:43.751
40231,3,2,2026-04-15 02:09:21.008,2026-04-14 09:00:00.000,,RH,Red Hill,紅山,true,true,true,41151,45,Filtered Water (3-4),Filtered Water,"3-4",過濾後水 (3-4),,,-1.00000,-1,,0.13000,0,2.00000,2,,0.51000,0,2.00000,2,,,,-1.00000,-1,,,,-1.00000,-1,,,,-1,-1,,,,-1,-1,,2026-04-16 01:10:57.024,2026-04-15 01:10:58.338
40225,2,1,2026-04-14 06:13:53.919,2026-04-14 01:00:00.000,,SMB,Silver Mine Bay,銀鑛灣,true,true,true,41121,30,Clarified Water,Clarified Water,"",澄清後水,6.90000,7,1.00000,2,,0.20000,0,1.00000,2,,0.97000,1,2.00000,2,,,,-1.00000,-1,,,,-1.00000,-1,,,,-1,-1,,,,-1,-1,,2026-04-15 01:10:58.338,2026-04-15 01:10:58.338
40235,2,1,2026-04-14 22:32:45.321,2026-04-14 18:00:00.000,,SMB,Silver Mine Bay,銀鑛灣,true,true,true,41171,30,Clarified Water,Clarified Water,"",澄清後水,6.91000,7,2.00000,2,,0.19000,0,2.00000,2,,0.95000,1,2.00000,2,,,,-1.00000,-1,,,,-1.00000,-1,,,,-1,-1,,,,-1,-1,,2026-04-16 01:10:57.024,2026-04-15 01:10:58.338
40224,4,2,2026-04-14 01:20:15.100,2026-04-14 01:00:00.000,,CS,Cheung Sha,長沙,true,true,true,41117,40,Filtered Water,Filtered Water,"",過濾後水,,,-1.00000,-1,,0.09400,0,3.00000,2,,0.59000,1,2.00000,1,,,,-1.00000,-1,,,,-1.00000,-1,,,,-1,-1,,,,-1,-1,,2026-04-15 01:10:58.338,2026-04-15 01:10:58.338
40229,1,0,2026-04-14 10:08:07.048,2026-04-13 13:00:00.000,,SHW,Siu Ho Wan,小蠔灣,true,true,true,41141,40,Filtered Water,Filtered Water,"",過濾後水,,,-1.00000,-1,,0.11000,0,2.00000,1,,0.30000,1,1.00000,1,,,,-1.00000,-1,,,,-1.00000,-1,,,,-1,-1,,,,-1,-1,,2026-04-15 01:10:58.338,2026-04-15 01:10:58.338
40234,5,2,2026-04-14 19:52:04.490,2026-04-14 10:00:00.000,,TO,Tai O,大澳,true,true,true,41166,42,Filtered Water (2),Filtered Water,"2",過濾後水 (2),,,-1.00000,-1,,0.16000,0,2.00000,2,,,,-1.00000,-1,,,,-1.00000,-1,,,,-1.00000,-1,,,,-1,-1,,,,-1,-1,,2026-04-15 01:10:58.338,2026-04-15 01:10:58.338
40235,2,1,2026-04-14 22:32:45.321,2026-04-14 18:00:00.000,,SMB,Silver Mine Bay,銀鑛灣,true,true,true,41172,40,Filtered Water,Filtered Water,"",過濾後水,,,-1.00000,-1,,0.64000,1,2.00000,2,,0.10000,0,1.00000,1,,,,-1.00000,-1,,,,-1.00000,-1,,,,-1,-1,,,,-1,-1,,2026-04-16 01:10:57.024,2026-04-15 01:10:58.338
40232,4,2,2026-04-14 17:06:22.542,2026-04-14 17:00:00.000,,CS,Cheung Sha,長沙,true,true,true,41156,100,Final Water,Final Water,"",食水,8.56000,9,2.00000,2,,0.10100,0,3.00000,2,,0.98000,1,2.00000,2,,0.50000,1,1.00000,1,,,,-1.00000,-1,,,,-1,-1,,,,-1,-1,,2026-04-15 01:10:58.338,2026-04-15 01:10:58.338
40232,4,2,2026-04-14 17:06:22.542,2026-04-14 17:00:00.000,,CS,Cheung Sha,長沙,true,true,true,41153,0,Raw Water,Raw Water,"",原水,6.99000,7,2.00000,2,,0.79400,1,3.00000,2,,,,-1.00000,-1,,,,-1.00000,-1,,,,-1.00000,-1,,,,-1,-1,,,,-1,-1,,2026-04-15 01:10:58.338,2026-04-15 01:10:58.338
40224,4,2,2026-04-14 01:20:15.100,2026-04-14 01:00:00.000,,CS,Cheung Sha,長沙,true,true,true,41116,20,Dosed Water,Dosed Water,"",投藥後水,6.78000,7,2.00000,2,,,,-1.00000,-1,,0.89000,1,2.00000,2,,,,-1.00000,-1,,,,-1.00000,-1,,,,-1,-1,,,,-1,-1,,2026-04-15 01:10:58.338,2026-04-15 01:10:58.338
40233,1,0,2026-04-14 17:16:44.382,2026-04-13 21:00:00.000,,SHW,Siu Ho Wan,小蠔灣,true,true,true,41157,0,Raw Water,Raw Water,"",原水,7.21000,7,2.00000,2,,1.08000,1,2.00000,0,,,,-1.00000,-1,,,,-1.00000,-1,,,,-1.00000,-1,,,,-1,-1,,,,-1,-1,,2026-04-15 01:10:58.338,2026-04-15 01:10:58.338
40233,1,0,2026-04-14 17:16:44.382,2026-04-13 21:00:00.000,,SHW,Siu Ho Wan,小蠔灣,true,true,true,41161,100,Final Water,Final Water,"",食水,8.51000,9,2.00000,2,,0.18000,0,2.00000,2,,0.98000,1,2.00000,2,,0.51000,1,2.00000,2,,,,-1.00000,-1,,,,-1,-1,,,,-1,-1,,2026-04-15 01:10:58.338,2026-04-15 01:10:58.338
40231,3,2,2026-04-15 02:09:21.008,2026-04-14 09:00:00.000,,RH,Red Hill,紅山,true,true,true,41149,20,Dosed Water,Dosed Water,"",投藥後水,6.78000,7,2.00000,2,,,,-1.00000,-1,,0.96000,1,2.00000,2,,,,-1.00000,-1,,,,-1.00000,-1,,,,-1,-1,,,,-1,-1,,2026-04-16 01:10:57.024,2026-04-15 01:10:58.338
40225,2,1,2026-04-14 06:13:53.919,2026-04-14 01:00:00.000,,SMB,Silver Mine Bay,銀鑛灣,true,true,true,41119,0,Raw Water,Raw Water,"",原水,6.73000,7,2.00000,2,,0.47000,1,2.00000,1,,,,-1.00000,-1,,,,-1.00000,-1,,,,-1.00000,-1,,,,-1,-1,,,,-1,-1,,2026-04-15 01:10:58.338,2026-04-15 01:10:58.338
40225,2,1,2026-04-14 06:13:53.919,2026-04-14 01:00:00.000,,SMB,Silver Mine Bay,銀鑛灣,true,true,true,41120,20,Dosed Water,Dosed Water,"",投藥後水,6.63000,7,2.00000,2,,,,-1.00000,-1,,,,-1.00000,-1,,,,-1.00000,-1,,,,-1.00000,-1,,,,-1,-1,,,,-1,-1,,2026-04-15 01:10:58.338,2026-04-15 01:10:58.338
40227,3,2,2026-04-14 06:28:53.319,2026-04-14 01:00:00.000,,RH,Red Hill,紅山,true,true,true,41133,100,Final Water,Final Water,"",食水,8.40000,9,1.00000,2,,0.13000,0,2.00000,2,,1.12000,1,2.00000,2,,0.48000,0,2.00000,2,,,,-1.00000,-1,,,,-1,-1,,,,-1,-1,,2026-04-15 01:10:58.338,2026-04-15 01:10:58.338
40241,4,2,2026-04-15 09:36:11.118,2026-04-15 09:00:00.000,,CS,Cheung Sha,長沙,true,true,true,41199,20,Dosed Water,Dosed Water,"",投藥後水,6.64000,7,2.00000,2,,,,-1.00000,-1,,0.88000,1,2.00000,2,,,,-1.00000,-1,,,,-1.00000,-1,,,,-1,-1,,,,-1,-1,,2026-04-16 01:10:57.024,2026-04-16 01:10:57.024
40248,1,0,2026-04-15 20:17:19.908,2026-04-14 21:00:00.000,,SHW,Siu Ho Wan,小蠔灣,true,true,true,41233,0,Raw Water,Raw Water,"",原水,7.32000,7,2.00000,2,,1.17000,1,2.00000,1,,,,-1.00000,-1,,,,-1.00000,-1,,,,-1.00000,-1,,,,-1,-1,,,,-1,-1,,2026-04-17 01:12:50.875,2026-04-16 01:10:57.024
40246,4,2,2026-04-15 17:31:37.484,2026-04-15 17:00:00.000,,CS,Cheung Sha,長沙,true,true,true,41225,20,Dosed Water,Dosed Water,"",投藥後水,6.76000,7,2.00000,2,,,,-1.00000,-1,,0.86000,1,2.00000,2,,,,-1.00000,-1,,,,-1.00000,-1,,,,-1,-1,,,,-1,-1,,2026-04-16 01:10:57.024,2026-04-16 01:10:57.024
40243,3,-1,2026-04-15 04:35:50.750,2026-04-15 09:00:00.000,,RH,Red Hill,紅山,true,true,true,41213,100,Final Water,Final Water,"",食水,8.39000,0,2.00000,2,,0.10000,9,1.00000,2,,1.13000,1,2.00000,2,,0.52000,1,2.00000,2,,,,-1.00000,-1,,,,-1,-1,,,,-1,-1,,2026-04-16 01:10:57.024,2026-04-16 01:10:57.024
40237,3,2,2026-04-15 02:07:38.797,2026-04-15 01:00:00.000,,RH,Red Hill,紅山,true,true,true,41180,20,Dosed Water,Dosed Water,"",投藥後水,6.90000,7,1.00000,2,,,,-1.00000,-1,,0.88000,1,2.00000,2,,,,-1.00000,-1,,,,-1.00000,-1,,,,-1,-1,,,,-1,-1,,2026-04-16 01:10:57.024,2026-04-16 01:10:57.024
40239,4,1,2026-04-15 07:26:53.832,2026-04-15 01:00:00.000,,CS,Cheung Sha,長沙,true,true,true,41189,0,Raw Water,Raw Water,"",原水,7.02000,7,2.00000,2,,0.82100,1,3.00000,2,,,,-1.00000,-1,,,,-1.00000,-1,,,,-1.00000,-1,,,,-1,-1,,,,-1,-1,,2026-04-16 01:10:57.024,2026-04-16 01:10:57.024
40245,2,1,2026-04-15 13:01:56.001,2026-04-15 12:30:00.000,,SMB,Silver Mine Bay,銀鑛灣,true,true,true,41223,100,Final Water,Final Water,"",食水,8.75000,9,2.00000,2,,0.15000,0,2.00000,2,,1.07000,1,2.00000,1,,0.51000,1,2.00000,2,,,,-1.00000,-1,,,,-1,-1,,,,-1,-1,,2026-04-16 01:10:57.024,2026-04-16 01:10:57.024
40238,2,1,2026-04-15 06:29:11.381,2026-04-15 01:00:00.000,,SMB,Silver Mine Bay,銀鑛灣,true,true,true,41188,100,Final Water,Final Water,"",食水,8.56000,9,2.00000,2,,0.13000,0,2.00000,2,,1.07000,1,2.00000,2,Analyzer Fault,0.50000,0,1.00000,2,,,,-1.00000,-1,,,,-1,-1,,,,-1,-1,,2026-04-16 01:10:57.024,2026-04-16 01:10:57.024
40238,2,1,2026-04-15 06:29:11.381,2026-04-15 01:00:00.000,,SMB,Silver Mine Bay,銀鑛灣,true,true,true,41185,20,Dosed Water,Dosed Water,"",投藥後水,6.71000,7,2.00000,2,,,,-1.00000,-1,,,,-1.00000,-1,,,,-1.00000,-1,,,,-1.00000,-1,,,,-1,-1,,,,-1,-1,,2026-04-16 01:10:57.024,2026-04-16 01:10:57.024
40247,2,1,2026-04-15 19:05:45.623,2026-04-15 17:30:00.000,,SMB,Silver Mine Bay,銀鑛灣,true,true,true,41228,0,Raw Water,Raw Water,"",原水,6.66000,7,2.00000,2,,0.44000,1,2.00000,2,,,,-1.00000,-1,,,,-1.00000,-1,,,,-1.00000,-1,,,,-1,-1,,,,-1,-1,,2026-04-16 01:10:57.024,2026-04-16 01:10:57.024
40242,5,2,2026-04-15 20:04:36.916,2026-04-15 10:00:00.000,,TO,Tai O,大澳,true,true,true,41207,43,Filtered Water (3),Filtered Water,"3",過濾後水 (3),,,-1.00000,-1,,0.18000,0,2.00000,2,,,,-1.00000,-1,,,,-1.00000,-1,,,,-1.00000,-1,,,,-1,-1,,,,-1,-1,,2026-04-16 01:10:57.024,2026-04-16 01:10:57.024
40242,5,2,2026-04-15 20:04:36.916,2026-04-15 10:00:00.000,,TO,Tai O,大澳,true,true,true,41208,100,Final Water,Final Water,"",食水,8.56000,9,2.00000,1,,0.13000,0,2.00000,2,,1.08000,1,2.00000,2,,0.50000,1,1.00000,2,,,,-1.00000,-1,,,,-1,-1,,,,-1,-1,,2026-04-16 01:10:57.024,2026-04-16 01:10:57.024
40243,3,-1,2026-04-15 04:35:50.750,2026-04-15 09:00:00.000,,RH,Red Hill,紅山,true,true,true,41211,44,Filtered Water (1-2),Filtered Water,"1-2",過濾後水 (1-2),,,-1.00000,-1,,0.10000,0,1.00000,2,,0.46000,0,2.00000,2,,,,-1.00000,-1,,,,-1.00000,-1,,,,-1,-1,,,,-1,-1,,2026-04-16 01:10:57.024,2026-04-16 01:10:57.024
40237,3,2,2026-04-15 02:07:38.797,2026-04-15 01:00:00.000,,RH,Red Hill,紅山,true,true,true,41181,44,Filtered Water (1-2),Filtered Water,"1-2",過濾後水 (1-2),,,-1.00000,-1,,0.09000,0,2.00000,1,,0.48000,0,2.00000,2,,,,-1.00000,-1,,,,-1.00000,-1,,,,-1,-1,,,,-1,-1,,2026-04-16 01:10:57.024,2026-04-16 01:10:57.024
40241,4,2,2026-04-15 09:36:11.118,2026-04-15 09:00:00.000,,CS,Cheung Sha,長沙,true,true,true,41200,40,Filtered Water,Filtered Water,"",過濾後水,,,-1.00000,-1,,0.09200,0,3.00000,2,,0.48000,0,2.00000,2,,,,-1.00000,-1,,,,-1.00000,-1,,,,-1,-1,,,,-1,-1,,2026-04-16 01:10:57.024,2026-04-16 01:10:57.024
40248,1,0,2026-04-15 20:17:19.908,2026-04-14 21:00:00.000,,SHW,Siu Ho Wan,小蠔灣,true,true,true,41236,40,Filtered Water,Filtered Water,"",過濾後水,,,-1.00000,-1,,0.11000,0,2.00000,2,,0.63000,1,2.00000,2,,,,-1.00000,-1,,,,-1.00000,-1,,,,-1,-1,,,,-1,-1,,2026-04-17 01:12:50.875,2026-04-16 01:10:57.024
40238,2,1,2026-04-15 06:29:11.381,2026-04-15 01:00:00.000,,SMB,Silver Mine Bay,銀鑛灣,true,true,true,41187,40,Filtered Water,Filtered Water,"",過濾後水,,,-1.00000,-1,,0.10000,0,1.00000,1,,0.58000,1,2.00000,2,,,,-1.00000,-1,,,,-1.00000,-1,,,,-1,-1,,,,-1,-1,,2026-04-16 01:10:57.024,2026-04-16 01:10:57.024
40240,1,0,2026-04-15 09:11:12.929,2026-04-14 13:00:00.000,,SHW,Siu Ho Wan,小蠔灣,true,true,true,41196,40,Filtered Water,Filtered Water,"",過濾後水,,,-1.00000,-1,,0.13000,0,2.00000,2,,0.86000,1,2.00000,2,,,,-1.00000,-1,,,,-1.00000,-1,,,,-1,-1,,,,-1,-1,,2026-04-16 01:10:57.024,2026-04-16 01:10:57.024
40242,5,2,2026-04-15 20:04:36.916,2026-04-15 10:00:00.000,,TO,Tai O,大澳,true,true,true,41205,41,Filtered Water (1),Filtered Water,"1",過濾後水 (1),,,-1.00000,-1,,0.15000,0,2.00000,2,,,,-1.00000,-1,,,,-1.00000,-1,,,,-1.00000,-1,,,,-1,-1,,,,-1,-1,,2026-04-16 01:10:57.024,2026-04-16 01:10:57.024
40237,3,2,2026-04-15 02:07:38.797,2026-04-15 01:00:00.000,,RH,Red Hill,紅山,true,true,true,41183,100,Final Water,Final Water,"",食水,8.56000,9,2.00000,2,,0.10000,0,1.00000,2,,1.07000,1,2.00000,2,,0.50000,1,1.00000,1,,,,-1.00000,-1,,,,-1,-1,,,,-1,-1,,2026-04-16 01:10:57.024,2026-04-16 01:10:57.024
40239,4,1,2026-04-15 07:26:53.832,2026-04-15 01:00:00.000,,CS,Cheung Sha,長沙,true,true,true,41192,100,Final Water,Final Water,"",食水,8.45000,9,2.00000,2,,0.08800,0,3.00000,2,,0.98000,1,2.00000,2,,0.48000,0,2.00000,2,,,,-1.00000,-1,,,,-1,-1,,,,-1,-1,,2026-04-16 01:10:57.024,2026-04-16 01:10:57.024
40245,2,1,2026-04-15 13:01:56.001,2026-04-15 12:30:00.000,,SMB,Silver Mine Bay,銀鑛灣,true,true,true,41220,20,Dosed Water,Dosed Water,"",投藥後水,6.65000,7,2.00000,1,,,,-1.00000,-1,,,,-1.00000,-1,,,,-1.00000,-1,,,,-1.00000,-1,,,,-1,-1,,,,-1,-1,,2026-04-16 01:10:57.024,2026-04-16 01:10:57.024
40241,4,2,2026-04-15 09:36:11.118,2026-04-15 09:00:00.000,,CS,Cheung Sha,長沙,true,true,true,41201,100,Final Water,Final Water,"",食水,8.45000,9,2.00000,2,,0.08700,0,3.00000,2,,0.99000,1,2.00000,2,,0.51000,0,2.00000,2,,,,-1.00000,-1,,,,-1,-1,,,,-1,-1,,2026-04-16 01:10:57.024,2026-04-16 01:10:57.024
40248,1,0,2026-04-15 20:17:19.908,2026-04-14 21:00:00.000,,SHW,Siu Ho Wan,小蠔灣,true,true,true,41237,100,Final Water,Final Water,"",食水,8.73000,9,2.00000,2,,0.35000,0,2.00000,2,,1.05000,1,2.00000,1,,0.51000,1,2.00000,2,,,,-1.00000,-1,,,,-1,-1,,,,-1,-1,,2026-04-17 01:12:50.875,2026-04-16 01:10:57.024
40243,3,-1,2026-04-15 04:35:50.750,2026-04-15 09:00:00.000,,RH,Red Hill,紅山,true,true,true,41210,20,Dosed Water,Dosed Water,"",投藥後水,6.80000,7,1.00000,2,,,,-1.00000,-1,,0.79000,1,2.00000,2,,,,-1.00000,-1,,,,-1.00000,-1,,,,-1,-1,,,,-1,-1,,2026-04-16 01:10:57.024,2026-04-16 01:10:57.024
40244,3,1,2026-04-15 12:43:11.725,2026-04-15 09:00:00.000,,RH,Red Hill,紅山,true,true,true,41214,0,Raw Water,Raw Water,"",原水,6.71000,7,2.00000,2,,1.37000,2,2.00000,2,,,,-1.00000,-1,,,,-1.00000,-1,,,,-1.00000,-1,,,,-1,-1,,,,-1,-1,,2026-04-16 01:10:57.024,2026-04-16 01:10:57.024
40244,3,1,2026-04-15 12:43:11.725,2026-04-15 09:00:00.000,,RH,Red Hill,紅山,true,true,true,41215,20,Dosed Water,Dosed Water,"",投藥後水,6.80000,7,1.00000,2,,,,-1.00000,-1,,0.79000,1,2.00000,2,,,,-1.00000,-1,,,,-1.00000,-1,,,,-1,-1,,,,-1,-1,,2026-04-16 01:10:57.024,2026-04-16 01:10:57.024
40238,2,1,2026-04-15 06:29:11.381,2026-04-15 01:00:00.000,,SMB,Silver Mine Bay,銀鑛灣,true,true,true,41184,0,Raw Water,Raw Water,"",原水,6.71000,7,2.00000,2,,0.61000,1,2.00000,2,,,,-1.00000,-1,,,,-1.00000,-1,,,,-1.00000,-1,,,,-1,-1,,,,-1,-1,,2026-04-16 01:10:57.024,2026-04-16 01:10:57.024
40240,1,0,2026-04-15 09:11:12.929,2026-04-14 13:00:00.000,,SHW,Siu Ho Wan,小蠔灣,true,true,true,41195,33,Clarified Water (A & B),Clarified Water (A & B),"",澄清後水 (A & B),6.92000,7,2.00000,1,,0.50000,0,1.00000,1,,0.78000,1,2.00000,2,,,,-1.00000,-1,,,,-1.00000,-1,,,,-1,-1,,,,-1,-1,,2026-04-16 01:10:57.024,2026-04-16 01:10:57.024
40240,1,0,2026-04-15 09:11:12.929,2026-04-14 13:00:00.000,,SHW,Siu Ho Wan,小蠔灣,true,true,true,41194,20,Dosed Water,Dosed Water,"",投藥後水,6.88000,7,2.00000,2,,,,-1.00000,-1,,,,-1.00000,-1,,,,-1.00000,-1,,,,-1.00000,-1,,,,-1,-1,,,,-1,-1,,2026-04-16 01:10:57.024,2026-04-16 01:10:57.024
40238,2,1,2026-04-15 06:29:11.381,2026-04-15 01:00:00.000,,SMB,Silver Mine Bay,銀鑛灣,true,true,true,41186,30,Clarified Water,Clarified Water,"",澄清後水,6.85000,7,2.00000,2,,0.19000,0,2.00000,2,,1.00000,1,0.00000,2,,,,-1.00000,-1,,,,-1.00000,-1,,,,-1,-1,,,,-1,-1,,2026-04-16 01:10:57.024,2026-04-16 01:10:57.024
40242,5,2,2026-04-15 20:04:36.916,2026-04-15 10:00:00.000,,TO,Tai O,大澳,true,true,true,41203,2,Raw Water (Shek Pik),Raw Water,Shek Pik,原水 (Shek Pik),6.70000,7,1.00000,2,,1.30000,1,1.00000,2,,,,-1.00000,-1,,,,-1.00000,-1,,,,-1.00000,-1,,,,-1,-1,,,,-1,-1,,2026-04-16 01:10:57.024,2026-04-16 01:10:57.024
40257,5,1,2026-04-16 19:40:16.039,2026-04-16 10:00:00.000,,TO,Tai O,大澳,true,true,true,41278,41,Filtered Water (1),Filtered Water,"1",過濾後水 (1),,,-1.00000,-1,,0.14000,0,2.00000,2,,,,-1.00000,-1,,,,-1.00000,-1,,,,-1.00000,-1,,,,-1,-1,,,,-1,-1,,2026-04-17 01:12:50.875,2026-04-17 01:12:50.875
40257,5,1,2026-04-16 19:40:16.039,2026-04-16 10:00:00.000,,TO,Tai O,大澳,true,true,true,41279,42,Filtered Water (2),Filtered Water,"2",過濾後水 (2),,,-1.00000,-1,,0.18000,0,2.00000,2,,,,-1.00000,-1,,,,-1.00000,-1,,,,-1.00000,-1,,,,-1,-1,,,,-1,-1,,2026-04-17 01:12:50.875,2026-04-17 01:12:50.875
40256,4,1,2026-04-16 18:08:49.554,2026-04-16 17:00:00.000,,CS,Cheung Sha,長沙,true,true,true,41273,40,Filtered Water,Filtered Water,"",過濾後水,,,-1.00000,-1,,0.09800,0,3.00000,2,,0.60000,1,1.00000,2,,,,-1.00000,-1,,,,-1.00000,-1,,,,-1,-1,,,,-1,-1,,2026-04-17 01:12:50.875,2026-04-17 01:12:50.875
40250,2,1,2026-04-16 10:41:10.931,2026-04-16 01:00:00.000,,SMB,Silver Mine Bay,銀鑛灣,true,true,true,41245,30,Clarified Water,Clarified Water,"",澄清後水,6.87000,7,2.00000,2,,0.17000,0,2.00000,2,,0.93000,1,2.00000,2,,,,-1.00000,-1,,,,-1.00000,-1,,,,-1,-1,,,,-1,-1,,2026-04-17 01:12:50.875,2026-04-17 01:12:50.875
40254,2,2,2026-04-16 10:41:43.573,2026-04-16 09:00:00.000,,SMB,Silver Mine Bay,銀鑛灣,true,true,true,41263,30,Clarified Water,Clarified Water,"",澄清後水,6.88000,7,2.00000,2,,0.16000,0,2.00000,2,,0.94000,1,2.00000,2,,,,-1.00000,-1,,,,-1.00000,-1,,,,-1,-1,,,,-1,-1,,2026-04-17 01:12:50.875,2026-04-17 01:12:50.875
40260,2,2,2026-04-16 22:29:13.232,2026-04-16 21:00:00.000,,SMB,Silver Mine Bay,銀鑛灣,true,true,true,41294,30,Clarified Water,Clarified Water,"",澄清後水,6.92000,7,2.00000,2,,0.21000,0,2.00000,2,,0.81000,1,2.00000,2,,,,-1.00000,-1,,,,-1.00000,-1,,,,-1,-1,,,,-1,-1,,2026-04-18 01:15:04.784,2026-04-17 01:12:50.875
40250,2,1,2026-04-16 10:41:10.931,2026-04-16 01:00:00.000,,SMB,Silver Mine Bay,銀鑛灣,true,true,true,41244,20,Dosed Water,Dosed Water,"",投藥後水,6.59000,7,2.00000,2,,,,-1.00000,-1,,,,-1.00000,-1,,,,-1.00000,-1,,,,-1.00000,-1,,,,-1,-1,,,,-1,-1,,2026-04-17 01:12:50.875,2026-04-17 01:12:50.875
40249,3,2,2026-04-16 02:12:26.888,2026-04-16 01:00:00.000,,RH,Red Hill,紅山,true,true,true,41239,20,Dosed Water,Dosed Water,"",投藥後水,6.79000,7,2.00000,2,"",,,-1.00000,-1,,0.80000,1,1.00000,1,,,,-1.00000,-1,,,,-1.00000,-1,,,,-1,-1,,,,-1,-1,,2026-04-17 01:12:50.875,2026-04-17 01:12:50.875
40251,4,2,2026-04-16 07:17:37.034,2026-04-16 01:00:00.000,,CS,Cheung Sha,長沙,true,true,true,41248,0,Raw Water,Raw Water,"",原水,6.99000,7,2.00000,2,,0.72900,1,3.00000,2,,,,-1.00000,-1,,,,-1.00000,-1,,,,-1.00000,-1,,,,-1,-1,,,,-1,-1,,2026-04-17 01:12:50.875,2026-04-17 01:12:50.875
40254,2,2,2026-04-16 10:41:43.573,2026-04-16 09:00:00.000,,SMB,Silver Mine Bay,銀鑛灣,true,true,true,41265,100,Final Water,Final Water,"",食水,8.78000,9,2.00000,2,,0.13000,0,2.00000,2,,0.98000,1,2.00000,2,,0.46000,1,2.00000,1,,,,-1.00000,-1,,,,-1,-1,,,,-1,-1,,2026-04-17 01:12:50.875,2026-04-17 01:12:50.875
40254,2,2,2026-04-16 10:41:43.573,2026-04-16 09:00:00.000,,SMB,Silver Mine Bay,銀鑛灣,true,true,true,41261,0,Raw Water,Raw Water,"",原水,6.68000,7,2.00000,2,,0.57000,1,2.00000,2,,,,-1.00000,-1,,,,-1.00000,-1,,,,-1.00000,-1,,,,-1,-1,,,,-1,-1,,2026-04-17 01:12:50.875,2026-04-17 01:12:50.875
40259,3,2,2026-04-16 20:39:40.476,2026-04-16 17:00:00.000,,RH,Red Hill,紅山,true,true,true,41287,0,Raw Water,Raw Water,"",原水,7.00000,7,0.00000,1,,1.31000,1,2.00000,2,,,,-1.00000,-1,,,,-1.00000,-1,,,,-1.00000,-1,,,,-1,-1,,,,-1,-1,,2026-04-17 01:12:50.875,2026-04-17 01:12:50.875
40257,5,1,2026-04-16 19:40:16.039,2026-04-16 10:00:00.000,,TO,Tai O,大澳,true,true,true,41280,43,Filtered Water (3),Filtered Water,"3",過濾後水 (3),,,-1.00000,-1,,0.17000,0,2.00000,2,,,,-1.00000,-1,,,,-1.00000,-1,,,,-1.00000,-1,,,,-1,-1,,,,-1,-1,,2026-04-17 01:12:50.875,2026-04-17 01:12:50.875
40257,5,1,2026-04-16 19:40:16.039,2026-04-16 10:00:00.000,,TO,Tai O,大澳,true,true,true,41281,100,Final Water,Final Water,"",食水,8.49000,9,2.00000,2,,0.12000,0,2.00000,2,,1.12000,1,2.00000,2,,0.48000,0,2.00000,2,,,,-1.00000,-1,,,,-1,-1,,,,-1,-1,,2026-04-17 01:12:50.875,2026-04-17 01:12:50.875
40252,1,0,2026-04-16 09:21:11.301,2026-04-15 13:00:00.000,,SHW,Siu Ho Wan,小蠔灣,true,true,true,41256,100,Final Water,Final Water,"",食水,0.20000,0,1.00000,2,,8.52000,9,2.00000,2,,1.00000,1,0.00000,2,,0.49000,1,2.00000,2,,,,-1.00000,-1,,,,-1,-1,,,,-1,-1,,2026-04-17 01:12:50.875,2026-04-17 01:12:50.875
40252,1,0,2026-04-16 09:21:11.301,2026-04-15 13:00:00.000,,SHW,Siu Ho Wan,小蠔灣,true,true,true,41253,20,Dosed Water,Dosed Water,"",投藥後水,6.90000,7,1.00000,2,,,,-1.00000,-1,,,,-1.00000,-1,,,,-1.00000,-1,,,,-1.00000,-1,,,,-1,-1,,,,-1,-1,,2026-04-17 01:12:50.875,2026-04-17 01:12:50.875
40253,4,2,2026-04-16 09:34:18.780,2026-04-16 09:00:00.000,,CS,Cheung Sha,長沙,true,true,true,41257,0,Raw Water,Raw Water,"",原水,6.99000,7,2.00000,2,,0.71000,1,2.00000,2,,,,-1.00000,-1,,,,-1.00000,-1,,,,-1.00000,-1,,,,-1,-1,,,,-1,-1,,2026-04-17 01:12:50.875,2026-04-17 01:12:50.875
40208,5,2,2026-04-12 19:23:22.775,2026-04-12 10:00:00.000,,TO,Tai O,大澳,true,true,true,41033,2,Raw Water (Shek Pik),Raw Water,Shek Pik,原水 (Shek Pik),6.81000,7,2.00000,2,,0.77000,1,2.00000,2,,,,-1.00000,-1,,,,-1.00000,-1,,,,-1.00000,-1,,,,-1,-1,,,,-1,-1,,2026-04-13 01:10:56.214,2026-04-13 01:10:56.214
40200,2,0,2026-04-12 06:23:50.023,2026-04-12 01:00:00.000,,SMB,Silver Mine Bay,銀鑛灣,true,true,true,40997,30,Clarified Water,Clarified Water,"",澄清後水,6.92000,7,2.00000,2,,0.14000,0,2.00000,2,,0.88000,1,2.00000,2,,,,-1.00000,-1,,,,-1.00000,-1,,,,-1,-1,,,,-1,-1,,2026-04-13 01:10:56.214,2026-04-13 01:10:56.214
40214,5,2,2026-04-13 07:54:03.661,2026-04-12 22:00:00.000,,TO,Tai O,大澳,true,true,true,41063,1,Raw Water (Yi O),Raw Water,Yi O,原水 (Yi O),0.00000,0,0.00000,0,,0.00000,0,0.00000,0,,,,-1.00000,-1,,,,-1.00000,-1,,,,-1.00000,-1,,,,-1,-1,,,,-1,-1,,2026-04-14 01:13:43.751,2026-04-14 01:13:43.751
40218,5,2,2026-04-13 20:22:48.602,2026-04-13 10:00:00.000,,TO,Tai O,大澳,true,true,true,41084,1,Raw Water (Yi O),Raw Water,Yi O,原水 (Yi O),0.00000,0,0.00000,0,,0.00000,0,0.00000,0,,,,-1.00000,-1,,,,-1.00000,-1,,,,-1.00000,-1,,,,-1,-1,,,,-1,-1,,2026-04-14 01:13:43.751,2026-04-14 01:13:43.751
40217,3,1,2026-04-13 10:06:04.225,2026-04-13 09:00:00.000,,RH,Red Hill,紅山,true,true,true,41081,44,Filtered Water (1-2),Filtered Water,"1-2",過濾後水 (1-2),,,-1.00000,-1,,0.13000,0,2.00000,0,"",0.45000,0,2.00000,2,,,,-1.00000,-1,,,,-1.00000,-1,,,,-1,-1,,,,-1,-1,,2026-04-14 01:13:43.751,2026-04-14 01:13:43.751
40211,2,2,2026-04-13 06:22:22.853,2026-04-12 21:30:00.000,,SMB,Silver Mine Bay,銀鑛灣,true,true,true,41052,40,Filtered Water,Filtered Water,"",過濾後水,,,-1.00000,-1,,0.11000,0,2.00000,1,,0.73000,1,2.00000,2,,,,-1.00000,-1,,,,-1.00000,-1,,,,-1,-1,,,,-1,-1,,2026-04-14 01:13:43.751,2026-04-14 01:13:43.751
40222,3,2,2026-04-13 22:47:45.132,2026-04-13 17:00:00.000,,RH,Red Hill,紅山,true,true,true,41108,44,Filtered Water (1-2),Filtered Water,"1-2",過濾後水 (1-2),,,-1.00000,-1,,0.13000,0,2.00000,2,,0.45000,0,2.00000,2,,,,-1.00000,-1,,,,-1.00000,-1,,,,-1,-1,,,,-1,-1,,2026-04-14 01:13:43.751,2026-04-14 01:13:43.751
40223,4,2,2026-04-14 00:46:59.337,2026-04-13 22:00:00.000,,CS,Cheung Sha,長沙,true,true,true,41113,40,Filtered Water,Filtered Water,"",過濾後水,,,-1.00000,-1,,0.09800,0,3.00000,2,,0.57000,1,2.00000,2,,,,-1.00000,-1,,,,-1.00000,-1,,,,-1,-1,,,,-1,-1,,2026-04-15 01:10:58.338,2026-04-14 01:13:43.751
40218,5,2,2026-04-13 20:22:48.602,2026-04-13 10:00:00.000,,TO,Tai O,大澳,true,true,true,41088,42,Filtered Water (2),Filtered Water,"2",過濾後水 (2),,,-1.00000,-1,,0.17000,0,2.00000,2,,,,-1.00000,-1,,,,-1.00000,-1,,,,-1.00000,-1,,,,-1,-1,,,,-1,-1,,2026-04-14 01:13:43.751,2026-04-14 01:13:43.751
40212,2,2,2026-04-13 06:22:39.124,2026-04-13 00:00:00.000,,SMB,Silver Mine Bay,銀鑛灣,true,true,true,41058,100,Final Water,Final Water,"",食水,8.76000,9,2.00000,2,,0.13000,0,2.00000,2,,1.13000,1,2.00000,2,,0.48000,1,2.00000,1,,,,-1.00000,-1,,,,-1,-1,,,,-1,-1,,2026-04-14 01:13:43.751,2026-04-14 01:13:43.751
40212,2,2,2026-04-13 06:22:39.124,2026-04-13 00:00:00.000,,SMB,Silver Mine Bay,銀鑛灣,true,true,true,41054,0,Raw Water,Raw Water,"",原水,6.80000,7,1.00000,2,,0.58000,0,2.00000,2,,,,-1.00000,-1,,,,-1.00000,-1,,,,-1.00000,-1,,,,-1,-1,,,,-1,-1,,2026-04-14 01:13:43.751,2026-04-14 01:13:43.751
40220,2,2,2026-04-14 06:03:28.073,2026-04-13 17:00:00.000,,SMB,Silver Mine Bay,銀鑛灣,true,true,true,41097,20,Dosed Water,Dosed Water,"",投藥後水,6.76000,7,2.00000,2,,,,-1.00000,-1,,,,-1.00000,-1,,,,-1.00000,-1,,,,-1.00000,-1,,,,-1,-1,,,,-1,-1,,2026-04-15 01:10:58.338,2026-04-14 01:13:43.751
40211,2,2,2026-04-13 06:22:22.853,2026-04-12 21:30:00.000,,SMB,Silver Mine Bay,銀鑛灣,true,true,true,41049,0,Raw Water,Raw Water,"",原水,6.78000,7,2.00000,2,,0.56000,0,2.00000,2,,,,-1.00000,-1,,,,-1.00000,-1,,,,-1.00000,-1,,,,-1,-1,,,,-1,-1,,2026-04-14 01:13:43.751,2026-04-14 01:13:43.751
40213,4,2,2026-04-13 07:21:56.702,2026-04-13 01:00:00.000,,CS,Cheung Sha,長沙,true,true,true,41059,0,Raw Water,Raw Water,"",原水,7.04000,7,2.00000,0,,0.74900,1,3.00000,3,,,,-1.00000,-1,,,,-1.00000,-1,,,,-1.00000,-1,,,,-1,-1,,,,-1,-1,,2026-04-14 01:13:43.751,2026-04-14 01:13:43.751
40221,1,0,2026-04-13 17:11:18.995,2026-04-12 21:00:00.000,,SHW,Siu Ho Wan,小蠔灣,true,true,true,41105,100,Final Water,Final Water,"",食水,8.59000,9,2.00000,2,,0.13000,0,2.00000,2,,0.93000,1,2.00000,2,,0.45000,0,2.00000,2,,,,-1.00000,-1,,,,-1,-1,,,,-1,-1,,2026-04-14 01:13:43.751,2026-04-14 01:13:43.751
40298,3,1,2026-04-21 01:51:21.457,2026-04-20 17:00:00.000,,RH,Red Hill,紅山,true,true,true,41484,0,Raw Water,Raw Water,"",原水,7.09000,7,2.00000,2,,1.55000,2,2.00000,2,,,,-1.00000,-1,,,,-1.00000,-1,,,,-1.00000,-1,,,,-1,-1,,,,-1,-1,,2026-04-22 01:11:01.839,2026-04-22 01:11:01.839
40223,4,2,2026-04-14 00:46:59.337,2026-04-13 22:00:00.000,,CS,Cheung Sha,長沙,true,true,true,41114,100,Final Water,Final Water,"",食水,8.44000,9,2.00000,2,,0.09000,0,2.00000,2,,1.00100,1,3.00000,2,,0.52100,1,3.00000,2,,,,-1.00000,-1,,,,-1,-1,,,,-1,-1,,2026-04-15 01:10:58.338,2026-04-14 01:13:43.751
40223,4,2,2026-04-14 00:46:59.337,2026-04-13 22:00:00.000,,CS,Cheung Sha,長沙,true,true,true,41111,0,Raw Water,Raw Water,"",原水,7.01000,7,2.00000,2,,0.80800,1,3.00000,2,,,,-1.00000,-1,,,,-1.00000,-1,,,,-1.00000,-1,,,,-1,-1,,,,-1,-1,,2026-04-15 01:10:58.338,2026-04-14 01:13:43.751
40215,4,2,2026-04-13 09:32:48.923,2026-04-13 09:00:00.000,,CS,Cheung Sha,長沙,true,true,true,41071,20,Dosed Water,Dosed Water,"",投藥後水,6.63000,7,2.00000,2,,,,-1.00000,-1,,0.85000,1,2.00000,2,,,,-1.00000,-1,,,,-1.00000,-1,,,,-1,-1,,,,-1,-1,,2026-04-14 01:13:43.751,2026-04-14 01:13:43.751
40215,4,2,2026-04-13 09:32:48.923,2026-04-13 09:00:00.000,,CS,Cheung Sha,長沙,true,true,true,41073,100,Final Water,Final Water,"",食水,8.41000,8,2.00000,2,,0.08100,0,3.00000,2,,1.02000,1,2.00000,0,,0.51000,1,2.00000,2,,,,-1.00000,-1,,,,-1,-1,,,,-1,-1,,2026-04-14 01:13:43.751,2026-04-14 01:13:43.751
40230,2,2,2026-04-14 12:50:10.011,2026-04-14 08:00:00.000,,SMB,Silver Mine Bay,銀鑛灣,true,true,true,41145,30,Clarified Water,Clarified Water,"",澄清後水,6.86000,7,2.00000,2,,0.15000,0,2.00000,2,,0.87000,1,2.00000,2,,,,-1.00000,-1,,,,-1.00000,-1,,,,-1,-1,,,,-1,-1,,2026-04-15 01:10:58.338,2026-04-15 01:10:58.338
40227,3,2,2026-04-14 06:28:53.319,2026-04-14 01:00:00.000,,RH,Red Hill,紅山,true,true,true,41132,45,Filtered Water (3-4),Filtered Water,"3-4",過濾後水 (3-4),,,-1.00000,-1,,0.10000,0,1.00000,2,,0.56000,1,2.00000,2,,,,-1.00000,-1,,,,-1.00000,-1,,,,-1,-1,,,,-1,-1,,2026-04-15 01:10:58.338,2026-04-15 01:10:58.338
40230,2,2,2026-04-14 12:50:10.011,2026-04-14 08:00:00.000,,SMB,Silver Mine Bay,銀鑛灣,true,true,true,41146,40,Filtered Water,Filtered Water,"",過濾後水,,,-1.00000,-1,,0.13000,0,2.00000,2,,0.60000,1,1.00000,2,,,,-1.00000,-1,,,,-1.00000,-1,,,,-1,-1,,,,-1,-1,,2026-04-15 01:10:58.338,2026-04-15 01:10:58.338
40227,3,2,2026-04-14 06:28:53.319,2026-04-14 01:00:00.000,,RH,Red Hill,紅山,true,true,true,41131,44,Filtered Water (1-2),Filtered Water,"1-2",過濾後水 (1-2),,,-1.00000,-1,,0.09000,0,2.00000,1,,0.55000,1,2.00000,2,,,,-1.00000,-1,,,,-1.00000,-1,,,,-1,-1,,,,-1,-1,,2026-04-15 01:10:58.338,2026-04-15 01:10:58.338
40230,2,2,2026-04-14 12:50:10.011,2026-04-14 08:00:00.000,,SMB,Silver Mine Bay,銀鑛灣,true,true,true,41143,0,Raw Water,Raw Water,"",原水,6.72000,7,2.00000,2,,0.53000,0,2.00000,2,,,,-1.00000,-1,,,,-1.00000,-1,,,,-1.00000,-1,,,,-1,-1,,,,-1,-1,,2026-04-15 01:10:58.338,2026-04-15 01:10:58.338
40229,1,0,2026-04-14 10:08:07.048,2026-04-13 13:00:00.000,,SHW,Siu Ho Wan,小蠔灣,true,true,true,41142,100,Final Water,Final Water,"",食水,8.51000,9,2.00000,2,,0.17000,0,2.00000,2,,0.90000,1,1.00000,2,,0.30000,0,1.00000,2,,,,-1.00000,-1,,,,-1,-1,,,,-1,-1,,2026-04-15 01:10:58.338,2026-04-15 01:10:58.338
40229,1,0,2026-04-14 10:08:07.048,2026-04-13 13:00:00.000,,SHW,Siu Ho Wan,小蠔灣,true,true,true,41139,20,Dosed Water,Dosed Water,"",投藥後水,6.89000,7,2.00000,2,,,,-1.00000,-1,,,,-1.00000,-1,,,,-1.00000,-1,,,,-1.00000,-1,,,,-1,-1,,,,-1,-1,,2026-04-15 01:10:58.338,2026-04-15 01:10:58.338
40231,3,2,2026-04-15 02:09:21.008,2026-04-14 09:00:00.000,,RH,Red Hill,紅山,true,true,true,41152,100,Final Water,Final Water,"",食水,8.40000,9,1.00000,1,,0.09000,0,2.00000,2,,1.04000,1,2.00000,2,,0.50000,0,1.00000,2,,,,-1.00000,-1,,,,-1,-1,,,,-1,-1,,2026-04-16 01:10:57.024,2026-04-15 01:10:58.338
40225,2,1,2026-04-14 06:13:53.919,2026-04-14 01:00:00.000,,SMB,Silver Mine Bay,銀鑛灣,true,true,true,41123,100,Final Water,Final Water,"",食水,8.46000,9,2.00000,2,,0.11000,0,2.00000,2,,1.03000,1,2.00000,2,,0.56000,1,2.00000,2,,,,-1.00000,-1,,,,-1,-1,,,,-1,-1,,2026-04-15 01:10:58.338,2026-04-15 01:10:58.338
40234,5,2,2026-04-14 19:52:04.490,2026-04-14 10:00:00.000,,TO,Tai O,大澳,true,true,true,41168,100,Final Water,Final Water,"",食水,8.55000,9,2.00000,2,,0.11000,0,2.00000,2,,1.11000,1,2.00000,2,,0.48000,0,2.00000,2,,,,-1.00000,-1,,,,-1,-1,,,,-1,-1,,2026-04-15 01:10:58.338,2026-04-15 01:10:58.338
40234,5,2,2026-04-14 19:52:04.490,2026-04-14 10:00:00.000,,TO,Tai O,大澳,true,true,true,41164,20,Dosed Water,Dosed Water,"",投藥後水,6.49000,7,2.00000,2,,,,-1.00000,-1,,,,-1.00000,-1,,,,-1.00000,-1,,,,-1.00000,-1,,,,-1,-1,,,,-1,-1,,2026-04-15 01:10:58.338,2026-04-15 01:10:58.338
40227,3,2,2026-04-14 06:28:53.319,2026-04-14 01:00:00.000,,RH,Red Hill,紅山,true,true,true,41130,20,Dosed Water,Dosed Water,"",投藥後水,6.96000,7,2.00000,1,,,,-1.00000,-1,,0.90000,1,1.00000,2,,,,-1.00000,-1,,,,-1.00000,-1,,,,-1,-1,,,,-1,-1,,2026-04-15 01:10:58.338,2026-04-15 01:10:58.338
40235,2,1,2026-04-14 22:32:45.321,2026-04-14 18:00:00.000,,SMB,Silver Mine Bay,銀鑛灣,true,true,true,41173,100,Final Water,Final Water,"",食水,8.50000,8,1.00000,2,,0.13000,0,2.00000,2,,1.08000,1,2.00000,2,Analyzer Fault,0.50000,0,1.00000,2,,,,-1.00000,-1,,,,-1,-1,,,,-1,-1,,2026-04-16 01:10:57.024,2026-04-15 01:10:58.338
40235,2,1,2026-04-14 22:32:45.321,2026-04-14 18:00:00.000,,SMB,Silver Mine Bay,銀鑛灣,true,true,true,41170,20,Dosed Water,Dosed Water,"",投藥後水,6.65000,7,2.00000,2,,,,-1.00000,-1,,,,-1.00000,-1,,,,-1.00000,-1,,,,-1.00000,-1,,,,-1,-1,,,,-1,-1,,2026-04-16 01:10:57.024,2026-04-15 01:10:58.338
40235,2,1,2026-04-14 22:32:45.321,2026-04-14 18:00:00.000,,SMB,Silver Mine Bay,銀鑛灣,true,true,true,41169,0,Raw Water,Raw Water,"",原水,6.71000,7,2.00000,2,,0.63000,1,2.00000,2,,,,-1.00000,-1,,,,-1.00000,-1,,,,-1.00000,-1,,,,-1,-1,,,,-1,-1,,2026-04-16 01:10:57.024,2026-04-15 01:10:58.338
40252,1,0,2026-04-16 09:21:11.301,2026-04-15 13:00:00.000,,SHW,Siu Ho Wan,小蠔灣,true,true,true,41252,0,Raw Water,Raw Water,"",原水,7.18000,7,2.00000,2,,0.85000,1,2.00000,2,,,,-1.00000,-1,,,,-1.00000,-1,,,,-1.00000,-1,,,,-1,-1,,,,-1,-1,,2026-04-17 01:12:50.875,2026-04-17 01:12:50.875
40256,4,1,2026-04-16 18:08:49.554,2026-04-16 17:00:00.000,,CS,Cheung Sha,長沙,true,true,true,41274,100,Final Water,Final Water,"",食水,8.42000,8,2.00000,2,,0.09000,0,2.00000,2,,1.02000,1,2.00000,2,,0.45000,0,2.00000,2,,,,-1.00000,-1,,,,-1,-1,,,,-1,-1,,2026-04-17 01:12:50.875,2026-04-17 01:12:50.875
40256,4,1,2026-04-16 18:08:49.554,2026-04-16 17:00:00.000,,CS,Cheung Sha,長沙,true,true,true,41272,20,Dosed Water,Dosed Water,"",投藥後水,6.82000,7,2.00000,2,,,,-1.00000,-1,,0.75000,1,2.00000,2,,,,-1.00000,-1,,,,-1.00000,-1,,,,-1,-1,,,,-1,-1,,2026-04-17 01:12:50.875,2026-04-17 01:12:50.875
40258,1,0,2026-04-16 20:14:08.388,2026-04-15 21:00:00.000,,SHW,Siu Ho Wan,小蠔灣,true,true,true,41283,20,Dosed Water,Dosed Water,"",投藥後水,6.86000,7,2.00000,2,,,,-1.00000,-1,,,,-1.00000,-1,,,,-1.00000,-1,,,,-1.00000,-1,,,,-1,-1,,,,-1,-1,,2026-04-17 01:12:50.875,2026-04-17 01:12:50.875
40258,1,0,2026-04-16 20:14:08.388,2026-04-15 21:00:00.000,,SHW,Siu Ho Wan,小蠔灣,true,true,true,41286,100,Final Water,Final Water,"",食水,8.17000,8,2.00000,2,,0.11000,0,2.00000,2,,1.13000,1,2.00000,1,,0.49000,0,2.00000,2,,,,-1.00000,-1,,,,-1,-1,,,,-1,-1,,2026-04-17 01:12:50.875,2026-04-17 01:12:50.875
40258,1,0,2026-04-16 20:14:08.388,2026-04-15 21:00:00.000,,SHW,Siu Ho Wan,小蠔灣,true,true,true,41284,33,Clarified Water (A & B),Clarified Water (A & B),"",澄清後水 (A & B),6.79000,7,2.00000,1,,0.30000,0,1.00000,2,,0.71000,1,2.00000,2,,,,-1.00000,-1,,,,-1.00000,-1,,,,-1,-1,,,,-1,-1,,2026-04-17 01:12:50.875,2026-04-17 01:12:50.875
40255,3,0,2026-04-16 13:07:38.242,2026-04-16 09:00:00.000,,RH,Red Hill,紅山,true,true,true,41266,0,Raw Water,Raw Water,"",原水,6.80000,7,1.00000,2,,1.25000,1,2.00000,2,,,,-1.00000,-1,,,,-1.00000,-1,,,,-1.00000,-1,,,,-1,-1,,,,-1,-1,,2026-04-17 01:12:50.875,2026-04-17 01:12:50.875
40257,5,1,2026-04-16 19:40:16.039,2026-04-16 10:00:00.000,,TO,Tai O,大澳,true,true,true,41277,20,Dosed Water,Dosed Water,"",投藥後水,6.50000,7,1.00000,2,,,,-1.00000,-1,,,,-1.00000,-1,,,,-1.00000,-1,,,,-1.00000,-1,,,,-1,-1,,,,-1,-1,,2026-04-17 01:12:50.875,2026-04-17 01:12:50.875
40268,5,2,2026-04-21 09:23:38.294,2026-04-17 10:00:00.000,,TO,Tai O,大澳,true,true,true,41336,42,Filtered Water (2),Filtered Water,"2",過濾後水 (2),,,-1.00000,-1,,0.15000,0,2.00000,2,,,,-1.00000,-1,,,,-1.00000,-1,,,,-1.00000,-1,,,,-1,-1,,,,-1,-1,,2026-04-22 01:11:01.839,2026-04-18 01:15:04.784
40265,4,2,2026-04-17 09:36:15.503,2026-04-17 09:00:00.000,,CS,Cheung Sha,長沙,true,true,true,41316,0,Raw Water,Raw Water,"",原水,6.94000,7,2.00000,2,,0.66000,1,2.00000,2,,,,-1.00000,-1,,,,-1.00000,-1,,,,-1.00000,-1,,,,-1,-1,,,,-1,-1,,2026-04-18 01:15:04.784,2026-04-18 01:15:04.784
40266,1,0,2026-04-17 10:29:12.556,2026-04-16 13:00:00.000,,SHW,Siu Ho Wan,小蠔灣,true,true,true,41322,33,Clarified Water (A & B),Clarified Water (A & B),"",澄清後水 (A & B),6.99000,7,2.00000,2,,0.42000,0,2.00000,2,,0.86000,0,2.00000,2,,,,-1.00000,-1,,,,-1.00000,-1,,,,-1,-1,,,,-1,-1,,2026-04-18 01:15:04.784,2026-04-18 01:15:04.784
40266,1,0,2026-04-17 10:29:12.556,2026-04-16 13:00:00.000,,SHW,Siu Ho Wan,小蠔灣,true,true,true,41320,0,Raw Water,Raw Water,"",原水,7.19000,7,2.00000,2,,0.73000,1,2.00000,2,,,,-1.00000,-1,,,,-1.00000,-1,,,,-1.00000,-1,,,,-1,-1,,,,-1,-1,,2026-04-18 01:15:04.784,2026-04-18 01:15:04.784
40262,3,2,2026-04-17 06:59:50.109,2026-04-17 01:00:00.000,,RH,Red Hill,紅山,true,true,true,41303,20,Dosed Water,Dosed Water,"",投藥後水,6.93000,7,2.00000,2,,,,-1.00000,-1,,0.87000,1,2.00000,2,,,,-1.00000,-1,,,,-1.00000,-1,,,,-1,-1,,,,-1,-1,,2026-04-18 01:15:04.784,2026-04-18 01:15:04.784
40263,4,1,2026-04-17 07:31:47.008,2026-04-17 01:00:00.000,,CS,Cheung Sha,長沙,true,true,true,41307,0,Raw Water,Raw Water,"",原水,7.03000,7,2.00000,2,,0.94300,1,3.00000,2,,,,-1.00000,-1,,,,-1.00000,-1,,,,-1.00000,-1,,,,-1,-1,,,,-1,-1,,2026-04-18 01:15:04.784,2026-04-18 01:15:04.784
40261,2,2,2026-04-17 06:23:24.542,2026-04-17 01:00:00.000,,SMB,Silver Mine Bay,銀鑛灣,true,true,true,41298,20,Dosed Water,Dosed Water,"",投藥後水,6.68000,7,2.00000,2,,,,-1.00000,-1,,,,-1.00000,-1,,,,-1.00000,-1,,,,-1.00000,-1,,,,-1,-1,,,,-1,-1,,2026-04-18 01:15:04.784,2026-04-18 01:15:04.784
40264,3,0,2026-04-17 09:05:19.792,2026-04-17 09:00:00.000,,RH,Red Hill,紅山,true,true,true,41311,0,Raw Water,Raw Water,"",原水,6.77000,7,2.00000,2,,1.37000,1,2.00000,2,,,,-1.00000,-1,,,,-1.00000,-1,,,,-1.00000,-1,,,,-1,-1,,,,-1,-1,,2026-04-18 01:15:04.784,2026-04-18 01:15:04.784
40264,3,0,2026-04-17 09:05:19.792,2026-04-17 09:00:00.000,,RH,Red Hill,紅山,true,true,true,41312,20,Dosed Water,Dosed Water,"",投藥後水,6.71000,7,2.00000,2,"",,,-1.00000,-1,,0.89000,1,2.00000,1,,,,-1.00000,-1,,,,-1.00000,-1,,,,-1,-1,,,,-1,-1,,2026-04-18 01:15:04.784,2026-04-18 01:15:04.784
40262,3,2,2026-04-17 06:59:50.109,2026-04-17 01:00:00.000,,RH,Red Hill,紅山,true,true,true,41305,45,Filtered Water (3-4),Filtered Water,"3-4",過濾後水 (3-4),,,-1.00000,-1,,0.09000,0,2.00000,2,,0.56000,0,2.00000,2,,,,-1.00000,-1,,,,-1.00000,-1,,,,-1,-1,,,,-1,-1,,2026-04-18 01:15:04.784,2026-04-18 01:15:04.784
40264,3,0,2026-04-17 09:05:19.792,2026-04-17 09:00:00.000,,RH,Red Hill,紅山,true,true,true,41314,45,Filtered Water (3-4),Filtered Water,"3-4",過濾後水 (3-4),,,-1.00000,-1,,0.08000,0,2.00000,2,,0.51000,0,2.00000,2,,,,-1.00000,-1,,,,-1.00000,-1,,,,-1,-1,,,,-1,-1,,2026-04-18 01:15:04.784,2026-04-18 01:15:04.784
40267,5,-1,2026-04-17 03:14:00.587,2026-04-17 10:00:00.000,,TO,Tai O,大澳,true,true,true,41326,2,Raw Water (Shek Pik),Raw Water,Shek Pik,原水 (Shek Pik),6.73000,7,2.00000,1,,1.35000,1,2.00000,2,,,,-1.00000,-1,,,,-1.00000,-1,,,,-1.00000,-1,,,,-1,-1,,,,-1,-1,,2026-04-18 01:15:04.784,2026-04-18 01:15:04.784
40268,5,2,2026-04-21 09:23:38.294,2026-04-17 10:00:00.000,,TO,Tai O,大澳,true,true,true,41332,1,Raw Water (Yi O),Raw Water,Yi O,原水 (Yi O),6.43000,7,2.00000,2,,0.90000,1,1.00000,2,,,,-1.00000,-1,,,,-1.00000,-1,,,,-1.00000,-1,,,,-1,-1,,,,-1,-1,,2026-04-22 01:11:01.839,2026-04-18 01:15:04.784
40286,5,2,2026-04-21 09:24:50.103,2026-04-18 22:00:00.000,,TO,Tai O,大澳,true,true,true,41428,42,Filtered Water (2),Filtered Water,"2",過濾後水 (2),,,-1.00000,-1,,0.16000,0,2.00000,1,,,,-1.00000,-1,,,,-1.00000,-1,,,,-1.00000,-1,,,,-1,-1,,,,-1,-1,,2026-04-22 01:11:01.839,2026-04-21 01:11:14.251
40287,5,2,2026-04-21 09:25:23.962,2026-04-19 10:00:00.000,,TO,Tai O,大澳,true,true,true,41434,41,Filtered Water (1),Filtered Water,"1",過濾後水 (1),,,-1.00000,-1,,0.17000,0,2.00000,1,,,,-1.00000,-1,,,,-1.00000,-1,,,,-1.00000,-1,,,,-1,-1,,,,-1,-1,,2026-04-22 01:11:01.839,2026-04-21 01:11:14.251
40283,2,1,2026-04-20 17:56:00.471,2026-04-20 00:00:00.000,,SMB,Silver Mine Bay,銀鑛灣,true,true,true,41410,40,Filtered Water,Filtered Water,"",過濾後水,,,-1.00000,-1,,0.11000,0,2.00000,2,,0.55000,1,2.00000,1,,,,-1.00000,-1,,,,-1.00000,-1,,,,-1,-1,,,,-1,-1,,2026-04-21 01:11:14.251,2026-04-21 01:11:14.251
40271,1,0,2026-04-20 14:32:44.773,2026-04-19 13:00:00.000,,SHW,Siu Ho Wan,小蠔灣,true,true,true,41352,40,Filtered Water,Filtered Water,"",過濾後水,,,-1.00000,-1,,0.11000,0,2.00000,2,"",0.70000,1,1.00000,2,,,,-1.00000,-1,,,,-1.00000,-1,,,,-1,-1,,,,-1,-1,,2026-04-21 01:11:14.251,2026-04-21 01:11:14.251
40292,4,2,2026-04-20 22:31:51.872,2026-04-18 09:00:00.000,,CS,Cheung Sha,長沙,true,true,true,41462,40,Filtered Water,Filtered Water,"",過濾後水,,,-1.00000,-1,,0.08700,0,3.00000,3,"",0.43000,0,2.00000,2,,,,-1.00000,-1,,,,-1.00000,-1,,,,-1,-1,,,,-1,-1,,2026-04-21 01:11:14.251,2026-04-21 01:11:14.251
40296,4,2,2026-04-20 22:37:18.876,2026-04-19 17:00:00.000,,CS,Cheung Sha,長沙,true,true,true,41478,40,Filtered Water,Filtered Water,"",過濾後水,,,-1.00000,-1,,0.07800,0,3.00000,3,,0.44000,0,2.00000,2,,,,-1.00000,-1,,,,-1.00000,-1,,,,-1,-1,,,,-1,-1,,2026-04-21 01:11:14.251,2026-04-21 01:11:14.251
40270,3,2,2026-04-20 11:50:24.005,2026-04-20 09:00:00.000,,RH,Red Hill,紅山,true,true,true,41346,44,Filtered Water (1-2),Filtered Water,"1-2",過濾後水 (1-2),,,-1.00000,-1,,0.08000,0,2.00000,1,,0.45000,0,2.00000,2,,,,-1.00000,-1,,,,-1.00000,-1,,,,-1,-1,,,,-1,-1,,2026-04-21 01:11:14.251,2026-04-21 01:11:14.251
40278,2,2,2026-04-20 17:54:45.706,2026-04-18 10:00:00.000,,SMB,Silver Mine Bay,銀鑛灣,true,true,true,41385,40,Filtered Water,Filtered Water,"",過濾後水,,,-1.00000,-1,,0.10000,0,1.00000,2,,0.62000,0,2.00000,2,,,,-1.00000,-1,,,,-1.00000,-1,,,,-1,-1,,,,-1,-1,,2026-04-21 01:11:14.251,2026-04-21 01:11:14.251
40297,4,2,2026-04-20 22:38:29.653,2026-04-20 01:00:00.000,,CS,Cheung Sha,長沙,true,true,true,41482,40,Filtered Water,Filtered Water,"",過濾後水,,,-1.00000,-1,,0.08400,0,3.00000,3,,0.47000,1,2.00000,1,,,,-1.00000,-1,,,,-1.00000,-1,,,,-1,-1,,,,-1,-1,,2026-04-22 01:11:01.839,2026-04-21 01:11:14.251
40284,2,1,2026-04-20 17:56:16.297,2026-04-20 09:30:00.000,,SMB,Silver Mine Bay,銀鑛灣,true,true,true,41414,30,Clarified Water,Clarified Water,"",澄清後水,6.91000,7,2.00000,1,,0.18000,0,2.00000,2,,6.87000,1,2.00000,2,,,,-1.00000,-1,,,,-1.00000,-1,,,,-1,-1,,,,-1,-1,,2026-04-21 01:11:14.251,2026-04-21 01:11:14.251
40277,2,1,2026-04-20 17:54:31.385,2026-04-18 01:30:00.000,,SMB,Silver Mine Bay,銀鑛灣,true,true,true,41379,30,Clarified Water,Clarified Water,"",澄清後水,6.88000,7,2.00000,2,,0.30000,0,1.00000,2,,0.86000,1,2.00000,1,,,,-1.00000,-1,,,,-1.00000,-1,,,,-1,-1,,,,-1,-1,,2026-04-21 01:11:14.251,2026-04-21 01:11:14.251
40275,2,2,2026-04-20 17:54:06.020,2026-04-17 08:00:00.000,,SMB,Silver Mine Bay,銀鑛灣,true,true,true,41369,30,Clarified Water,Clarified Water,"",澄清後水,6.91000,7,2.00000,2,,0.17000,0,2.00000,2,,0.95000,1,2.00000,2,,,,-1.00000,-1,,,,-1.00000,-1,,,,-1,-1,,,,-1,-1,,2026-04-21 01:11:14.251,2026-04-21 01:11:14.251
40286,5,2,2026-04-21 09:24:50.103,2026-04-18 22:00:00.000,,TO,Tai O,大澳,true,true,true,41429,43,Filtered Water (3),Filtered Water,"3",過濾後水 (3),,,-1.00000,-1,,0.16000,0,2.00000,2,,,,-1.00000,-1,,,,-1.00000,-1,,,,-1.00000,-1,,,,-1,-1,,,,-1,-1,,2026-04-22 01:11:01.839,2026-04-21 01:11:14.251
40287,5,2,2026-04-21 09:25:23.962,2026-04-19 10:00:00.000,,TO,Tai O,大澳,true,true,true,41433,20,Dosed Water,Dosed Water,"",投藥後水,6.49000,7,2.00000,2,,,,-1.00000,-1,,,,-1.00000,-1,,,,-1.00000,-1,,,,-1.00000,-1,,,,-1,-1,,,,-1,-1,,2026-04-22 01:11:01.839,2026-04-21 01:11:14.251
40239,4,1,2026-04-15 07:26:53.832,2026-04-15 01:00:00.000,,CS,Cheung Sha,長沙,true,true,true,41191,40,Filtered Water,Filtered Water,"",過濾後水,,,-1.00000,-1,,0.08500,0,3.00000,2,,0.46000,0,2.00000,2,,,,-1.00000,-1,,,,-1.00000,-1,,,,-1,-1,,,,-1,-1,,2026-04-16 01:10:57.024,2026-04-16 01:10:57.024
40244,3,1,2026-04-15 12:43:11.725,2026-04-15 09:00:00.000,,RH,Red Hill,紅山,true,true,true,41216,44,Filtered Water (1-2),Filtered Water,"1-2",過濾後水 (1-2),,,-1.00000,-1,,0.10000,0,1.00000,2,,0.46000,0,2.00000,2,,,,-1.00000,-1,,,,-1.00000,-1,,,,-1,-1,,,,-1,-1,,2026-04-16 01:10:57.024,2026-04-16 01:10:57.024
40247,2,1,2026-04-15 19:05:45.623,2026-04-15 17:30:00.000,,SMB,Silver Mine Bay,銀鑛灣,true,true,true,41231,40,Filtered Water,Filtered Water,"",過濾後水,,,-1.00000,-1,,0.08000,0,2.00000,1,,0.75000,1,2.00000,1,,,,-1.00000,-1,,,,-1.00000,-1,,,,-1,-1,,,,-1,-1,,2026-04-16 01:10:57.024,2026-04-16 01:10:57.024
40242,5,2,2026-04-15 20:04:36.916,2026-04-15 10:00:00.000,,TO,Tai O,大澳,true,true,true,41206,42,Filtered Water (2),Filtered Water,"2",過濾後水 (2),,,-1.00000,-1,,0.17000,0,2.00000,2,,,,-1.00000,-1,,,,-1.00000,-1,,,,-1.00000,-1,,,,-1,-1,,,,-1,-1,,2026-04-16 01:10:57.024,2026-04-16 01:10:57.024
40237,3,2,2026-04-15 02:07:38.797,2026-04-15 01:00:00.000,,RH,Red Hill,紅山,true,true,true,41182,45,Filtered Water (3-4),Filtered Water,"3-4",過濾後水 (3-4),,,-1.00000,-1,,0.10000,0,1.00000,2,,0.48000,0,2.00000,2,,,,-1.00000,-1,,,,-1.00000,-1,,,,-1,-1,,,,-1,-1,,2026-04-16 01:10:57.024,2026-04-16 01:10:57.024
40244,3,1,2026-04-15 12:43:11.725,2026-04-15 09:00:00.000,,RH,Red Hill,紅山,true,true,true,41217,45,Filtered Water (3-4),Filtered Water,"3-4",過濾後水 (3-4),,,-1.00000,-1,,0.10000,0,1.00000,2,,0.50000,0,1.00000,2,,,,-1.00000,-1,,,,-1.00000,-1,,,,-1,-1,,,,-1,-1,,2026-04-16 01:10:57.024,2026-04-16 01:10:57.024
40236,3,2,2026-04-15 02:04:00.763,2026-04-14 17:00:00.000,,RH,Red Hill,紅山,true,true,true,41177,45,Filtered Water (3-4),Filtered Water,"3-4",過濾後水 (3-4),,,-1.00000,-1,,0.10000,0,1.00000,2,,0.45000,0,2.00000,2,,,,-1.00000,-1,,,,-1.00000,-1,,,,-1,-1,,,,-1,-1,,2026-04-16 01:10:57.024,2026-04-16 01:10:57.024
40242,5,2,2026-04-15 20:04:36.916,2026-04-15 10:00:00.000,,TO,Tai O,大澳,true,true,true,41202,1,Raw Water (Yi O),Raw Water,Yi O,原水 (Yi O),6.45000,7,2.00000,1,,0.85000,1,2.00000,1,,,,-1.00000,-1,,,,-1.00000,-1,,,,-1.00000,-1,,,,-1,-1,,,,-1,-1,,2026-04-16 01:10:57.024,2026-04-16 01:10:57.024
40251,4,2,2026-04-16 07:17:37.034,2026-04-16 01:00:00.000,,CS,Cheung Sha,長沙,true,true,true,41250,40,Filtered Water,Filtered Water,"",過濾後水,,,-1.00000,-1,,0.07800,0,3.00000,2,,0.51000,1,2.00000,2,,,,-1.00000,-1,,,,-1.00000,-1,,,,-1,-1,,,,-1,-1,,2026-04-17 01:12:50.875,2026-04-17 01:12:50.875
40252,1,0,2026-04-16 09:21:11.301,2026-04-15 13:00:00.000,,SHW,Siu Ho Wan,小蠔灣,true,true,true,41254,33,Clarified Water (A & B),Clarified Water (A & B),"",澄清後水 (A & B),6.94000,7,2.00000,2,,0.37000,0,2.00000,2,,0.61000,1,2.00000,2,,,,-1.00000,-1,,,,-1.00000,-1,,,,-1,-1,,,,-1,-1,,2026-04-17 01:12:50.875,2026-04-17 01:12:50.875
40256,4,1,2026-04-16 18:08:49.554,2026-04-16 17:00:00.000,,CS,Cheung Sha,長沙,true,true,true,41271,0,Raw Water,Raw Water,"",原水,7.04000,7,2.00000,2,,0.94000,1,2.00000,2,,,,-1.00000,-1,,,,-1.00000,-1,,,,-1.00000,-1,,,,-1,-1,,,,-1,-1,,2026-04-17 01:12:50.875,2026-04-17 01:12:50.875
40250,2,1,2026-04-16 10:41:10.931,2026-04-16 01:00:00.000,,SMB,Silver Mine Bay,銀鑛灣,true,true,true,41243,0,Raw Water,Raw Water,"",原水,6.64000,7,2.00000,2,,0.52000,1,2.00000,2,,,,-1.00000,-1,,,,-1.00000,-1,,,,-1.00000,-1,,,,-1,-1,,,,-1,-1,,2026-04-17 01:12:50.875,2026-04-17 01:12:50.875
40259,3,2,2026-04-16 20:39:40.476,2026-04-16 17:00:00.000,,RH,Red Hill,紅山,true,true,true,41288,20,Dosed Water,Dosed Water,"",投藥後水,6.94000,7,2.00000,2,,,,-1.00000,-1,,0.92000,1,2.00000,2,,,,-1.00000,-1,,,,-1.00000,-1,,,,-1,-1,,,,-1,-1,,2026-04-17 01:12:50.875,2026-04-17 01:12:50.875
40260,2,2,2026-04-16 22:29:13.232,2026-04-16 21:00:00.000,,SMB,Silver Mine Bay,銀鑛灣,true,true,true,41292,0,Raw Water,Raw Water,"",原水,6.70000,7,1.00000,2,,0.58000,1,2.00000,2,,,,-1.00000,-1,,,,-1.00000,-1,,,,-1.00000,-1,,,,-1,-1,,,,-1,-1,,2026-04-18 01:15:04.784,2026-04-17 01:12:50.875
40259,3,2,2026-04-16 20:39:40.476,2026-04-16 17:00:00.000,,RH,Red Hill,紅山,true,true,true,41290,45,Filtered Water (3-4),Filtered Water,"3-4",過濾後水 (3-4),,,-1.00000,-1,,0.08000,0,2.00000,2,,0.46000,0,2.00000,2,,,,-1.00000,-1,,,,-1.00000,-1,,,,-1,-1,,,,-1,-1,,2026-04-17 01:12:50.875,2026-04-17 01:12:50.875
40261,2,2,2026-04-17 06:23:24.542,2026-04-17 01:00:00.000,,SMB,Silver Mine Bay,銀鑛灣,true,true,true,41299,30,Clarified Water,Clarified Water,"",澄清後水,6.93000,7,2.00000,2,,0.22000,0,2.00000,2,,0.94000,1,2.00000,0,,,,-1.00000,-1,,,,-1.00000,-1,,,,-1,-1,,,,-1,-1,,2026-04-18 01:15:04.784,2026-04-18 01:15:04.784
40267,5,-1,2026-04-17 03:14:00.587,2026-04-17 10:00:00.000,,TO,Tai O,大澳,true,true,true,41328,41,Filtered Water (1),Filtered Water,"1",過濾後水 (1),,,-1.00000,-1,,0.16000,0,2.00000,2,,,,-1.00000,-1,,,,-1.00000,-1,,,,-1.00000,-1,,,,-1,-1,,,,-1,-1,,2026-04-18 01:15:04.784,2026-04-18 01:15:04.784
40268,5,2,2026-04-21 09:23:38.294,2026-04-17 10:00:00.000,,TO,Tai O,大澳,true,true,true,41335,41,Filtered Water (1),Filtered Water,"1",過濾後水 (1),,,-1.00000,-1,,0.16000,0,2.00000,2,,,,-1.00000,-1,,,,-1.00000,-1,,,,-1.00000,-1,,,,-1,-1,,,,-1,-1,,2026-04-22 01:11:01.839,2026-04-18 01:15:04.784
40262,3,2,2026-04-17 06:59:50.109,2026-04-17 01:00:00.000,,RH,Red Hill,紅山,true,true,true,41304,44,Filtered Water (1-2),Filtered Water,"1-2",過濾後水 (1-2),,,-1.00000,-1,,0.09000,0,2.00000,1,,0.47000,0,2.00000,2,,,,-1.00000,-1,,,,-1.00000,-1,,,,-1,-1,,,,-1,-1,,2026-04-18 01:15:04.784,2026-04-18 01:15:04.784
40263,4,1,2026-04-17 07:31:47.008,2026-04-17 01:00:00.000,,CS,Cheung Sha,長沙,true,true,true,41309,40,Filtered Water,Filtered Water,"",過濾後水,,,-1.00000,-1,,0.08400,0,3.00000,2,,0.54000,1,2.00000,2,,,,-1.00000,-1,,,,-1.00000,-1,,,,-1,-1,,,,-1,-1,,2026-04-18 01:15:04.784,2026-04-18 01:15:04.784
40264,3,0,2026-04-17 09:05:19.792,2026-04-17 09:00:00.000,,RH,Red Hill,紅山,true,true,true,41313,44,Filtered Water (1-2),Filtered Water,"1-2",過濾後水 (1-2),,,-1.00000,-1,,0.08000,0,2.00000,1,,0.45000,0,2.00000,2,,,,-1.00000,-1,,,,-1.00000,-1,,,,-1,-1,,,,-1,-1,,2026-04-18 01:15:04.784,2026-04-18 01:15:04.784
40261,2,2,2026-04-17 06:23:24.542,2026-04-17 01:00:00.000,,SMB,Silver Mine Bay,銀鑛灣,true,true,true,41301,100,Final Water,Final Water,"",食水,8.68000,9,2.00000,1,,0.14000,0,2.00000,2,,1.10000,1,1.00000,2,,0.50000,1,1.00000,2,,,,-1.00000,-1,,,,-1,-1,,,,-1,-1,,2026-04-18 01:15:04.784,2026-04-18 01:15:04.784
40267,5,-1,2026-04-17 03:14:00.587,2026-04-17 10:00:00.000,,TO,Tai O,大澳,true,true,true,41331,100,Final Water,Final Water,"",食水,8.57000,9,2.00000,1,,0.15000,0,2.00000,2,,1.10000,1,1.00000,2,,0.49000,0,2.00000,2,,,,-1.00000,-1,,,,-1,-1,,,,-1,-1,,2026-04-18 01:15:04.784,2026-04-18 01:15:04.784
40268,5,2,2026-04-21 09:23:38.294,2026-04-17 10:00:00.000,,TO,Tai O,大澳,true,true,true,41338,100,Final Water,Final Water,"",食水,8.57000,9,2.00000,1,,0.15000,0,2.00000,2,,1.10000,1,1.00000,2,,0.49000,0,2.00000,2,,,,-1.00000,-1,,,,-1,-1,,,,-1,-1,,2026-04-22 01:11:01.839,2026-04-18 01:15:04.784
40269,1,0,2026-04-17 16:33:05.173,2026-04-16 21:00:00.000,,SHW,Siu Ho Wan,小蠔灣,true,true,true,41343,100,Final Water,Final Water,"",食水,0.14000,0,2.00000,2,,8.65000,9,2.00000,2,,1.08000,1,2.00000,2,,0.51000,1,2.00000,1,,,,-1.00000,-1,,,,-1,-1,,,,-1,-1,,2026-04-21 01:11:14.251,2026-04-18 01:15:04.784
40269,1,0,2026-04-17 16:33:05.173,2026-04-16 21:00:00.000,,SHW,Siu Ho Wan,小蠔灣,true,true,true,41341,33,Clarified Water (A & B),Clarified Water (A & B),"",澄清後水 (A & B),6.88000,7,2.00000,1,,0.35000,0,2.00000,2,,0.72000,0,2.00000,2,,,,-1.00000,-1,,,,-1.00000,-1,,,,-1,-1,,,,-1,-1,,2026-04-21 01:11:14.251,2026-04-18 01:15:04.784
40269,1,0,2026-04-17 16:33:05.173,2026-04-16 21:00:00.000,,SHW,Siu Ho Wan,小蠔灣,true,true,true,41339,0,Raw Water,Raw Water,"",原水,7.33000,7,2.00000,2,,1.08000,1,2.00000,2,,,,-1.00000,-1,,,,-1.00000,-1,,,,-1.00000,-1,,,,-1,-1,,,,-1,-1,,2026-04-21 01:11:14.251,2026-04-18 01:15:04.784
40262,3,2,2026-04-17 06:59:50.109,2026-04-17 01:00:00.000,,RH,Red Hill,紅山,true,true,true,41302,0,Raw Water,Raw Water,"",原水,7.03000,7,2.00000,2,,1.38000,1,2.00000,2,,,,-1.00000,-1,,,,-1.00000,-1,,,,-1.00000,-1,,,,-1,-1,,,,-1,-1,,2026-04-18 01:15:04.784,2026-04-18 01:15:04.784
40263,4,1,2026-04-17 07:31:47.008,2026-04-17 01:00:00.000,,CS,Cheung Sha,長沙,true,true,true,41308,20,Dosed Water,Dosed Water,"",投藥後水,6.80000,7,1.00000,2,,,,-1.00000,-1,,0.83000,1,2.00000,2,,,,-1.00000,-1,,,,-1.00000,-1,,,,-1,-1,,,,-1,-1,,2026-04-18 01:15:04.784,2026-04-18 01:15:04.784
40265,4,2,2026-04-17 09:36:15.503,2026-04-17 09:00:00.000,,CS,Cheung Sha,長沙,true,true,true,41317,20,Dosed Water,Dosed Water,"",投藥後水,6.74000,7,2.00000,2,,,,-1.00000,-1,,0.85000,1,2.00000,2,,,,-1.00000,-1,,,,-1.00000,-1,,,,-1,-1,,,,-1,-1,,2026-04-18 01:15:04.784,2026-04-18 01:15:04.784
40265,4,2,2026-04-17 09:36:15.503,2026-04-17 09:00:00.000,,CS,Cheung Sha,長沙,true,true,true,41319,100,Final Water,Final Water,"",食水,8.46000,8,2.00000,2,,0.08200,0,3.00000,3,,0.99000,1,2.00000,2,,0.49000,1,2.00000,2,,,,-1.00000,-1,,,,-1,-1,,,,-1,-1,,2026-04-18 01:15:04.784,2026-04-18 01:15:04.784
40267,5,-1,2026-04-17 03:14:00.587,2026-04-17 10:00:00.000,,TO,Tai O,大澳,true,true,true,41325,1,Raw Water (Yi O),Raw Water,Yi O,原水 (Yi O),6.43000,7,2.00000,2,"0.90",0.90000,1,1.00000,2,,,,-1.00000,-1,,,,-1.00000,-1,,,,-1.00000,-1,,,,-1,-1,,,,-1,-1,,2026-04-18 01:15:04.784,2026-04-18 01:15:04.784
40280,2,1,2026-04-20 17:55:18.707,2026-04-19 00:30:00.000,,SMB,Silver Mine Bay,銀鑛灣,true,true,true,41395,40,Filtered Water,Filtered Water,"",過濾後水,,,-1.00000,-1,,0.12000,0,2.00000,2,,0.60000,1,1.00000,2,,,,-1.00000,-1,,,,-1.00000,-1,,,,-1,-1,,,,-1,-1,,2026-04-21 01:11:14.251,2026-04-21 01:11:14.251
40291,4,2,2026-04-20 22:22:19.507,2026-04-18 01:00:00.000,,CS,Cheung Sha,長沙,true,true,true,41458,40,Filtered Water,Filtered Water,"",過濾後水,,,-1.00000,-1,,0.09300,0,3.00000,2,,0.47000,0,2.00000,2,,,,-1.00000,-1,,,,-1.00000,-1,,,,-1,-1,,,,-1,-1,,2026-04-21 01:11:14.251,2026-04-21 01:11:14.251
40279,2,1,2026-04-20 17:55:00.172,2026-04-18 16:30:00.000,,SMB,Silver Mine Bay,銀鑛灣,true,true,true,41390,40,Filtered Water,Filtered Water,"",過濾後水,,,-1.00000,-1,,0.10000,0,1.00000,2,,0.40000,0,1.00000,2,,,,-1.00000,-1,,,,-1.00000,-1,,,,-1,-1,,,,-1,-1,,2026-04-21 01:11:14.251,2026-04-21 01:11:14.251
40253,4,2,2026-04-16 09:34:18.780,2026-04-16 09:00:00.000,,CS,Cheung Sha,長沙,true,true,true,41260,100,Final Water,Final Water,"",食水,8.53000,9,2.00000,2,,0.08000,0,2.00000,3,,1.01000,1,2.00000,2,,0.49000,1,2.00000,2,,,,-1.00000,-1,,,,-1,-1,,,,-1,-1,,2026-04-17 01:12:50.875,2026-04-17 01:12:50.875
40261,2,2,2026-04-17 06:23:24.542,2026-04-17 01:00:00.000,,SMB,Silver Mine Bay,銀鑛灣,true,true,true,41300,40,Filtered Water,Filtered Water,"",過濾後水,,,-1.00000,-1,,0.09000,0,2.00000,2,,0.54000,1,2.00000,2,,,,-1.00000,-1,,,,-1.00000,-1,,,,-1,-1,,,,-1,-1,,2026-04-18 01:15:04.784,2026-04-18 01:15:04.784
40266,1,0,2026-04-17 10:29:12.556,2026-04-16 13:00:00.000,,SHW,Siu Ho Wan,小蠔灣,true,true,true,41324,100,Final Water,Final Water,"",食水,8.66000,9,2.00000,2,,0.23000,0,2.00000,2,,1.01000,1,2.00000,2,,0.51000,0,2.00000,2,,,,-1.00000,-1,,,,-1,-1,,,,-1,-1,,2026-04-18 01:15:04.784,2026-04-18 01:15:04.784
40266,1,0,2026-04-17 10:29:12.556,2026-04-16 13:00:00.000,,SHW,Siu Ho Wan,小蠔灣,true,true,true,41321,20,Dosed Water,Dosed Water,"",投藥後水,6.89000,7,2.00000,1,,,,-1.00000,-1,,,,-1.00000,-1,,,,-1.00000,-1,,,,-1.00000,-1,,,,-1,-1,,,,-1,-1,,2026-04-18 01:15:04.784,2026-04-18 01:15:04.784
40262,3,2,2026-04-17 06:59:50.109,2026-04-17 01:00:00.000,,RH,Red Hill,紅山,true,true,true,41306,100,Final Water,Final Water,"",食水,8.46000,9,2.00000,1,,0.11000,0,2.00000,2,,1.06000,1,2.00000,2,,0.51000,0,2.00000,2,,,,-1.00000,-1,,,,-1,-1,,,,-1,-1,,2026-04-18 01:15:04.784,2026-04-18 01:15:04.784
40263,4,1,2026-04-17 07:31:47.008,2026-04-17 01:00:00.000,,CS,Cheung Sha,長沙,true,true,true,41310,100,Final Water,Final Water,"",食水,8.48000,9,2.00000,2,,0.08900,0,3.00000,2,,1.01000,1,2.00000,2,,0.48000,0,2.00000,2,,,,-1.00000,-1,,,,-1,-1,,,,-1,-1,,2026-04-18 01:15:04.784,2026-04-18 01:15:04.784
40261,2,2,2026-04-17 06:23:24.542,2026-04-17 01:00:00.000,,SMB,Silver Mine Bay,銀鑛灣,true,true,true,41297,0,Raw Water,Raw Water,"",原水,6.69000,7,2.00000,2,,0.65000,1,2.00000,2,,,,-1.00000,-1,,,,-1.00000,-1,,,,-1.00000,-1,,,,-1,-1,,,,-1,-1,,2026-04-18 01:15:04.784,2026-04-18 01:15:04.784
40264,3,0,2026-04-17 09:05:19.792,2026-04-17 09:00:00.000,,RH,Red Hill,紅山,true,true,true,41315,100,Final Water,Final Water,"",食水,8.50000,9,1.00000,2,,0.09000,0,2.00000,2,,1.01000,1,2.00000,2,"",0.51000,0,2.00000,2,,,,-1.00000,-1,,,,-1,-1,,,,-1,-1,,2026-04-18 01:15:04.784,2026-04-18 01:15:04.784
40286,5,2,2026-04-21 09:24:50.103,2026-04-18 22:00:00.000,,TO,Tai O,大澳,true,true,true,41425,2,Raw Water (Shek Pik),Raw Water,Shek Pik,原水 (Shek Pik),6.76000,7,2.00000,1,,0.91000,1,2.00000,2,,,,-1.00000,-1,,,,-1.00000,-1,,,,-1.00000,-1,,,,-1,-1,,,,-1,-1,,2026-04-22 01:11:01.839,2026-04-21 01:11:14.251
40286,5,2,2026-04-21 09:24:50.103,2026-04-18 22:00:00.000,,TO,Tai O,大澳,true,true,true,41424,1,Raw Water (Yi O),Raw Water,Yi O,原水 (Yi O),0.00000,0,0.00000,0,,0.00000,0,0.00000,0,,,,-1.00000,-1,,,,-1.00000,-1,,,,-1.00000,-1,,,,-1,-1,,,,-1,-1,,2026-04-22 01:11:01.839,2026-04-21 01:11:14.251
40288,5,2,2026-04-22 14:57:16.402,2026-04-19 22:00:00.000,,TO,Tai O,大澳,true,true,true,41439,2,Raw Water (Shek Pik),Raw Water,Shek Pik,原水 (Shek Pik),6.90000,7,1.00000,2,,0.80000,1,1.00000,2,,,,-1.00000,-1,,,,-1.00000,-1,,,,-1.00000,-1,,,,-1,-1,,,,-1,-1,,2026-04-23 01:10:50.421,2026-04-21 01:11:14.251
40280,2,1,2026-04-20 17:55:18.707,2026-04-19 00:30:00.000,,SMB,Silver Mine Bay,銀鑛灣,true,true,true,41394,30,Clarified Water,Clarified Water,"",澄清後水,6.90000,7,1.00000,1,,0.17000,0,2.00000,2,,0.94000,1,2.00000,2,,,,-1.00000,-1,,,,-1.00000,-1,,,,-1,-1,,,,-1,-1,,2026-04-21 01:11:14.251,2026-04-21 01:11:14.251
40278,2,2,2026-04-20 17:54:45.706,2026-04-18 10:00:00.000,,SMB,Silver Mine Bay,銀鑛灣,true,true,true,41384,30,Clarified Water,Clarified Water,"",澄清後水,6.89000,7,2.00000,2,,0.44000,0,2.00000,2,,0.94000,1,2.00000,2,,,,-1.00000,-1,,,,-1.00000,-1,,,,-1,-1,,,,-1,-1,,2026-04-21 01:11:14.251,2026-04-21 01:11:14.251
40279,2,1,2026-04-20 17:55:00.172,2026-04-18 16:30:00.000,,SMB,Silver Mine Bay,銀鑛灣,true,true,true,41389,30,Clarified Water,Clarified Water,"",澄清後水,6.96000,7,2.00000,2,,0.17000,0,2.00000,2,,0.99000,1,2.00000,2,,,,-1.00000,-1,,,,-1.00000,-1,,,,-1,-1,,,,-1,-1,,2026-04-21 01:11:14.251,2026-04-21 01:11:14.251
40286,5,2,2026-04-21 09:24:50.103,2026-04-18 22:00:00.000,,TO,Tai O,大澳,true,true,true,41427,41,Filtered Water (1),Filtered Water,"1",過濾後水 (1),,,-1.00000,-1,,0.13000,0,2.00000,2,,,,-1.00000,-1,,,,-1.00000,-1,,,,-1.00000,-1,,,,-1,-1,,,,-1,-1,,2026-04-22 01:11:01.839,2026-04-21 01:11:14.251
40287,5,2,2026-04-21 09:25:23.962,2026-04-19 10:00:00.000,,TO,Tai O,大澳,true,true,true,41435,42,Filtered Water (2),Filtered Water,"2",過濾後水 (2),,,-1.00000,-1,,0.17000,0,2.00000,2,,,,-1.00000,-1,,,,-1.00000,-1,,,,-1.00000,-1,,,,-1,-1,,,,-1,-1,,2026-04-22 01:11:01.839,2026-04-21 01:11:14.251
40293,4,2,2026-04-20 22:32:09.886,2026-04-18 17:00:00.000,,CS,Cheung Sha,長沙,true,true,true,41466,40,Filtered Water,Filtered Water,"",過濾後水,,,-1.00000,-1,,0.07900,0,3.00000,3,,0.46000,0,2.00000,2,,,,-1.00000,-1,,,,-1.00000,-1,,,,-1,-1,,,,-1,-1,,2026-04-21 01:11:14.251,2026-04-21 01:11:14.251
40284,2,1,2026-04-20 17:56:16.297,2026-04-20 09:30:00.000,,SMB,Silver Mine Bay,銀鑛灣,true,true,true,41415,40,Filtered Water,Filtered Water,"",過濾後水,,,-1.00000,-1,,0.12000,0,2.00000,2,,0.56000,0,2.00000,2,,,,-1.00000,-1,,,,-1.00000,-1,,,,-1,-1,,,,-1,-1,,2026-04-21 01:11:14.251,2026-04-21 01:11:14.251
40272,4,2,2026-04-20 15:25:53.427,2026-04-20 09:00:00.000,,CS,Cheung Sha,長沙,true,true,true,41356,40,Filtered Water,Filtered Water,"",過濾後水,,,-1.00000,-1,,0.08700,0,3.00000,2,,0.48000,0,2.00000,2,,,,-1.00000,-1,,,,-1.00000,-1,,,,-1,-1,,,,-1,-1,,2026-04-21 01:11:14.251,2026-04-21 01:11:14.251
40277,2,1,2026-04-20 17:54:31.385,2026-04-18 01:30:00.000,,SMB,Silver Mine Bay,銀鑛灣,true,true,true,41380,40,Filtered Water,Filtered Water,"",過濾後水,,,-1.00000,-1,,0.14000,0,2.00000,2,,0.55000,0,2.00000,2,,,,-1.00000,-1,,,,-1.00000,-1,,,,-1,-1,,,,-1,-1,,2026-04-21 01:11:14.251,2026-04-21 01:11:14.251
40285,5,2,2026-04-22 14:57:44.045,2026-04-18 10:00:00.000,,TO,Tai O,大澳,true,true,true,41421,42,Filtered Water (2),Filtered Water,"2",過濾後水 (2),,,-1.00000,-1,,0.16000,0,2.00000,2,,,,-1.00000,-1,,,,-1.00000,-1,,,,-1.00000,-1,,,,-1,-1,,,,-1,-1,,2026-04-23 01:10:50.421,2026-04-21 01:11:14.251
40289,5,2,2026-04-21 09:26:31.585,2026-04-20 10:00:00.000,,TO,Tai O,大澳,true,true,true,41449,42,Filtered Water (2),Filtered Water,"2",過濾後水 (2),,,-1.00000,-1,,0.18000,0,2.00000,2,,,,-1.00000,-1,,,,-1.00000,-1,,,,-1.00000,-1,,,,-1,-1,,,,-1,-1,,2026-04-22 01:11:01.839,2026-04-21 01:11:14.251
40288,5,2,2026-04-22 14:57:16.402,2026-04-19 22:00:00.000,,TO,Tai O,大澳,true,true,true,41442,42,Filtered Water (2),Filtered Water,"2",過濾後水 (2),,,-1.00000,-1,,0.17000,0,2.00000,2,,,,-1.00000,-1,,,,-1.00000,-1,,,,-1.00000,-1,,,,-1,-1,,,,-1,-1,,2026-04-23 01:10:50.421,2026-04-21 01:11:14.251
40283,2,1,2026-04-20 17:56:00.471,2026-04-20 00:00:00.000,,SMB,Silver Mine Bay,銀鑛灣,true,true,true,41407,0,Raw Water,Raw Water,"",原水,6.69000,7,2.00000,2,,0.53000,1,2.00000,2,,,,-1.00000,-1,,,,-1.00000,-1,,,,-1.00000,-1,,,,-1,-1,,,,-1,-1,,2026-04-21 01:11:14.251,2026-04-21 01:11:14.251
40284,2,1,2026-04-20 17:56:16.297,2026-04-20 09:30:00.000,,SMB,Silver Mine Bay,銀鑛灣,true,true,true,41412,0,Raw Water,Raw Water,"",原水,6.68000,7,2.00000,2,,0.45000,1,2.00000,1,,,,-1.00000,-1,,,,-1.00000,-1,,,,-1.00000,-1,,,,-1,-1,,,,-1,-1,,2026-04-21 01:11:14.251,2026-04-21 01:11:14.251
40292,4,2,2026-04-20 22:31:51.872,2026-04-18 09:00:00.000,,CS,Cheung Sha,長沙,true,true,true,41460,0,Raw Water,Raw Water,"",原水,6.94000,7,2.00000,2,,1.17000,1,2.00000,2,,,,-1.00000,-1,,,,-1.00000,-1,,,,-1.00000,-1,,,,-1,-1,,,,-1,-1,,2026-04-21 01:11:14.251,2026-04-21 01:11:14.251
40292,4,2,2026-04-20 22:31:51.872,2026-04-18 09:00:00.000,,CS,Cheung Sha,長沙,true,true,true,41461,20,Dosed Water,Dosed Water,"",投藥後水,6.72000,7,2.00000,2,,,,-1.00000,-1,,0.80000,1,1.00000,2,,,,-1.00000,-1,,,,-1.00000,-1,,,,-1,-1,,,,-1,-1,,2026-04-21 01:11:14.251,2026-04-21 01:11:14.251
40272,4,2,2026-04-20 15:25:53.427,2026-04-20 09:00:00.000,,CS,Cheung Sha,長沙,true,true,true,41355,20,Dosed Water,Dosed Water,"",投藥後水,6.67000,7,2.00000,2,,,,-1.00000,-1,,0.82000,1,2.00000,1,,,,-1.00000,-1,,,,-1.00000,-1,,,,-1,-1,,,,-1,-1,,2026-04-21 01:11:14.251,2026-04-21 01:11:14.251
40277,2,1,2026-04-20 17:54:31.385,2026-04-18 01:30:00.000,,SMB,Silver Mine Bay,銀鑛灣,true,true,true,41381,100,Final Water,Final Water,"",食水,8.59000,9,2.00000,2,,0.14000,0,2.00000,2,,0.93000,1,2.00000,2,,0.45000,0,2.00000,2,,,,-1.00000,-1,,,,-1,-1,,,,-1,-1,,2026-04-21 01:11:14.251,2026-04-21 01:11:14.251
40291,4,2,2026-04-20 22:22:19.507,2026-04-18 01:00:00.000,,CS,Cheung Sha,長沙,true,true,true,41459,100,Final Water,Final Water,"",食水,8.65000,9,2.00000,2,,0.09000,0,2.00000,2,,1.02000,1,2.00000,2,,0.49000,1,2.00000,2,,,,-1.00000,-1,,,,-1,-1,,,,-1,-1,,2026-04-21 01:11:14.251,2026-04-21 01:11:14.251
40296,4,2,2026-04-20 22:37:18.876,2026-04-19 17:00:00.000,,CS,Cheung Sha,長沙,true,true,true,41477,20,Dosed Water,Dosed Water,"",投藥後水,6.75000,7,2.00000,2,,,,-1.00000,-1,,0.83000,1,2.00000,2,,,,-1.00000,-1,,,,-1.00000,-1,,,,-1,-1,,,,-1,-1,,2026-04-21 01:11:14.251,2026-04-21 01:11:14.251
40296,4,2,2026-04-20 22:37:18.876,2026-04-19 17:00:00.000,,CS,Cheung Sha,長沙,true,true,true,41476,0,Raw Water,Raw Water,"",原水,6.92000,7,2.00000,2,,0.70300,1,3.00000,3,,,,-1.00000,-1,,,,-1.00000,-1,,,,-1.00000,-1,,,,-1,-1,,,,-1,-1,,2026-04-21 01:11:14.251,2026-04-21 01:11:14.251
40270,3,2,2026-04-20 11:50:24.005,2026-04-20 09:00:00.000,,RH,Red Hill,紅山,true,true,true,41345,20,Dosed Water,Dosed Water,"",投藥後水,6.73000,7,2.00000,2,,,,-1.00000,-1,,0.86000,1,2.00000,2,,,,-1.00000,-1,,,,-1.00000,-1,,,,-1,-1,,,,-1,-1,,2026-04-21 01:11:14.251,2026-04-21 01:11:14.251
40270,3,2,2026-04-20 11:50:24.005,2026-04-20 09:00:00.000,,RH,Red Hill,紅山,true,true,true,41344,0,Raw Water,Raw Water,"",原水,6.82000,7,2.00000,2,,1.63000,2,2.00000,2,,,,-1.00000,-1,,,,-1.00000,-1,,,,-1.00000,-1,,,,-1,-1,,,,-1,-1,,2026-04-21 01:11:14.251,2026-04-21 01:11:14.251
40285,5,2,2026-04-22 14:57:44.045,2026-04-18 10:00:00.000,,TO,Tai O,大澳,true,true,true,41422,43,Filtered Water (3),Filtered Water,"3",過濾後水 (3),,,-1.00000,-1,,0.17000,0,2.00000,2,,,,-1.00000,-1,,,,-1.00000,-1,,,,-1.00000,-1,,,,-1,-1,,,,-1,-1,,2026-04-23 01:10:50.421,2026-04-21 01:11:14.251
40239,4,1,2026-04-15 07:26:53.832,2026-04-15 01:00:00.000,,CS,Cheung Sha,長沙,true,true,true,41190,20,Dosed Water,Dosed Water,"",投藥後水,6.77000,7,2.00000,2,,,,-1.00000,-1,,0.80000,1,1.00000,2,,,,-1.00000,-1,,,,-1.00000,-1,,,,-1,-1,,,,-1,-1,,2026-04-16 01:10:57.024,2026-04-16 01:10:57.024
40241,4,2,2026-04-15 09:36:11.118,2026-04-15 09:00:00.000,,CS,Cheung Sha,長沙,true,true,true,41198,0,Raw Water,Raw Water,"",原水,6.99000,7,2.00000,2,,0.76000,1,2.00000,2,,,,-1.00000,-1,,,,-1.00000,-1,,,,-1.00000,-1,,,,-1,-1,,,,-1,-1,,2026-04-16 01:10:57.024,2026-04-16 01:10:57.024
40248,1,0,2026-04-15 20:17:19.908,2026-04-14 21:00:00.000,,SHW,Siu Ho Wan,小蠔灣,true,true,true,41234,20,Dosed Water,Dosed Water,"",投藥後水,6.95000,7,2.00000,1,,,,-1.00000,-1,,,,-1.00000,-1,,,,-1.00000,-1,,,,-1.00000,-1,,,,-1,-1,,,,-1,-1,,2026-04-17 01:12:50.875,2026-04-16 01:10:57.024
40248,1,0,2026-04-15 20:17:19.908,2026-04-14 21:00:00.000,,SHW,Siu Ho Wan,小蠔灣,true,true,true,41235,33,Clarified Water (A & B),Clarified Water (A & B),"",澄清後水 (A & B),7.02000,7,2.00000,2,,0.57000,0,2.00000,2,,0.73000,0,2.00000,2,,,,-1.00000,-1,,,,-1.00000,-1,,,,-1,-1,,,,-1,-1,,2026-04-17 01:12:50.875,2026-04-16 01:10:57.024
40246,4,2,2026-04-15 17:31:37.484,2026-04-15 17:00:00.000,,CS,Cheung Sha,長沙,true,true,true,41227,100,Final Water,Final Water,"",食水,8.40000,9,1.00000,2,,0.08300,0,3.00000,3,,1.00000,1,0.00000,2,,0.50400,0,3.00000,2,,,,-1.00000,-1,,,,-1,-1,,,,-1,-1,,2026-04-16 01:10:57.024,2026-04-16 01:10:57.024
40243,3,-1,2026-04-15 04:35:50.750,2026-04-15 09:00:00.000,,RH,Red Hill,紅山,true,true,true,41209,0,Raw Water,Raw Water,"",原水,6.71000,7,2.00000,2,,1.37000,2,2.00000,2,,,,-1.00000,-1,,,,-1.00000,-1,,,,-1.00000,-1,,,,-1,-1,,,,-1,-1,,2026-04-16 01:10:57.024,2026-04-16 01:10:57.024
40240,1,0,2026-04-15 09:11:12.929,2026-04-14 13:00:00.000,,SHW,Siu Ho Wan,小蠔灣,true,true,true,41193,0,Raw Water,Raw Water,"",原水,7.34000,7,2.00000,2,,0.79000,1,2.00000,2,,,,-1.00000,-1,,,,-1.00000,-1,,,,-1.00000,-1,,,,-1,-1,,,,-1,-1,,2026-04-16 01:10:57.024,2026-04-16 01:10:57.024
40236,3,2,2026-04-15 02:04:00.763,2026-04-14 17:00:00.000,,RH,Red Hill,紅山,true,true,true,41175,20,Dosed Water,Dosed Water,"",投藥後水,6.88000,7,2.00000,1,"",,,-1.00000,-1,,0.86000,1,2.00000,1,,,,-1.00000,-1,,,,-1.00000,-1,,,,-1,-1,,,,-1,-1,,2026-04-16 01:10:57.024,2026-04-16 01:10:57.024
40242,5,2,2026-04-15 20:04:36.916,2026-04-15 10:00:00.000,,TO,Tai O,大澳,true,true,true,41204,20,Dosed Water,Dosed Water,"",投藥後水,6.51000,7,2.00000,1,,,,-1.00000,-1,,,,-1.00000,-1,,,,-1.00000,-1,,,,-1.00000,-1,,,,-1,-1,,,,-1,-1,,2026-04-16 01:10:57.024,2026-04-16 01:10:57.024
40250,2,1,2026-04-16 10:41:10.931,2026-04-16 01:00:00.000,,SMB,Silver Mine Bay,銀鑛灣,true,true,true,41246,40,Filtered Water,Filtered Water,"",過濾後水,,,-1.00000,-1,,0.09000,0,2.00000,2,,0.60000,1,1.00000,2,,,,-1.00000,-1,,,,-1.00000,-1,,,,-1,-1,,,,-1,-1,,2026-04-17 01:12:50.875,2026-04-17 01:12:50.875
40252,1,0,2026-04-16 09:21:11.301,2026-04-15 13:00:00.000,,SHW,Siu Ho Wan,小蠔灣,true,true,true,41255,40,Filtered Water,Filtered Water,"",過濾後水,,,-1.00000,-1,,0.10000,0,1.00000,2,,0.38000,0,2.00000,2,,,,-1.00000,-1,,,,-1.00000,-1,,,,-1,-1,,,,-1,-1,,2026-04-17 01:12:50.875,2026-04-17 01:12:50.875
40255,3,0,2026-04-16 13:07:38.242,2026-04-16 09:00:00.000,,RH,Red Hill,紅山,true,true,true,41268,44,Filtered Water (1-2),Filtered Water,"1-2",過濾後水 (1-2),,,-1.00000,-1,,0.09000,0,2.00000,2,,0.47000,0,2.00000,3,,,,-1.00000,-1,,,,-1.00000,-1,,,,-1,-1,,,,-1,-1,,2026-04-17 01:12:50.875,2026-04-17 01:12:50.875
40249,3,2,2026-04-16 02:12:26.888,2026-04-16 01:00:00.000,,RH,Red Hill,紅山,true,true,true,41241,45,Filtered Water (3-4),Filtered Water,"3-4",過濾後水 (3-4),,,-1.00000,-1,,0.11000,0,2.00000,2,,0.55000,1,2.00000,2,,,,-1.00000,-1,,,,-1.00000,-1,,,,-1,-1,,,,-1,-1,,2026-04-17 01:12:50.875,2026-04-17 01:12:50.875
40255,3,0,2026-04-16 13:07:38.242,2026-04-16 09:00:00.000,,RH,Red Hill,紅山,true,true,true,41269,45,Filtered Water (3-4),Filtered Water,"3-4",過濾後水 (3-4),,,-1.00000,-1,,0.07000,0,2.00000,2,,0.50000,0,1.00000,2,,,,-1.00000,-1,,,,-1.00000,-1,,,,-1,-1,,,,-1,-1,,2026-04-17 01:12:50.875,2026-04-17 01:12:50.875
40257,5,1,2026-04-16 19:40:16.039,2026-04-16 10:00:00.000,,TO,Tai O,大澳,true,true,true,41276,2,Raw Water (Shek Pik),Raw Water,Shek Pik,原水 (Shek Pik),6.75000,7,2.00000,2,,1.11000,1,2.00000,2,,,,-1.00000,-1,,,,-1.00000,-1,,,,-1.00000,-1,,,,-1,-1,,,,-1,-1,,2026-04-17 01:12:50.875,2026-04-17 01:12:50.875
40257,5,1,2026-04-16 19:40:16.039,2026-04-16 10:00:00.000,,TO,Tai O,大澳,true,true,true,41275,1,Raw Water (Yi O),Raw Water,Yi O,原水 (Yi O),6.46000,7,2.00000,2,,1.04000,1,2.00000,2,,,,-1.00000,-1,,,,-1.00000,-1,,,,-1.00000,-1,,,,-1,-1,,,,-1,-1,,2026-04-17 01:12:50.875,2026-04-17 01:12:50.875
40250,2,1,2026-04-16 10:41:10.931,2026-04-16 01:00:00.000,,SMB,Silver Mine Bay,銀鑛灣,true,true,true,41247,100,Final Water,Final Water,"",食水,8.64000,9,2.00000,2,,0.14000,0,2.00000,2,,1.07000,1,2.00000,1,,0.49000,0,2.00000,2,,,,-1.00000,-1,,,,-1,-1,,,,-1,-1,,2026-04-17 01:12:50.875,2026-04-17 01:12:50.875
40259,3,2,2026-04-16 20:39:40.476,2026-04-16 17:00:00.000,,RH,Red Hill,紅山,true,true,true,41291,100,Final Water,Final Water,"",食水,8.52000,9,2.00000,2,,0.10000,0,1.00000,2,,1.00000,1,0.00000,2,,0.46000,0,2.00000,2,,,,-1.00000,-1,,,,-1,-1,,,,-1,-1,,2026-04-17 01:12:50.875,2026-04-17 01:12:50.875
40258,1,0,2026-04-16 20:14:08.388,2026-04-15 21:00:00.000,,SHW,Siu Ho Wan,小蠔灣,true,true,true,41282,0,Raw Water,Raw Water,"",原水,7.29000,7,2.00000,2,,0.82000,1,2.00000,1,,,,-1.00000,-1,,,,-1.00000,-1,,,,-1.00000,-1,,,,-1,-1,,,,-1,-1,,2026-04-17 01:12:50.875,2026-04-17 01:12:50.875
40255,3,0,2026-04-16 13:07:38.242,2026-04-16 09:00:00.000,,RH,Red Hill,紅山,true,true,true,41270,100,Final Water,Final Water,"",食水,8.47000,9,2.00000,2,,0.08000,0,2.00000,2,,1.08000,1,2.00000,2,,0.51000,1,2.00000,2,,,,-1.00000,-1,,,,-1,-1,,,,-1,-1,,2026-04-17 01:12:50.875,2026-04-17 01:12:50.875
40255,3,0,2026-04-16 13:07:38.242,2026-04-16 09:00:00.000,,RH,Red Hill,紅山,true,true,true,41267,20,Dosed Water,Dosed Water,"",投藥後水,6.71000,7,2.00000,2,,,,-1.00000,-1,,0.88000,1,2.00000,2,,,,-1.00000,-1,,,,-1.00000,-1,,,,-1,-1,,,,-1,-1,,2026-04-17 01:12:50.875,2026-04-17 01:12:50.875
40253,4,2,2026-04-16 09:34:18.780,2026-04-16 09:00:00.000,,CS,Cheung Sha,長沙,true,true,true,41258,20,Dosed Water,Dosed Water,"",投藥後水,6.76000,7,2.00000,2,,,,-1.00000,-1,,0.91000,1,2.00000,2,,,,-1.00000,-1,,,,-1.00000,-1,,,,-1,-1,,,,-1,-1,,2026-04-17 01:12:50.875,2026-04-17 01:12:50.875
40260,2,2,2026-04-16 22:29:13.232,2026-04-16 21:00:00.000,,SMB,Silver Mine Bay,銀鑛灣,true,true,true,41296,100,Final Water,Final Water,"",食水,8.56000,8,2.00000,2,,0.13000,0,2.00000,2,,1.05000,1,2.00000,2,,0.49000,0,2.00000,2,,,,-1.00000,-1,,,,-1,-1,,,,-1,-1,,2026-04-18 01:15:04.784,2026-04-17 01:12:50.875
40260,2,2,2026-04-16 22:29:13.232,2026-04-16 21:00:00.000,,SMB,Silver Mine Bay,銀鑛灣,true,true,true,41293,20,Dosed Water,Dosed Water,"",投藥後水,6.65000,7,2.00000,2,,,,-1.00000,-1,,,,-1.00000,-1,,,,-1.00000,-1,,,,-1.00000,-1,,,,-1,-1,,,,-1,-1,,2026-04-18 01:15:04.784,2026-04-17 01:12:50.875
40268,5,2,2026-04-21 09:23:38.294,2026-04-17 10:00:00.000,,TO,Tai O,大澳,true,true,true,41333,2,Raw Water (Shek Pik),Raw Water,Shek Pik,原水 (Shek Pik),6.73000,7,2.00000,1,,1.35000,1,2.00000,2,,,,-1.00000,-1,,,,-1.00000,-1,,,,-1.00000,-1,,,,-1,-1,,,,-1,-1,,2026-04-22 01:11:01.839,2026-04-18 01:15:04.784
40267,5,-1,2026-04-17 03:14:00.587,2026-04-17 10:00:00.000,,TO,Tai O,大澳,true,true,true,41327,20,Dosed Water,Dosed Water,"",投藥後水,6.49000,7,2.00000,2,,,,-1.00000,-1,,,,-1.00000,-1,,,,-1.00000,-1,,,,-1.00000,-1,,,,-1,-1,,,,-1,-1,,2026-04-18 01:15:04.784,2026-04-18 01:15:04.784
40267,5,-1,2026-04-17 03:14:00.587,2026-04-17 10:00:00.000,,TO,Tai O,大澳,true,true,true,41330,43,Filtered Water (3),Filtered Water,"3",過濾後水 (3),,,-1.00000,-1,,0.18000,0,2.00000,2,,,,-1.00000,-1,,,,-1.00000,-1,,,,-1.00000,-1,,,,-1,-1,,,,-1,-1,,2026-04-18 01:15:04.784,2026-04-18 01:15:04.784
40268,5,2,2026-04-21 09:23:38.294,2026-04-17 10:00:00.000,,TO,Tai O,大澳,true,true,true,41334,20,Dosed Water,Dosed Water,"",投藥後水,6.49000,7,2.00000,2,,,,-1.00000,-1,,,,-1.00000,-1,,,,-1.00000,-1,,,,-1.00000,-1,,,,-1,-1,,,,-1,-1,,2026-04-22 01:11:01.839,2026-04-18 01:15:04.784
40268,5,2,2026-04-21 09:23:38.294,2026-04-17 10:00:00.000,,TO,Tai O,大澳,true,true,true,41337,43,Filtered Water (3),Filtered Water,"3",過濾後水 (3),,,-1.00000,-1,,0.18000,0,2.00000,2,,,,-1.00000,-1,,,,-1.00000,-1,,,,-1.00000,-1,,,,-1,-1,,,,-1,-1,,2026-04-22 01:11:01.839,2026-04-18 01:15:04.784
40269,1,0,2026-04-17 16:33:05.173,2026-04-16 21:00:00.000,,SHW,Siu Ho Wan,小蠔灣,true,true,true,41340,20,Dosed Water,Dosed Water,"",投藥後水,6.82000,7,2.00000,2,,,,-1.00000,-1,,,,-1.00000,-1,,,,-1.00000,-1,,,,-1.00000,-1,,,,-1,-1,,,,-1,-1,,2026-04-21 01:11:14.251,2026-04-18 01:15:04.784
40267,5,-1,2026-04-17 03:14:00.587,2026-04-17 10:00:00.000,,TO,Tai O,大澳,true,true,true,41329,42,Filtered Water (2),Filtered Water,"2",過濾後水 (2),,,-1.00000,-1,,0.15000,0,2.00000,2,,,,-1.00000,-1,,,,-1.00000,-1,,,,-1.00000,-1,,,,-1,-1,,,,-1,-1,,2026-04-18 01:15:04.784,2026-04-18 01:15:04.784
40269,1,0,2026-04-17 16:33:05.173,2026-04-16 21:00:00.000,,SHW,Siu Ho Wan,小蠔灣,true,true,true,41342,40,Filtered Water,Filtered Water,"",過濾後水,,,-1.00000,-1,,0.11000,0,2.00000,2,,0.50000,1,1.00000,2,,,,-1.00000,-1,,,,-1.00000,-1,,,,-1,-1,,,,-1,-1,,2026-04-21 01:11:14.251,2026-04-18 01:15:04.784
40265,4,2,2026-04-17 09:36:15.503,2026-04-17 09:00:00.000,,CS,Cheung Sha,長沙,true,true,true,41318,40,Filtered Water,Filtered Water,"",過濾後水,,,-1.00000,-1,,0.09300,0,3.00000,3,,0.44000,0,2.00000,2,,,,-1.00000,-1,,,,-1.00000,-1,,,,-1,-1,,,,-1,-1,,2026-04-18 01:15:04.784,2026-04-18 01:15:04.784
40266,1,0,2026-04-17 10:29:12.556,2026-04-16 13:00:00.000,,SHW,Siu Ho Wan,小蠔灣,true,true,true,41323,40,Filtered Water,Filtered Water,"",過濾後水,,,-1.00000,-1,,0.12000,0,2.00000,2,,0.91000,1,2.00000,2,,,,-1.00000,-1,,,,-1.00000,-1,,,,-1,-1,,,,-1,-1,,2026-04-18 01:15:04.784,2026-04-18 01:15:04.784
40287,5,2,2026-04-21 09:25:23.962,2026-04-19 10:00:00.000,,TO,Tai O,大澳,true,true,true,41437,100,Final Water,Final Water,"",食水,8.50000,9,1.00000,2,,0.15000,0,2.00000,2,,0.99000,1,2.00000,2,,0.46000,0,2.00000,2,,,,-1.00000,-1,,,,-1,-1,,,,-1,-1,,2026-04-22 01:11:01.839,2026-04-21 01:11:14.251
40293,4,2,2026-04-20 22:32:09.886,2026-04-18 17:00:00.000,,CS,Cheung Sha,長沙,true,true,true,41467,100,Final Water,Final Water,"",食水,8.58000,9,2.00000,2,,0.07400,0,3.00000,2,,0.94000,1,2.00000,2,,0.49000,1,2.00000,2,,,,-1.00000,-1,,,,-1,-1,,,,-1,-1,,2026-04-21 01:11:14.251,2026-04-21 01:11:14.251
40295,4,2,2026-04-20 22:35:51.397,2026-04-19 09:00:00.000,,CS,Cheung Sha,長沙,true,true,true,41475,100,Final Water,Final Water,"",食水,8.54000,9,2.00000,2,,0.07800,0,3.00000,3,,1.00000,1,0.00000,2,,0.49000,1,2.00000,2,,,,-1.00000,-1,,,,-1,-1,,,,-1,-1,,2026-04-21 01:11:14.251,2026-04-21 01:11:14.251
40295,4,2,2026-04-20 22:35:51.397,2026-04-19 09:00:00.000,,CS,Cheung Sha,長沙,true,true,true,41472,0,Raw Water,Raw Water,"",原水,6.93000,7,2.00000,2,,0.72200,1,3.00000,3,,,,-1.00000,-1,,,,-1.00000,-1,,,,-1.00000,-1,,,,-1,-1,,,,-1,-1,,2026-04-21 01:11:14.251,2026-04-21 01:11:14.251
40283,2,1,2026-04-20 17:56:00.471,2026-04-20 00:00:00.000,,SMB,Silver Mine Bay,銀鑛灣,true,true,true,41408,20,Dosed Water,Dosed Water,"",投藥後水,6.72000,7,2.00000,2,,,,-1.00000,-1,,,,-1.00000,-1,,,,-1.00000,-1,,,,-1.00000,-1,,,,-1,-1,,,,-1,-1,,2026-04-21 01:11:14.251,2026-04-21 01:11:14.251
40294,4,2,2026-04-20 22:33:54.472,2026-04-19 01:00:00.000,,CS,Cheung Sha,長沙,true,true,true,41469,20,Dosed Water,Dosed Water,"",投藥後水,6.77000,7,2.00000,2,,,,-1.00000,-1,,0.89000,1,2.00000,2,,,,-1.00000,-1,,,,-1.00000,-1,,,,-1,-1,,,,-1,-1,,2026-04-21 01:11:14.251,2026-04-21 01:11:14.251
40284,2,1,2026-04-20 17:56:16.297,2026-04-20 09:30:00.000,,SMB,Silver Mine Bay,銀鑛灣,true,true,true,41413,20,Dosed Water,Dosed Water,"",投藥後水,6.70000,7,1.00000,2,,,,-1.00000,-1,,,,-1.00000,-1,,,,-1.00000,-1,,,,-1.00000,-1,,,,-1,-1,,,,-1,-1,,2026-04-21 01:11:14.251,2026-04-21 01:11:14.251
40272,4,2,2026-04-20 15:25:53.427,2026-04-20 09:00:00.000,,CS,Cheung Sha,長沙,true,true,true,41354,0,Raw Water,Raw Water,"",原水,7.05000,7,2.00000,2,,0.72200,1,3.00000,2,,,,-1.00000,-1,,,,-1.00000,-1,,,,-1.00000,-1,,,,-1,-1,,,,-1,-1,,2026-04-21 01:11:14.251,2026-04-21 01:11:14.251
40277,2,1,2026-04-20 17:54:31.385,2026-04-18 01:30:00.000,,SMB,Silver Mine Bay,銀鑛灣,true,true,true,41378,20,Dosed Water,Dosed Water,"",投藥後水,6.73000,7,2.00000,2,,,,-1.00000,-1,,,,-1.00000,-1,,,,-1.00000,-1,,,,-1.00000,-1,,,,-1,-1,,,,-1,-1,,2026-04-21 01:11:14.251,2026-04-21 01:11:14.251
40277,2,1,2026-04-20 17:54:31.385,2026-04-18 01:30:00.000,,SMB,Silver Mine Bay,銀鑛灣,true,true,true,41377,0,Raw Water,Raw Water,"",原水,6.66000,7,2.00000,2,,0.69000,1,2.00000,1,,,,-1.00000,-1,,,,-1.00000,-1,,,,-1.00000,-1,,,,-1,-1,,,,-1,-1,,2026-04-21 01:11:14.251,2026-04-21 01:11:14.251
40291,4,2,2026-04-20 22:22:19.507,2026-04-18 01:00:00.000,,CS,Cheung Sha,長沙,true,true,true,41456,0,Raw Water,Raw Water,"",原水,7.04000,7,2.00000,2,,0.77600,1,3.00000,2,,,,-1.00000,-1,,,,-1.00000,-1,,,,-1.00000,-1,,,,-1,-1,,,,-1,-1,,2026-04-21 01:11:14.251,2026-04-21 01:11:14.251
40275,2,2,2026-04-20 17:54:06.020,2026-04-17 08:00:00.000,,SMB,Silver Mine Bay,銀鑛灣,true,true,true,41368,20,Dosed Water,Dosed Water,"",投藥後水,6.81000,7,2.00000,2,,,,-1.00000,-1,,,,-1.00000,-1,,,,-1.00000,-1,,,,-1.00000,-1,,,,-1,-1,,,,-1,-1,,2026-04-21 01:11:14.251,2026-04-21 01:11:14.251
40275,2,2,2026-04-20 17:54:06.020,2026-04-17 08:00:00.000,,SMB,Silver Mine Bay,銀鑛灣,true,true,true,41367,0,Raw Water,Raw Water,"",原水,6.74000,7,2.00000,2,,0.58000,1,2.00000,2,,,,-1.00000,-1,,,,-1.00000,-1,,,,-1.00000,-1,,,,-1,-1,,,,-1,-1,,2026-04-21 01:11:14.251,2026-04-21 01:11:14.251
40278,2,2,2026-04-20 17:54:45.706,2026-04-18 10:00:00.000,,SMB,Silver Mine Bay,銀鑛灣,true,true,true,41382,0,Raw Water,Raw Water,"",原水,6.69000,7,2.00000,2,,0.87000,1,2.00000,2,,,,-1.00000,-1,,,,-1.00000,-1,,,,-1.00000,-1,,,,-1,-1,,,,-1,-1,,2026-04-21 01:11:14.251,2026-04-21 01:11:14.251
40297,4,2,2026-04-20 22:38:29.653,2026-04-20 01:00:00.000,,CS,Cheung Sha,長沙,true,true,true,41480,0,Raw Water,Raw Water,"",原水,6.99000,7,2.00000,2,,0.71900,1,3.00000,3,,,,-1.00000,-1,,,,-1.00000,-1,,,,-1.00000,-1,,,,-1,-1,,,,-1,-1,,2026-04-22 01:11:01.839,2026-04-21 01:11:14.251
40297,4,2,2026-04-20 22:38:29.653,2026-04-20 01:00:00.000,,CS,Cheung Sha,長沙,true,true,true,41483,100,Final Water,Final Water,"",食水,8.55000,9,2.00000,2,,0.07500,0,3.00000,2,,1.00000,1,0.00000,2,,0.48000,0,2.00000,2,,,,-1.00000,-1,,,,-1,-1,,,,-1,-1,,2026-04-22 01:11:01.839,2026-04-21 01:11:14.251
40274,4,2,2026-04-20 17:28:20.650,2026-04-20 17:00:00.000,,CS,Cheung Sha,長沙,true,true,true,41363,0,Raw Water,Raw Water,"",原水,6.93000,7,2.00000,2,,0.71500,1,3.00000,3,,,,-1.00000,-1,,,,-1.00000,-1,,,,-1.00000,-1,,,,-1,-1,,,,-1,-1,,2026-04-21 01:11:14.251,2026-04-21 01:11:14.251
40289,5,2,2026-04-21 09:26:31.585,2026-04-20 10:00:00.000,,TO,Tai O,大澳,true,true,true,41447,20,Dosed Water,Dosed Water,"",投藥後水,6.53000,7,2.00000,2,,,,-1.00000,-1,,,,-1.00000,-1,,,,-1.00000,-1,,,,-1.00000,-1,,,,-1,-1,,,,-1,-1,,2026-04-22 01:11:01.839,2026-04-21 01:11:14.251
40290,4,2,2026-04-20 22:20:59.514,2026-04-17 17:00:00.000,,CS,Cheung Sha,長沙,true,true,true,41452,0,Raw Water,Raw Water,"",原水,7.05000,7,2.00000,2,,0.71900,1,3.00000,2,,,,-1.00000,-1,,,,-1.00000,-1,,,,-1.00000,-1,,,,-1,-1,,,,-1,-1,,2026-04-21 01:11:14.251,2026-04-21 01:11:14.251
40290,4,2,2026-04-20 22:20:59.514,2026-04-17 17:00:00.000,,CS,Cheung Sha,長沙,true,true,true,41453,20,Dosed Water,Dosed Water,"",投藥後水,6.71000,7,2.00000,2,,,,-1.00000,-1,,0.82000,1,2.00000,2,,,,-1.00000,-1,,,,-1.00000,-1,,,,-1,-1,,,,-1,-1,,2026-04-21 01:11:14.251,2026-04-21 01:11:14.251
40281,2,2,2026-04-20 17:55:31.366,2026-04-19 09:00:00.000,,SMB,Silver Mine Bay,銀鑛灣,true,true,true,41401,100,Final Water,Final Water,"",食水,8.69000,9,2.00000,2,,0.12000,0,2.00000,1,,1.05000,1,2.00000,2,,0.45000,0,2.00000,2,,,,-1.00000,-1,,,,-1,-1,,,,-1,-1,,2026-04-21 01:11:14.251,2026-04-21 01:11:14.251
40287,5,2,2026-04-21 09:25:23.962,2026-04-19 10:00:00.000,,TO,Tai O,大澳,true,true,true,41432,2,Raw Water (Shek Pik),Raw Water,Shek Pik,原水 (Shek Pik),6.78000,7,2.00000,2,,0.97000,1,2.00000,2,,,,-1.00000,-1,,,,-1.00000,-1,,,,-1.00000,-1,,,,-1,-1,,,,-1,-1,,2026-04-22 01:11:01.839,2026-04-21 01:11:14.251
40310,3,2,2026-04-21 20:52:22.684,2026-04-21 17:00:00.000,,RH,Red Hill,紅山,true,true,true,41545,44,Filtered Water (1-2),Filtered Water,"1-2",過濾後水 (1-2),,,-1.00000,-1,,0.09000,0,2.00000,1,,0.45000,0,2.00000,2,,,,-1.00000,-1,,,,-1.00000,-1,,,,-1,-1,,,,-1,-1,,2026-04-22 01:11:01.839,2026-04-22 01:11:01.839
40311,1,0,2026-04-21 21:08:22.226,2026-04-20 21:00:00.000,,SHW,Siu Ho Wan,小蠔灣,true,true,true,41551,40,Filtered Water,Filtered Water,"",過濾後水,,,-1.00000,-1,,0.10000,0,1.00000,2,,0.40000,0,1.00000,2,,,,-1.00000,-1,,,,-1.00000,-1,,,,-1,-1,,,,-1,-1,,2026-04-23 01:10:50.421,2026-04-22 01:11:01.839
40304,4,2,2026-04-21 09:50:35.937,2026-04-21 09:00:00.000,,CS,Cheung Sha,長沙,true,true,true,41515,40,Filtered Water,Filtered Water,"",過濾後水,,,-1.00000,-1,,0.08900,0,3.00000,2,,0.54000,1,2.00000,2,,,,-1.00000,-1,,,,-1.00000,-1,,,,-1,-1,,,,-1,-1,,2026-04-22 01:11:01.839,2026-04-22 01:11:01.839
40300,2,2,2026-04-21 06:43:28.647,2026-04-20 17:30:00.000,,SMB,Silver Mine Bay,銀鑛灣,true,true,true,41494,0,Raw Water,Raw Water,"",原水,6.64000,7,2.00000,2,,0.65000,1,2.00000,2,,,,-1.00000,-1,,,,-1.00000,-1,,,,-1.00000,-1,,,,-1,-1,,,,-1,-1,,2026-04-22 01:11:01.839,2026-04-22 01:11:01.839
40306,3,1,2026-04-21 15:10:43.390,2026-04-21 09:00:00.000,,RH,Red Hill,紅山,true,true,true,41526,100,Final Water,Final Water,"",食水,8.58000,9,2.00000,1,,0.10000,0,1.00000,2,,1.02000,1,2.00000,0,,0.50000,0,1.00000,1,,,,-1.00000,-1,,,,-1,-1,,,,-1,-1,,2026-04-22 01:11:01.839,2026-04-22 01:11:01.839
40306,3,1,2026-04-21 15:10:43.390,2026-04-21 09:00:00.000,,RH,Red Hill,紅山,true,true,true,41523,20,Dosed Water,Dosed Water,"",投藥後水,6.88000,7,2.00000,2,,,,-1.00000,-1,,0.80000,1,1.00000,2,,,,-1.00000,-1,,,,-1.00000,-1,,,,-1,-1,,,,-1,-1,,2026-04-22 01:11:01.839,2026-04-22 01:11:01.839
40307,5,2,2026-04-21 20:31:09.777,2026-04-21 10:00:00.000,,TO,Tai O,大澳,true,true,true,41529,20,Dosed Water,Dosed Water,"",投藥後水,6.50000,6,1.00000,2,,,,-1.00000,-1,,,,-1.00000,-1,,,,-1.00000,-1,,,,-1.00000,-1,,,,-1,-1,,,,-1,-1,,2026-04-22 01:11:01.839,2026-04-22 01:11:01.839
40305,2,1,2026-04-21 10:12:26.324,2026-04-21 09:00:00.000,,SMB,Silver Mine Bay,銀鑛灣,true,true,true,41518,20,Dosed Water,Dosed Water,"",投藥後水,6.67000,7,2.00000,2,,,,-1.00000,-1,,,,-1.00000,-1,,,,-1.00000,-1,,,,-1.00000,-1,,,,-1,-1,,,,-1,-1,,2026-04-22 01:11:01.839,2026-04-22 01:11:01.839
40301,2,1,2026-04-21 06:43:39.950,2026-04-21 00:00:00.000,,SMB,Silver Mine Bay,銀鑛灣,true,true,true,41499,0,Raw Water,Raw Water,"",原水,6.68000,7,2.00000,2,,0.49000,1,2.00000,1,,,,-1.00000,-1,,,,-1.00000,-1,,,,-1.00000,-1,,,,-1,-1,,,,-1,-1,,2026-04-22 01:11:01.839,2026-04-22 01:11:01.839
40310,3,2,2026-04-21 20:52:22.684,2026-04-21 17:00:00.000,,RH,Red Hill,紅山,true,true,true,41544,20,Dosed Water,Dosed Water,"",投藥後水,6.87000,7,2.00000,2,,,,-1.00000,-1,,0.90000,1,1.00000,2,,,,-1.00000,-1,,,,-1.00000,-1,,,,-1,-1,,,,-1,-1,,2026-04-22 01:11:01.839,2026-04-22 01:11:01.839
40310,3,2,2026-04-21 20:52:22.684,2026-04-21 17:00:00.000,,RH,Red Hill,紅山,true,true,true,41543,0,Raw Water,Raw Water,"",原水,7.02000,7,2.00000,1,,1.45000,2,2.00000,1,,,,-1.00000,-1,,,,-1.00000,-1,,,,-1.00000,-1,,,,-1,-1,,,,-1,-1,,2026-04-22 01:11:01.839,2026-04-22 01:11:01.839
40299,3,1,2026-04-21 01:54:32.469,2026-04-21 01:00:00.000,,RH,Red Hill,紅山,true,true,true,41493,100,Final Water,Final Water,"",食水,0.12000,0,2.00000,2,,8.50000,9,1.00000,2,,1.08000,1,2.00000,2,,0.50000,0,1.00000,1,Abnormal 14:45,,,-1.00000,-1,,,,-1,-1,,,,-1,-1,,2026-04-22 01:11:01.839,2026-04-22 01:11:01.839
40299,3,1,2026-04-21 01:54:32.469,2026-04-21 01:00:00.000,,RH,Red Hill,紅山,true,true,true,41490,20,Dosed Water,Dosed Water,"",投藥後水,6.95000,7,2.00000,2,,,,-1.00000,-1,,0.87000,1,2.00000,2,,,,-1.00000,-1,,,,-1.00000,-1,,,,-1,-1,,,,-1,-1,,2026-04-22 01:11:01.839,2026-04-22 01:11:01.839
40303,1,0,2026-04-21 09:39:27.681,2026-04-20 13:00:00.000,,SHW,Siu Ho Wan,小蠔灣,true,true,true,41509,20,Dosed Water,Dosed Water,"",投藥後水,6.88000,7,2.00000,2,,,,-1.00000,-1,,,,-1.00000,-1,,,,-1.00000,-1,,,,-1.00000,-1,,,,-1,-1,,,,-1,-1,,2026-04-22 01:11:01.839,2026-04-22 01:11:01.839
40295,4,2,2026-04-20 22:35:51.397,2026-04-19 09:00:00.000,,CS,Cheung Sha,長沙,true,true,true,41474,40,Filtered Water,Filtered Water,"",過濾後水,,,-1.00000,-1,,0.07500,0,3.00000,3,,0.48000,0,2.00000,2,,,,-1.00000,-1,,,,-1.00000,-1,,,,-1,-1,,,,-1,-1,,2026-04-21 01:11:14.251,2026-04-21 01:11:14.251
40282,2,2,2026-04-20 17:55:43.512,2026-04-19 16:30:00.000,,SMB,Silver Mine Bay,銀鑛灣,true,true,true,41405,40,Filtered Water,Filtered Water,"",過濾後水,,,-1.00000,-1,,0.12000,0,2.00000,2,,0.59000,1,2.00000,2,,,,-1.00000,-1,,,,-1.00000,-1,,,,-1,-1,,,,-1,-1,,2026-04-21 01:11:14.251,2026-04-21 01:11:14.251
40274,4,2,2026-04-20 17:28:20.650,2026-04-20 17:00:00.000,,CS,Cheung Sha,長沙,true,true,true,41365,40,Filtered Water,Filtered Water,"",過濾後水,,,-1.00000,-1,,0.07600,0,3.00000,3,,0.52000,1,2.00000,2,,,,-1.00000,-1,,,,-1.00000,-1,,,,-1,-1,,,,-1,-1,,2026-04-21 01:11:14.251,2026-04-21 01:11:14.251
40289,5,2,2026-04-21 09:26:31.585,2026-04-20 10:00:00.000,,TO,Tai O,大澳,true,true,true,41448,41,Filtered Water (1),Filtered Water,"1",過濾後水 (1),,,-1.00000,-1,,0.15000,0,2.00000,2,,,,-1.00000,-1,,,,-1.00000,-1,,,,-1.00000,-1,,,,-1,-1,,,,-1,-1,,2026-04-22 01:11:01.839,2026-04-21 01:11:14.251
40281,2,2,2026-04-20 17:55:31.366,2026-04-19 09:00:00.000,,SMB,Silver Mine Bay,銀鑛灣,true,true,true,41400,40,Filtered Water,Filtered Water,"",過濾後水,,,-1.00000,-1,,0.10000,0,1.00000,2,,0.64000,0,2.00000,2,,,,-1.00000,-1,,,,-1.00000,-1,,,,-1,-1,,,,-1,-1,,2026-04-21 01:11:14.251,2026-04-21 01:11:14.251
40288,5,2,2026-04-22 14:57:16.402,2026-04-19 22:00:00.000,,TO,Tai O,大澳,true,true,true,41441,41,Filtered Water (1),Filtered Water,"1",過濾後水 (1),,,-1.00000,-1,,0.18000,0,2.00000,2,,,,-1.00000,-1,,,,-1.00000,-1,,,,-1.00000,-1,,,,-1,-1,,,,-1,-1,,2026-04-23 01:10:50.421,2026-04-21 01:11:14.251
40285,5,2,2026-04-22 14:57:44.045,2026-04-18 10:00:00.000,,TO,Tai O,大澳,true,true,true,41417,1,Raw Water (Yi O),Raw Water,Yi O,原水 (Yi O),0.00000,0,0.00000,0,,0.00000,0,0.00000,0,,,,-1.00000,-1,,,,-1.00000,-1,,,,-1.00000,-1,,,,-1,-1,,,,-1,-1,,2026-04-23 01:10:50.421,2026-04-21 01:11:14.251
40287,5,2,2026-04-21 09:25:23.962,2026-04-19 10:00:00.000,,TO,Tai O,大澳,true,true,true,41431,1,Raw Water (Yi O),Raw Water,Yi O,原水 (Yi O),0.00000,0,0.00000,0,,0.00000,0,0.00000,0,,,,-1.00000,-1,,,,-1.00000,-1,,,,-1.00000,-1,,,,-1,-1,,,,-1,-1,,2026-04-22 01:11:01.839,2026-04-21 01:11:14.251
40289,5,2,2026-04-21 09:26:31.585,2026-04-20 10:00:00.000,,TO,Tai O,大澳,true,true,true,41445,1,Raw Water (Yi O),Raw Water,Yi O,原水 (Yi O),0.00000,0,0.00000,0,,0.00000,0,0.00000,0,,,,-1.00000,-1,,,,-1.00000,-1,,,,-1.00000,-1,,,,-1,-1,,,,-1,-1,,2026-04-22 01:11:01.839,2026-04-21 01:11:14.251
40289,5,2,2026-04-21 09:26:31.585,2026-04-20 10:00:00.000,,TO,Tai O,大澳,true,true,true,41446,2,Raw Water (Shek Pik),Raw Water,Shek Pik,原水 (Shek Pik),6.73000,7,2.00000,1,,0.85000,1,2.00000,2,,,,-1.00000,-1,,,,-1.00000,-1,,,,-1.00000,-1,,,,-1,-1,,,,-1,-1,,2026-04-22 01:11:01.839,2026-04-21 01:11:14.251
40270,3,2,2026-04-20 11:50:24.005,2026-04-20 09:00:00.000,,RH,Red Hill,紅山,true,true,true,41347,45,Filtered Water (3-4),Filtered Water,"3-4",過濾後水 (3-4),,,-1.00000,-1,,0.08000,0,2.00000,2,,0.45000,0,2.00000,2,,,,-1.00000,-1,,,,-1.00000,-1,,,,-1,-1,,,,-1,-1,,2026-04-21 01:11:14.251,2026-04-21 01:11:14.251
40283,2,1,2026-04-20 17:56:00.471,2026-04-20 00:00:00.000,,SMB,Silver Mine Bay,銀鑛灣,true,true,true,41409,30,Clarified Water,Clarified Water,"",澄清後水,6.86000,7,2.00000,2,,0.20000,0,1.00000,2,,0.97000,1,2.00000,2,,,,-1.00000,-1,,,,-1.00000,-1,,,,-1,-1,,,,-1,-1,,2026-04-21 01:11:14.251,2026-04-21 01:11:14.251
40282,2,2,2026-04-20 17:55:43.512,2026-04-19 16:30:00.000,,SMB,Silver Mine Bay,銀鑛灣,true,true,true,41404,30,Clarified Water,Clarified Water,"",澄清後水,6.88000,7,2.00000,1,,0.20000,0,1.00000,2,,1.02000,1,2.00000,2,,,,-1.00000,-1,,,,-1.00000,-1,,,,-1,-1,,,,-1,-1,,2026-04-21 01:11:14.251,2026-04-21 01:11:14.251
40271,1,0,2026-04-20 14:32:44.773,2026-04-19 13:00:00.000,,SHW,Siu Ho Wan,小蠔灣,true,true,true,41353,100,Final Water,Final Water,"",食水,0.14000,0,2.00000,2,,8.20000,8,1.00000,2,,1.02000,1,2.00000,1,,0.51000,1,2.00000,2,,,,-1.00000,-1,,,,-1,-1,,,,-1,-1,,2026-04-21 01:11:14.251,2026-04-21 01:11:14.251
40271,1,0,2026-04-20 14:32:44.773,2026-04-19 13:00:00.000,,SHW,Siu Ho Wan,小蠔灣,true,true,true,41351,33,Clarified Water (A & B),Clarified Water (A & B),"",澄清後水 (A & B),6.87000,7,2.00000,2,,0.46000,0,2.00000,2,,0.62000,1,2.00000,2,,,,-1.00000,-1,,,,-1.00000,-1,,,,-1,-1,,,,-1,-1,,2026-04-21 01:11:14.251,2026-04-21 01:11:14.251
40284,2,1,2026-04-20 17:56:16.297,2026-04-20 09:30:00.000,,SMB,Silver Mine Bay,銀鑛灣,true,true,true,41416,100,Final Water,Final Water,"",食水,8.79000,9,2.00000,2,,0.14000,0,2.00000,2,,1.05000,1,2.00000,2,,0.45000,0,2.00000,2,,,,-1.00000,-1,,,,-1,-1,,,,-1,-1,,2026-04-21 01:11:14.251,2026-04-21 01:11:14.251
40292,4,2,2026-04-20 22:31:51.872,2026-04-18 09:00:00.000,,CS,Cheung Sha,長沙,true,true,true,41463,100,Final Water,Final Water,"",食水,8.57000,9,2.00000,2,,0.08600,0,3.00000,3,,1.02000,1,2.00000,2,,0.50000,1,1.00000,2,,,,-1.00000,-1,,,,-1,-1,,,,-1,-1,,2026-04-21 01:11:14.251,2026-04-21 01:11:14.251
40272,4,2,2026-04-20 15:25:53.427,2026-04-20 09:00:00.000,,CS,Cheung Sha,長沙,true,true,true,41357,100,Final Water,Final Water,"",食水,8.54000,9,2.00000,2,,0.08300,0,3.00000,2,,1.00000,1,0.00000,2,,0.51100,1,3.00000,2,,,,-1.00000,-1,,,,-1,-1,,,,-1,-1,,2026-04-21 01:11:14.251,2026-04-21 01:11:14.251
40280,2,1,2026-04-20 17:55:18.707,2026-04-19 00:30:00.000,,SMB,Silver Mine Bay,銀鑛灣,true,true,true,41393,20,Dosed Water,Dosed Water,"",投藥後水,6.72000,7,2.00000,2,,,,-1.00000,-1,,,,-1.00000,-1,,,,-1.00000,-1,,,,-1.00000,-1,,,,-1,-1,,,,-1,-1,,2026-04-21 01:11:14.251,2026-04-21 01:11:14.251
40296,4,2,2026-04-20 22:37:18.876,2026-04-19 17:00:00.000,,CS,Cheung Sha,長沙,true,true,true,41479,100,Final Water,Final Water,"",食水,8.57000,9,2.00000,2,,0.08000,0,2.00000,3,,0.96000,1,2.00000,2,,0.48000,0,2.00000,2,,,,-1.00000,-1,,,,-1,-1,,,,-1,-1,,2026-04-21 01:11:14.251,2026-04-21 01:11:14.251
40270,3,2,2026-04-20 11:50:24.005,2026-04-20 09:00:00.000,,RH,Red Hill,紅山,true,true,true,41348,100,Final Water,Final Water,"",食水,8.46000,9,2.00000,2,,0.09000,0,2.00000,2,,1.04000,1,2.00000,2,,0.51000,1,2.00000,2,,,,-1.00000,-1,,,,-1,-1,,,,-1,-1,,2026-04-21 01:11:14.251,2026-04-21 01:11:14.251
40273,1,0,2026-04-20 17:23:38.432,2026-04-19 21:00:00.000,,SHW,Siu Ho Wan,小蠔灣,true,true,true,41362,100,Final Water,Final Water,"",食水,8.77000,9,2.00000,2,,0.26000,0,2.00000,2,,1.02000,1,2.00000,0,,0.48000,0,2.00000,2,,,,-1.00000,-1,,,,-1,-1,,,,-1,-1,,2026-04-21 01:11:14.251,2026-04-21 01:11:14.251
40285,5,2,2026-04-22 14:57:44.045,2026-04-18 10:00:00.000,,TO,Tai O,大澳,true,true,true,41423,100,Final Water,Final Water,"",食水,8.45000,8,2.00000,2,,0.15000,0,2.00000,2,,1.08000,1,2.00000,2,,0.50000,1,1.00000,2,,,,-1.00000,-1,,,,-1,-1,,,,-1,-1,,2026-04-23 01:10:50.421,2026-04-21 01:11:14.251
40278,2,2,2026-04-20 17:54:45.706,2026-04-18 10:00:00.000,,SMB,Silver Mine Bay,銀鑛灣,true,true,true,41383,20,Dosed Water,Dosed Water,"",投藥後水,6.74000,7,2.00000,2,,,,-1.00000,-1,,,,-1.00000,-1,,,,-1.00000,-1,,,,-1.00000,-1,,,,-1,-1,,,,-1,-1,,2026-04-21 01:11:14.251,2026-04-21 01:11:14.251
40286,5,2,2026-04-21 09:24:50.103,2026-04-18 22:00:00.000,,TO,Tai O,大澳,true,true,true,41430,100,Final Water,Final Water,"",食水,8.68000,9,2.00000,2,,0.11000,0,2.00000,2,,1.16000,1,2.00000,2,,0.46000,0,2.00000,2,,,,-1.00000,-1,,,,-1,-1,,,,-1,-1,,2026-04-22 01:11:01.839,2026-04-21 01:11:14.251
40286,5,2,2026-04-21 09:24:50.103,2026-04-18 22:00:00.000,,TO,Tai O,大澳,true,true,true,41426,20,Dosed Water,Dosed Water,"",投藥後水,6.50000,7,1.00000,1,,,,-1.00000,-1,,,,-1.00000,-1,,,,-1.00000,-1,,,,-1.00000,-1,,,,-1,-1,,,,-1,-1,,2026-04-22 01:11:01.839,2026-04-21 01:11:14.251
40287,5,2,2026-04-21 09:25:23.962,2026-04-19 10:00:00.000,,TO,Tai O,大澳,true,true,true,41436,43,Filtered Water (3),Filtered Water,"3",過濾後水 (3),,,-1.00000,-1,,0.16000,0,2.00000,2,,,,-1.00000,-1,,,,-1.00000,-1,,,,-1.00000,-1,,,,-1,-1,,,,-1,-1,,2026-04-22 01:11:01.839,2026-04-21 01:11:14.251
40294,4,2,2026-04-20 22:33:54.472,2026-04-19 01:00:00.000,,CS,Cheung Sha,長沙,true,true,true,41471,100,Final Water,Final Water,"",食水,8.52000,9,2.00000,2,,0.08000,0,2.00000,2,,0.99000,1,2.00000,2,,0.48000,1,2.00000,2,,,,-1.00000,-1,,,,-1,-1,,,,-1,-1,,2026-04-21 01:11:14.251,2026-04-21 01:11:14.251
40282,2,2,2026-04-20 17:55:43.512,2026-04-19 16:30:00.000,,SMB,Silver Mine Bay,銀鑛灣,true,true,true,41403,20,Dosed Water,Dosed Water,"",投藥後水,6.70000,7,1.00000,1,,,,-1.00000,-1,,,,-1.00000,-1,,,,-1.00000,-1,,,,-1.00000,-1,,,,-1,-1,,,,-1,-1,,2026-04-21 01:11:14.251,2026-04-21 01:11:14.251
40281,2,2,2026-04-20 17:55:31.366,2026-04-19 09:00:00.000,,SMB,Silver Mine Bay,銀鑛灣,true,true,true,41398,20,Dosed Water,Dosed Water,"",投藥後水,6.66000,7,2.00000,2,,,,-1.00000,-1,,,,-1.00000,-1,,,,-1.00000,-1,,,,-1.00000,-1,,,,-1,-1,,,,-1,-1,,2026-04-21 01:11:14.251,2026-04-21 01:11:14.251
40288,5,2,2026-04-22 14:57:16.402,2026-04-19 22:00:00.000,,TO,Tai O,大澳,true,true,true,41444,100,Final Water,Final Water,"",食水,8.54000,9,2.00000,1,,0.18000,0,2.00000,2,,1.08000,1,2.00000,2,,0.47000,1,2.00000,1,,,,-1.00000,-1,,,,-1,-1,,,,-1,-1,,2026-04-23 01:10:50.421,2026-04-21 01:11:14.251
40306,3,1,2026-04-21 15:10:43.390,2026-04-21 09:00:00.000,,RH,Red Hill,紅山,true,true,true,41522,0,Raw Water,Raw Water,"",原水,7.00000,7,0.00000,2,,1.55000,2,2.00000,2,,,,-1.00000,-1,,,,-1.00000,-1,,,,-1.00000,-1,,,,-1,-1,,,,-1,-1,,2026-04-22 01:11:01.839,2026-04-22 01:11:01.839
40302,4,2,2026-04-21 07:27:15.036,2026-04-21 01:00:00.000,,CS,Cheung Sha,長沙,true,true,true,41504,0,Raw Water,Raw Water,"",原水,7.00000,7,0.00000,0,,0.72000,1,2.00000,2,,,,-1.00000,-1,,,,-1.00000,-1,,,,-1.00000,-1,,,,-1,-1,,,,-1,-1,,2026-04-22 01:11:01.839,2026-04-22 01:11:01.839
40301,2,1,2026-04-21 06:43:39.950,2026-04-21 00:00:00.000,,SMB,Silver Mine Bay,銀鑛灣,true,true,true,41500,20,Dosed Water,Dosed Water,"",投藥後水,6.64000,7,2.00000,2,,,,-1.00000,-1,,,,-1.00000,-1,,,,-1.00000,-1,,,,-1.00000,-1,,,,-1,-1,,,,-1,-1,,2026-04-22 01:11:01.839,2026-04-22 01:11:01.839
40299,3,1,2026-04-21 01:54:32.469,2026-04-21 01:00:00.000,,RH,Red Hill,紅山,true,true,true,41489,0,Raw Water,Raw Water,"",原水,6.97000,7,2.00000,2,,1.49000,2,2.00000,2,,,,-1.00000,-1,,,,-1.00000,-1,,,,-1.00000,-1,,,,-1,-1,,,,-1,-1,,2026-04-22 01:11:01.839,2026-04-22 01:11:01.839
40285,5,2,2026-04-22 14:57:44.045,2026-04-18 10:00:00.000,,TO,Tai O,大澳,true,true,true,41419,20,Dosed Water,Dosed Water,"",投藥後水,6.52000,7,2.00000,2,,,,-1.00000,-1,,,,-1.00000,-1,,,,-1.00000,-1,,,,-1.00000,-1,,,,-1,-1,,,,-1,-1,,2026-04-23 01:10:50.421,2026-04-21 01:11:14.251
40278,2,2,2026-04-20 17:54:45.706,2026-04-18 10:00:00.000,,SMB,Silver Mine Bay,銀鑛灣,true,true,true,41386,100,Final Water,Final Water,"",食水,8.50000,8,1.00000,1,,0.13000,0,2.00000,1,,1.03000,1,2.00000,2,,0.46000,1,2.00000,2,,,,-1.00000,-1,,,,-1,-1,,,,-1,-1,,2026-04-21 01:11:14.251,2026-04-21 01:11:14.251
40279,2,1,2026-04-20 17:55:00.172,2026-04-18 16:30:00.000,,SMB,Silver Mine Bay,銀鑛灣,true,true,true,41391,100,Final Water,Final Water,"",食水,8.64000,9,2.00000,1,,0.13000,0,2.00000,2,,1.10000,1,1.00000,2,,0.45000,0,2.00000,2,,,,-1.00000,-1,,,,-1,-1,,,,-1,-1,,2026-04-21 01:11:14.251,2026-04-21 01:11:14.251
40279,2,1,2026-04-20 17:55:00.172,2026-04-18 16:30:00.000,,SMB,Silver Mine Bay,銀鑛灣,true,true,true,41388,20,Dosed Water,Dosed Water,"",投藥後水,6.71000,7,2.00000,2,,,,-1.00000,-1,,,,-1.00000,-1,,,,-1.00000,-1,,,,-1.00000,-1,,,,-1,-1,,,,-1,-1,,2026-04-21 01:11:14.251,2026-04-21 01:11:14.251
40274,4,2,2026-04-20 17:28:20.650,2026-04-20 17:00:00.000,,CS,Cheung Sha,長沙,true,true,true,41364,20,Dosed Water,Dosed Water,"",投藥後水,6.67000,7,2.00000,2,,,,-1.00000,-1,,0.93000,1,2.00000,2,,,,-1.00000,-1,,,,-1.00000,-1,,,,-1,-1,,,,-1,-1,,2026-04-21 01:11:14.251,2026-04-21 01:11:14.251
40289,5,2,2026-04-21 09:26:31.585,2026-04-20 10:00:00.000,,TO,Tai O,大澳,true,true,true,41450,43,Filtered Water (3),Filtered Water,"3",過濾後水 (3),,,-1.00000,-1,,0.17000,0,2.00000,2,,,,-1.00000,-1,,,,-1.00000,-1,,,,-1.00000,-1,,,,-1,-1,,,,-1,-1,,2026-04-22 01:11:01.839,2026-04-21 01:11:14.251
40290,4,2,2026-04-20 22:20:59.514,2026-04-17 17:00:00.000,,CS,Cheung Sha,長沙,true,true,true,41455,100,Final Water,Final Water,"",食水,8.51000,9,2.00000,2,,0.08400,0,3.00000,2,,1.02000,1,2.00000,0,,0.47000,0,2.00000,2,,,,-1.00000,-1,,,,-1,-1,,,,-1,-1,,2026-04-21 01:11:14.251,2026-04-21 01:11:14.251
40281,2,2,2026-04-20 17:55:31.366,2026-04-19 09:00:00.000,,SMB,Silver Mine Bay,銀鑛灣,true,true,true,41397,0,Raw Water,Raw Water,"",原水,6.65000,7,2.00000,2,,0.55000,1,2.00000,2,,,,-1.00000,-1,,,,-1.00000,-1,,,,-1.00000,-1,,,,-1,-1,,,,-1,-1,,2026-04-21 01:11:14.251,2026-04-21 01:11:14.251
40288,5,2,2026-04-22 14:57:16.402,2026-04-19 22:00:00.000,,TO,Tai O,大澳,true,true,true,41440,20,Dosed Water,Dosed Water,"",投藥後水,6.48000,7,2.00000,2,,,,-1.00000,-1,,,,-1.00000,-1,,,,-1.00000,-1,,,,-1.00000,-1,,,,-1,-1,,,,-1,-1,,2026-04-23 01:10:50.421,2026-04-21 01:11:14.251
40288,5,2,2026-04-22 14:57:16.402,2026-04-19 22:00:00.000,,TO,Tai O,大澳,true,true,true,41443,43,Filtered Water (3),Filtered Water,"3",過濾後水 (3),,,-1.00000,-1,,0.17000,0,2.00000,2,,,,-1.00000,-1,,,,-1.00000,-1,,,,-1.00000,-1,,,,-1,-1,,,,-1,-1,,2026-04-23 01:10:50.421,2026-04-21 01:11:14.251
40306,3,1,2026-04-21 15:10:43.390,2026-04-21 09:00:00.000,,RH,Red Hill,紅山,true,true,true,41525,45,Filtered Water (3-4),Filtered Water,"3-4",過濾後水 (3-4),,,-1.00000,-1,,0.12000,0,2.00000,2,,0.46000,0,2.00000,2,,,,-1.00000,-1,,,,-1.00000,-1,,,,-1,-1,,,,-1,-1,,2026-04-22 01:11:01.839,2026-04-22 01:11:01.839
40298,3,1,2026-04-21 01:51:21.457,2026-04-20 17:00:00.000,,RH,Red Hill,紅山,true,true,true,41487,45,Filtered Water (3-4),Filtered Water,"3-4",過濾後水 (3-4),,,-1.00000,-1,,0.10000,0,1.00000,2,,0.56000,1,2.00000,1,,,,-1.00000,-1,,,,-1.00000,-1,,,,-1,-1,,,,-1,-1,,2026-04-22 01:11:01.839,2026-04-22 01:11:01.839
40301,2,1,2026-04-21 06:43:39.950,2026-04-21 00:00:00.000,,SMB,Silver Mine Bay,銀鑛灣,true,true,true,41501,30,Clarified Water,Clarified Water,"",澄清後水,6.89000,7,2.00000,2,,0.17000,0,2.00000,2,,1.13000,1,2.00000,2,,,,-1.00000,-1,,,,-1.00000,-1,,,,-1,-1,,,,-1,-1,,2026-04-22 01:11:01.839,2026-04-22 01:11:01.839
40310,3,2,2026-04-21 20:52:22.684,2026-04-21 17:00:00.000,,RH,Red Hill,紅山,true,true,true,41546,45,Filtered Water (3-4),Filtered Water,"3-4",過濾後水 (3-4),,,-1.00000,-1,,0.10000,0,1.00000,2,,0.45000,0,2.00000,2,,,,-1.00000,-1,,,,-1.00000,-1,,,,-1,-1,,,,-1,-1,,2026-04-22 01:11:01.839,2026-04-22 01:11:01.839
40299,3,1,2026-04-21 01:54:32.469,2026-04-21 01:00:00.000,,RH,Red Hill,紅山,true,true,true,41492,45,Filtered Water (3-4),Filtered Water,"3-4",過濾後水 (3-4),,,-1.00000,-1,,0.12000,0,2.00000,2,,0.50000,0,1.00000,2,,,,-1.00000,-1,,,,-1.00000,-1,,,,-1,-1,,,,-1,-1,,2026-04-22 01:11:01.839,2026-04-22 01:11:01.839
40303,1,0,2026-04-21 09:39:27.681,2026-04-20 13:00:00.000,,SHW,Siu Ho Wan,小蠔灣,true,true,true,41511,40,Filtered Water,Filtered Water,"",過濾後水,,,-1.00000,-1,,0.10000,0,1.00000,2,,0.51000,0,2.00000,2,,,,-1.00000,-1,,,,-1.00000,-1,,,,-1,-1,,,,-1,-1,,2026-04-22 01:11:01.839,2026-04-22 01:11:01.839
40309,2,2,2026-04-21 19:10:23.073,2026-04-21 17:00:00.000,,SMB,Silver Mine Bay,銀鑛灣,true,true,true,41541,40,Filtered Water,Filtered Water,"",過濾後水,,,-1.00000,-1,,0.11000,0,2.00000,2,,0.53000,0,2.00000,2,,,,-1.00000,-1,,,,-1.00000,-1,,,,-1,-1,,,,-1,-1,,2026-04-22 01:11:01.839,2026-04-22 01:11:01.839
40308,4,2,2026-04-21 19:00:23.642,2026-04-21 17:00:00.000,,CS,Cheung Sha,長沙,true,true,true,41536,40,Filtered Water,Filtered Water,"",過濾後水,,,-1.00000,-1,,0.09200,0,3.00000,2,,0.49000,1,2.00000,1,,,,-1.00000,-1,,,,-1.00000,-1,,,,-1,-1,,,,-1,-1,,2026-04-22 01:11:01.839,2026-04-22 01:11:01.839
40306,3,1,2026-04-21 15:10:43.390,2026-04-21 09:00:00.000,,RH,Red Hill,紅山,true,true,true,41524,44,Filtered Water (1-2),Filtered Water,"1-2",過濾後水 (1-2),,,-1.00000,-1,,0.10000,0,1.00000,2,,0.41000,0,2.00000,2,,,,-1.00000,-1,,,,-1.00000,-1,,,,-1,-1,,,,-1,-1,,2026-04-22 01:11:01.839,2026-04-22 01:11:01.839
40298,3,1,2026-04-21 01:51:21.457,2026-04-20 17:00:00.000,,RH,Red Hill,紅山,true,true,true,41486,44,Filtered Water (1-2),Filtered Water,"1-2",過濾後水 (1-2),,,-1.00000,-1,,0.08000,0,2.00000,1,,0.52000,0,2.00000,2,,,,-1.00000,-1,,,,-1.00000,-1,,,,-1,-1,,,,-1,-1,,2026-04-22 01:11:01.839,2026-04-22 01:11:01.839
40303,1,0,2026-04-21 09:39:27.681,2026-04-20 13:00:00.000,,SHW,Siu Ho Wan,小蠔灣,true,true,true,41508,0,Raw Water,Raw Water,"",原水,7.34000,7,2.00000,2,,2.58000,2,2.00000,2,,,,-1.00000,-1,,,,-1.00000,-1,,,,-1.00000,-1,,,,-1,-1,,,,-1,-1,,2026-04-22 01:11:01.839,2026-04-22 01:11:01.839
40319,3,0,2026-04-22 11:38:28.234,2026-04-22 09:00:00.000,,RH,Red Hill,紅山,true,true,true,41588,0,Raw Water,Raw Water,"",原水,1.60000,2,1.00000,2,,6.65000,7,2.00000,2,,,,-1.00000,-1,,,,-1.00000,-1,,,,-1.00000,-1,,,,-1,-1,,,,-1,-1,,2026-04-23 01:10:50.421,2026-04-23 01:10:50.421
40309,2,2,2026-04-21 19:10:23.073,2026-04-21 17:00:00.000,,SMB,Silver Mine Bay,銀鑛灣,true,true,true,41542,100,Final Water,Final Water,"",食水,8.35000,8,2.00000,2,,0.13000,0,2.00000,2,,1.04000,1,2.00000,2,,0.50000,1,1.00000,2,,,,-1.00000,-1,,,,-1,-1,,,,-1,-1,,2026-04-22 01:11:01.839,2026-04-22 01:11:01.839
40311,1,0,2026-04-21 21:08:22.226,2026-04-20 21:00:00.000,,SHW,Siu Ho Wan,小蠔灣,true,true,true,41548,0,Raw Water,Raw Water,"",原水,7.32000,7,2.00000,2,,1.11000,1,2.00000,2,,,,-1.00000,-1,,,,-1.00000,-1,,,,-1.00000,-1,,,,-1,-1,,,,-1,-1,,2026-04-23 01:10:50.421,2026-04-22 01:11:01.839
40300,2,2,2026-04-21 06:43:28.647,2026-04-20 17:30:00.000,,SMB,Silver Mine Bay,銀鑛灣,true,true,true,41495,20,Dosed Water,Dosed Water,"",投藥後水,6.62000,7,2.00000,2,,,,-1.00000,-1,,,,-1.00000,-1,,,,-1.00000,-1,,,,-1.00000,-1,,,,-1,-1,,,,-1,-1,,2026-04-22 01:11:01.839,2026-04-22 01:11:01.839
40300,2,2,2026-04-21 06:43:28.647,2026-04-20 17:30:00.000,,SMB,Silver Mine Bay,銀鑛灣,true,true,true,41498,100,Final Water,Final Water,"",食水,8.72000,9,2.00000,2,,0.16000,0,2.00000,2,,1.00000,1,0.00000,2,,0.48000,0,2.00000,2,,,,-1.00000,-1,,,,-1,-1,,,,-1,-1,,2026-04-22 01:11:01.839,2026-04-22 01:11:01.839
40310,3,2,2026-04-21 20:52:22.684,2026-04-21 17:00:00.000,,RH,Red Hill,紅山,true,true,true,41547,100,Final Water,Final Water,"",食水,8.63000,9,2.00000,1,,0.12000,0,2.00000,2,,1.06000,1,2.00000,2,,0.50000,0,1.00000,2,,,,-1.00000,-1,,,,-1,-1,,,,-1,-1,,2026-04-22 01:11:01.839,2026-04-22 01:11:01.839
40312,2,2,2026-04-22 06:36:48.974,2026-04-22 05:00:00.000,,SMB,Silver Mine Bay,銀鑛灣,true,true,true,41554,20,Dosed Water,Dosed Water,"",投藥後水,6.68000,7,2.00000,2,,,,-1.00000,-1,,,,-1.00000,-1,,,,-1.00000,-1,,,,-1.00000,-1,,,,-1,-1,,,,-1,-1,,2026-04-23 01:10:50.421,2026-04-23 01:10:50.421
40323,4,2,2026-04-22 18:10:52.607,2026-04-22 17:00:00.000,,CS,Cheung Sha,長沙,true,true,true,41612,0,Raw Water,Raw Water,"",原水,6.90000,7,1.00000,2,,0.81000,1,2.00000,2,,,,-1.00000,-1,,,,-1.00000,-1,,,,-1.00000,-1,,,,-1,-1,,,,-1,-1,,2026-04-23 01:10:50.421,2026-04-23 01:10:50.421
40314,4,2,2026-04-22 07:25:50.647,2026-04-22 01:00:00.000,,CS,Cheung Sha,長沙,true,true,true,41563,0,Raw Water,Raw Water,"",原水,7.06000,7,2.00000,0,,0.70500,1,3.00000,1,,,,-1.00000,-1,,,,-1.00000,-1,,,,-1.00000,-1,,,,-1,-1,,,,-1,-1,,2026-04-23 01:10:50.421,2026-04-23 01:10:50.421
40314,4,2,2026-04-22 07:25:50.647,2026-04-22 01:00:00.000,,CS,Cheung Sha,長沙,true,true,true,41566,100,Final Water,Final Water,"",食水,8.49000,9,2.00000,1,,0.08100,0,3.00000,1,,1.04000,1,2.00000,2,,0.48700,0,3.00000,2,,,,-1.00000,-1,,,,-1,-1,,,,-1,-1,,2026-04-23 01:10:50.421,2026-04-23 01:10:50.421
40313,3,2,2026-04-22 06:44:56.822,2026-04-22 01:00:00.000,,RH,Red Hill,紅山,true,true,true,41559,20,Dosed Water,Dosed Water,"",投藥後水,6.98000,7,2.00000,2,,,,-1.00000,-1,,0.86000,1,2.00000,2,,,,-1.00000,-1,,,,-1.00000,-1,,,,-1,-1,,,,-1,-1,,2026-04-23 01:10:50.421,2026-04-23 01:10:50.421
40316,4,2,2026-04-22 09:50:02.911,2026-04-22 09:00:00.000,,CS,Cheung Sha,長沙,true,true,true,41574,0,Raw Water,Raw Water,"",原水,6.89000,7,2.00000,2,,0.69000,1,2.00000,2,,,,-1.00000,-1,,,,-1.00000,-1,,,,-1.00000,-1,,,,-1,-1,,,,-1,-1,,2026-04-23 01:10:50.421,2026-04-23 01:10:50.421
40318,1,0,2026-04-22 11:04:02.845,2026-04-21 15:00:00.000,,SHW,Siu Ho Wan,小蠔灣,true,true,true,41583,0,Raw Water,Raw Water,"",原水,7.27000,7,2.00000,2,,0.75000,1,2.00000,2,,,,-1.00000,-1,,,,-1.00000,-1,,,,-1.00000,-1,,,,-1,-1,,,,-1,-1,,2026-04-23 01:10:50.421,2026-04-23 01:10:50.421
40320,5,2,2026-04-22 14:56:38.588,2026-04-20 22:00:00.000,,TO,Tai O,大澳,true,true,true,41599,100,Final Water,Final Water,"",食水,8.57000,9,2.00000,2,,0.15000,0,2.00000,2,,1.09000,1,2.00000,2,,0.49000,0,2.00000,2,,,,-1.00000,-1,,,,-1,-1,,,,-1,-1,,2026-04-23 01:10:50.421,2026-04-23 01:10:50.421
40293,4,2,2026-04-20 22:32:09.886,2026-04-18 17:00:00.000,,CS,Cheung Sha,長沙,true,true,true,41465,20,Dosed Water,Dosed Water,"",投藥後水,6.72000,7,2.00000,2,,,,-1.00000,-1,,0.86000,1,2.00000,2,,,,-1.00000,-1,,,,-1.00000,-1,,,,-1,-1,,,,-1,-1,,2026-04-21 01:11:14.251,2026-04-21 01:11:14.251
40293,4,2,2026-04-20 22:32:09.886,2026-04-18 17:00:00.000,,CS,Cheung Sha,長沙,true,true,true,41464,0,Raw Water,Raw Water,"",原水,6.94000,7,2.00000,2,,1.03000,1,2.00000,3,,,,-1.00000,-1,,,,-1.00000,-1,,,,-1.00000,-1,,,,-1,-1,,,,-1,-1,,2026-04-21 01:11:14.251,2026-04-21 01:11:14.251
40295,4,2,2026-04-20 22:35:51.397,2026-04-19 09:00:00.000,,CS,Cheung Sha,長沙,true,true,true,41473,20,Dosed Water,Dosed Water,"",投藥後水,6.70000,7,1.00000,2,,,,-1.00000,-1,,0.80000,1,1.00000,2,,,,-1.00000,-1,,,,-1.00000,-1,,,,-1,-1,,,,-1,-1,,2026-04-21 01:11:14.251,2026-04-21 01:11:14.251
40276,2,2,2026-04-20 17:54:19.745,2026-04-17 21:00:00.000,,SMB,Silver Mine Bay,銀鑛灣,true,true,true,41376,100,Final Water,Final Water,"",食水,8.60000,9,1.00000,2,,0.16000,0,2.00000,2,,1.00000,1,0.00000,2,,0.45000,0,2.00000,2,,,,-1.00000,-1,,,,-1,-1,,,,-1,-1,,2026-04-21 01:11:14.251,2026-04-21 01:11:14.251
40276,2,2,2026-04-20 17:54:19.745,2026-04-17 21:00:00.000,,SMB,Silver Mine Bay,銀鑛灣,true,true,true,41373,20,Dosed Water,Dosed Water,"",投藥後水,6.75000,7,2.00000,2,,,,-1.00000,-1,,,,-1.00000,-1,,,,-1.00000,-1,,,,-1.00000,-1,,,,-1,-1,,,,-1,-1,,2026-04-21 01:11:14.251,2026-04-21 01:11:14.251
40276,2,2,2026-04-20 17:54:19.745,2026-04-17 21:00:00.000,,SMB,Silver Mine Bay,銀鑛灣,true,true,true,41372,0,Raw Water,Raw Water,"",原水,6.70000,7,1.00000,2,,0.64000,1,2.00000,2,,,,-1.00000,-1,,,,-1.00000,-1,,,,-1.00000,-1,,,,-1,-1,,,,-1,-1,,2026-04-21 01:11:14.251,2026-04-21 01:11:14.251
40283,2,1,2026-04-20 17:56:00.471,2026-04-20 00:00:00.000,,SMB,Silver Mine Bay,銀鑛灣,true,true,true,41411,100,Final Water,Final Water,"",食水,8.69000,9,2.00000,1,,0.12000,0,2.00000,2,,1.04000,1,2.00000,1,,0.46000,1,2.00000,1,,,,-1.00000,-1,,,,-1,-1,,,,-1,-1,,2026-04-21 01:11:14.251,2026-04-21 01:11:14.251
40294,4,2,2026-04-20 22:33:54.472,2026-04-19 01:00:00.000,,CS,Cheung Sha,長沙,true,true,true,41468,0,Raw Water,Raw Water,"",原水,7.00000,7,0.00000,2,,0.75200,1,3.00000,2,,,,-1.00000,-1,,,,-1.00000,-1,,,,-1.00000,-1,,,,-1,-1,,,,-1,-1,,2026-04-21 01:11:14.251,2026-04-21 01:11:14.251
40271,1,0,2026-04-20 14:32:44.773,2026-04-19 13:00:00.000,,SHW,Siu Ho Wan,小蠔灣,true,true,true,41350,20,Dosed Water,Dosed Water,"",投藥後水,6.88000,7,2.00000,1,,,,-1.00000,-1,,,,-1.00000,-1,,,,-1.00000,-1,,,,-1.00000,-1,,,,-1,-1,,,,-1,-1,,2026-04-21 01:11:14.251,2026-04-21 01:11:14.251
40271,1,0,2026-04-20 14:32:44.773,2026-04-19 13:00:00.000,,SHW,Siu Ho Wan,小蠔灣,true,true,true,41349,0,Raw Water,Raw Water,"",原水,7.30000,7,1.00000,2,,2.18000,1,2.00000,2,,,,-1.00000,-1,,,,-1.00000,-1,,,,-1.00000,-1,,,,-1,-1,,,,-1,-1,,2026-04-21 01:11:14.251,2026-04-21 01:11:14.251
40280,2,1,2026-04-20 17:55:18.707,2026-04-19 00:30:00.000,,SMB,Silver Mine Bay,銀鑛灣,true,true,true,41392,0,Raw Water,Raw Water,"",原水,6.67000,7,2.00000,2,,0.65000,1,2.00000,2,,,,-1.00000,-1,,,,-1.00000,-1,,,,-1.00000,-1,,,,-1,-1,,,,-1,-1,,2026-04-21 01:11:14.251,2026-04-21 01:11:14.251
40280,2,1,2026-04-20 17:55:18.707,2026-04-19 00:30:00.000,,SMB,Silver Mine Bay,銀鑛灣,true,true,true,41396,100,Final Water,Final Water,"",食水,8.65000,9,2.00000,2,,0.11000,0,2.00000,2,,1.09000,1,2.00000,1,,0.45000,0,2.00000,2,,,,-1.00000,-1,,,,-1,-1,,,,-1,-1,,2026-04-21 01:11:14.251,2026-04-21 01:11:14.251
40291,4,2,2026-04-20 22:22:19.507,2026-04-18 01:00:00.000,,CS,Cheung Sha,長沙,true,true,true,41457,20,Dosed Water,Dosed Water,"",投藥後水,6.78000,7,2.00000,2,,,,-1.00000,-1,,0.83000,1,2.00000,2,,,,-1.00000,-1,,,,-1.00000,-1,,,,-1,-1,,,,-1,-1,,2026-04-21 01:11:14.251,2026-04-21 01:11:14.251
40273,1,0,2026-04-20 17:23:38.432,2026-04-19 21:00:00.000,,SHW,Siu Ho Wan,小蠔灣,true,true,true,41360,33,Clarified Water (A & B),Clarified Water (A & B),"",澄清後水 (A & B),6.88000,7,2.00000,2,,0.40000,0,1.00000,2,,0.52000,1,2.00000,1,,,,-1.00000,-1,,,,-1.00000,-1,,,,-1,-1,,,,-1,-1,,2026-04-21 01:11:14.251,2026-04-21 01:11:14.251
40273,1,0,2026-04-20 17:23:38.432,2026-04-19 21:00:00.000,,SHW,Siu Ho Wan,小蠔灣,true,true,true,41359,20,Dosed Water,Dosed Water,"",投藥後水,6.87000,7,2.00000,2,,,,-1.00000,-1,,,,-1.00000,-1,,,,-1.00000,-1,,,,-1.00000,-1,,,,-1,-1,,,,-1,-1,,2026-04-21 01:11:14.251,2026-04-21 01:11:14.251
40273,1,0,2026-04-20 17:23:38.432,2026-04-19 21:00:00.000,,SHW,Siu Ho Wan,小蠔灣,true,true,true,41358,0,Raw Water,Raw Water,"",原水,7.21000,7,2.00000,2,,1.02000,1,2.00000,2,,,,-1.00000,-1,,,,-1.00000,-1,,,,-1.00000,-1,,,,-1,-1,,,,-1,-1,,2026-04-21 01:11:14.251,2026-04-21 01:11:14.251
40275,2,2,2026-04-20 17:54:06.020,2026-04-17 08:00:00.000,,SMB,Silver Mine Bay,銀鑛灣,true,true,true,41371,100,Final Water,Final Water,"",食水,8.66000,9,2.00000,2,,0.13000,0,2.00000,2,,1.07000,1,2.00000,2,,0.48000,0,2.00000,2,,,,-1.00000,-1,,,,-1,-1,,,,-1,-1,,2026-04-21 01:11:14.251,2026-04-21 01:11:14.251
40279,2,1,2026-04-20 17:55:00.172,2026-04-18 16:30:00.000,,SMB,Silver Mine Bay,銀鑛灣,true,true,true,41387,0,Raw Water,Raw Water,"",原水,6.71000,7,2.00000,2,,0.59000,1,2.00000,2,,,,-1.00000,-1,,,,-1.00000,-1,,,,-1.00000,-1,,,,-1,-1,,,,-1,-1,,2026-04-21 01:11:14.251,2026-04-21 01:11:14.251
40297,4,2,2026-04-20 22:38:29.653,2026-04-20 01:00:00.000,,CS,Cheung Sha,長沙,true,true,true,41481,20,Dosed Water,Dosed Water,"",投藥後水,6.75000,7,2.00000,2,,,,-1.00000,-1,,0.77000,1,2.00000,1,,,,-1.00000,-1,,,,-1.00000,-1,,,,-1,-1,,,,-1,-1,,2026-04-22 01:11:01.839,2026-04-21 01:11:14.251
40282,2,2,2026-04-20 17:55:43.512,2026-04-19 16:30:00.000,,SMB,Silver Mine Bay,銀鑛灣,true,true,true,41406,100,Final Water,Final Water,"",食水,8.68000,9,2.00000,2,,0.14000,0,2.00000,2,,1.02000,1,2.00000,2,,0.45000,0,2.00000,2,,,,-1.00000,-1,,,,-1,-1,,,,-1,-1,,2026-04-21 01:11:14.251,2026-04-21 01:11:14.251
40276,2,2,2026-04-20 17:54:19.745,2026-04-17 21:00:00.000,,SMB,Silver Mine Bay,銀鑛灣,true,true,true,41375,40,Filtered Water,Filtered Water,"",過濾後水,,,-1.00000,-1,,0.17000,0,2.00000,2,,0.61000,1,2.00000,1,,,,-1.00000,-1,,,,-1.00000,-1,,,,-1,-1,,,,-1,-1,,2026-04-21 01:11:14.251,2026-04-21 01:11:14.251
40294,4,2,2026-04-20 22:33:54.472,2026-04-19 01:00:00.000,,CS,Cheung Sha,長沙,true,true,true,41470,40,Filtered Water,Filtered Water,"",過濾後水,,,-1.00000,-1,,0.07600,0,3.00000,2,,0.51000,1,2.00000,2,,,,-1.00000,-1,,,,-1.00000,-1,,,,-1,-1,,,,-1,-1,,2026-04-21 01:11:14.251,2026-04-21 01:11:14.251
40273,1,0,2026-04-20 17:23:38.432,2026-04-19 21:00:00.000,,SHW,Siu Ho Wan,小蠔灣,true,true,true,41361,40,Filtered Water,Filtered Water,"",過濾後水,,,-1.00000,-1,,0.09000,0,2.00000,2,,0.63000,1,2.00000,2,,,,-1.00000,-1,,,,-1.00000,-1,,,,-1,-1,,,,-1,-1,,2026-04-21 01:11:14.251,2026-04-21 01:11:14.251
40285,5,2,2026-04-22 14:57:44.045,2026-04-18 10:00:00.000,,TO,Tai O,大澳,true,true,true,41420,41,Filtered Water (1),Filtered Water,"1",過濾後水 (1),,,-1.00000,-1,,0.16000,0,2.00000,2,,,,-1.00000,-1,,,,-1.00000,-1,,,,-1.00000,-1,,,,-1,-1,,,,-1,-1,,2026-04-23 01:10:50.421,2026-04-21 01:11:14.251
40275,2,2,2026-04-20 17:54:06.020,2026-04-17 08:00:00.000,,SMB,Silver Mine Bay,銀鑛灣,true,true,true,41370,40,Filtered Water,Filtered Water,"",過濾後水,,,-1.00000,-1,,0.10000,0,1.00000,2,,0.60000,0,1.00000,2,,,,-1.00000,-1,,,,-1.00000,-1,,,,-1,-1,,,,-1,-1,,2026-04-21 01:11:14.251,2026-04-21 01:11:14.251
40290,4,2,2026-04-20 22:20:59.514,2026-04-17 17:00:00.000,,CS,Cheung Sha,長沙,true,true,true,41454,40,Filtered Water,Filtered Water,"",過濾後水,,,-1.00000,-1,,0.08500,0,3.00000,2,,0.47000,0,2.00000,2,,,,-1.00000,-1,,,,-1.00000,-1,,,,-1,-1,,,,-1,-1,,2026-04-21 01:11:14.251,2026-04-21 01:11:14.251
40282,2,2,2026-04-20 17:55:43.512,2026-04-19 16:30:00.000,,SMB,Silver Mine Bay,銀鑛灣,true,true,true,41402,0,Raw Water,Raw Water,"",原水,6.64000,7,2.00000,2,,0.60000,1,1.00000,2,,,,-1.00000,-1,,,,-1.00000,-1,,,,-1.00000,-1,,,,-1,-1,,,,-1,-1,,2026-04-21 01:11:14.251,2026-04-21 01:11:14.251
40274,4,2,2026-04-20 17:28:20.650,2026-04-20 17:00:00.000,,CS,Cheung Sha,長沙,true,true,true,41366,100,Final Water,Final Water,"",食水,8.66000,9,2.00000,2,,0.08400,0,3.00000,2,,1.04000,1,2.00000,2,,0.52000,0,2.00000,2,,,,-1.00000,-1,,,,-1,-1,,,,-1,-1,,2026-04-21 01:11:14.251,2026-04-21 01:11:14.251
40289,5,2,2026-04-21 09:26:31.585,2026-04-20 10:00:00.000,,TO,Tai O,大澳,true,true,true,41451,100,Final Water,Final Water,"",食水,8.41000,8,2.00000,2,,0.14000,0,2.00000,2,,1.07000,1,2.00000,2,,0.49000,1,2.00000,1,,,,-1.00000,-1,,,,-1,-1,,,,-1,-1,,2026-04-22 01:11:01.839,2026-04-21 01:11:14.251
40276,2,2,2026-04-20 17:54:19.745,2026-04-17 21:00:00.000,,SMB,Silver Mine Bay,銀鑛灣,true,true,true,41374,30,Clarified Water,Clarified Water,"",澄清後水,6.90000,7,1.00000,1,,0.26000,0,2.00000,2,,0.89000,1,2.00000,1,,,,-1.00000,-1,,,,-1.00000,-1,,,,-1,-1,,,,-1,-1,,2026-04-21 01:11:14.251,2026-04-21 01:11:14.251
40281,2,2,2026-04-20 17:55:31.366,2026-04-19 09:00:00.000,,SMB,Silver Mine Bay,銀鑛灣,true,true,true,41399,30,Clarified Water,Clarified Water,"",澄清後水,6.91000,7,2.00000,2,,0.20000,0,1.00000,2,,0.98000,1,2.00000,2,,,,-1.00000,-1,,,,-1.00000,-1,,,,-1,-1,,,,-1,-1,,2026-04-21 01:11:14.251,2026-04-21 01:11:14.251
40285,5,2,2026-04-22 14:57:44.045,2026-04-18 10:00:00.000,,TO,Tai O,大澳,true,true,true,41418,2,Raw Water (Shek Pik),Raw Water,Shek Pik,原水 (Shek Pik),6.67000,7,2.00000,2,,1.05000,1,2.00000,2,,,,-1.00000,-1,,,,-1.00000,-1,,,,-1.00000,-1,,,,-1,-1,,,,-1,-1,,2026-04-23 01:10:50.421,2026-04-21 01:11:14.251
40288,5,2,2026-04-22 14:57:16.402,2026-04-19 22:00:00.000,,TO,Tai O,大澳,true,true,true,41438,1,Raw Water (Yi O),Raw Water,Yi O,原水 (Yi O),0.00000,0,0.00000,0,,0.00000,0,0.00000,0,,,,-1.00000,-1,,,,-1.00000,-1,,,,-1.00000,-1,,,,-1,-1,,,,-1,-1,,2026-04-23 01:10:50.421,2026-04-21 01:11:14.251
40305,2,1,2026-04-21 10:12:26.324,2026-04-21 09:00:00.000,,SMB,Silver Mine Bay,銀鑛灣,true,true,true,41519,30,Clarified Water,Clarified Water,"",澄清後水,6.86000,7,2.00000,2,,0.16000,0,2.00000,2,,0.93000,1,2.00000,1,,,,-1.00000,-1,,,,-1.00000,-1,,,,-1,-1,,,,-1,-1,,2026-04-22 01:11:01.839,2026-04-22 01:11:01.839
40307,5,2,2026-04-21 20:31:09.777,2026-04-21 10:00:00.000,,TO,Tai O,大澳,true,true,true,41527,1,Raw Water (Yi O),Raw Water,Yi O,原水 (Yi O),0.00000,0,0.00000,0,,0.00000,0,0.00000,0,,,,-1.00000,-1,,,,-1.00000,-1,,,,-1.00000,-1,,,,-1,-1,,,,-1,-1,,2026-04-22 01:11:01.839,2026-04-22 01:11:01.839
40309,2,2,2026-04-21 19:10:23.073,2026-04-21 17:00:00.000,,SMB,Silver Mine Bay,銀鑛灣,true,true,true,41539,20,Dosed Water,Dosed Water,"",投藥後水,6.72000,7,2.00000,1,,,,-1.00000,-1,,,,-1.00000,-1,,,,-1.00000,-1,,,,-1.00000,-1,,,,-1,-1,,,,-1,-1,,2026-04-22 01:11:01.839,2026-04-22 01:11:01.839
40311,1,0,2026-04-21 21:08:22.226,2026-04-20 21:00:00.000,,SHW,Siu Ho Wan,小蠔灣,true,true,true,41550,33,Clarified Water (A & B),Clarified Water (A & B),"",澄清後水 (A & B),6.85000,7,2.00000,2,,0.64000,1,2.00000,1,,0.51000,0,2.00000,2,,,,-1.00000,-1,,,,-1.00000,-1,,,,-1,-1,,,,-1,-1,,2026-04-23 01:10:50.421,2026-04-22 01:11:01.839
40304,4,2,2026-04-21 09:50:35.937,2026-04-21 09:00:00.000,,CS,Cheung Sha,長沙,true,true,true,41514,20,Dosed Water,Dosed Water,"",投藥後水,6.77000,7,2.00000,2,,,,-1.00000,-1,,0.83000,1,2.00000,2,,,,-1.00000,-1,,,,-1.00000,-1,,,,-1,-1,,,,-1,-1,,2026-04-22 01:11:01.839,2026-04-22 01:11:01.839
40309,2,2,2026-04-21 19:10:23.073,2026-04-21 17:00:00.000,,SMB,Silver Mine Bay,銀鑛灣,true,true,true,41540,30,Clarified Water,Clarified Water,"",澄清後水,6.89000,7,2.00000,1,,0.16000,0,2.00000,2,,0.85000,1,2.00000,2,,,,-1.00000,-1,,,,-1.00000,-1,,,,-1,-1,,,,-1,-1,,2026-04-22 01:11:01.839,2026-04-22 01:11:01.839
40319,3,0,2026-04-22 11:38:28.234,2026-04-22 09:00:00.000,,RH,Red Hill,紅山,true,true,true,41590,44,Filtered Water (1-2),Filtered Water,"1-2",過濾後水 (1-2),,,-1.00000,-1,,0.07000,0,2.00000,1,,0.47000,1,2.00000,1,,,,-1.00000,-1,,,,-1.00000,-1,,,,-1,-1,,,,-1,-1,,2026-04-23 01:10:50.421,2026-04-23 01:10:50.421
40321,5,2,2026-04-22 15:07:20.339,2026-04-22 10:00:00.000,,TO,Tai O,大澳,true,true,true,41603,41,Filtered Water (1),Filtered Water,"1",過濾後水 (1),,,-1.00000,-1,,0.14000,0,2.00000,2,,,,-1.00000,-1,,,,-1.00000,-1,,,,-1.00000,-1,,,,-1,-1,,,,-1,-1,,2026-04-23 01:10:50.421,2026-04-23 01:10:50.421
40323,4,2,2026-04-22 18:10:52.607,2026-04-22 17:00:00.000,,CS,Cheung Sha,長沙,true,true,true,41614,40,Filtered Water,Filtered Water,"",過濾後水,,,-1.00000,-1,,0.09000,0,2.00000,3,,0.49000,1,2.00000,2,,,,-1.00000,-1,,,,-1.00000,-1,,,,-1,-1,,,,-1,-1,,2026-04-23 01:10:50.421,2026-04-23 01:10:50.421
40315,5,2,2026-04-22 08:08:49.956,2026-04-21 22:00:00.000,,TO,Tai O,大澳,true,true,true,41567,1,Raw Water (Yi O),Raw Water,Yi O,原水 (Yi O),0.00000,0,0.00000,0,,0.00000,0,0.00000,0,,,,-1.00000,-1,,,,-1.00000,-1,,,,-1.00000,-1,,,,-1,-1,,,,-1,-1,,2026-04-23 01:10:50.421,2026-04-23 01:10:50.421
40321,5,2,2026-04-22 15:07:20.339,2026-04-22 10:00:00.000,,TO,Tai O,大澳,true,true,true,41601,2,Raw Water (Shek Pik),Raw Water,Shek Pik,原水 (Shek Pik),6.75000,7,2.00000,2,,1.14000,1,2.00000,2,,,,-1.00000,-1,,,,-1.00000,-1,,,,-1.00000,-1,,,,-1,-1,,,,-1,-1,,2026-04-23 01:10:50.421,2026-04-23 01:10:50.421
40321,5,2,2026-04-22 15:07:20.339,2026-04-22 10:00:00.000,,TO,Tai O,大澳,true,true,true,41600,1,Raw Water (Yi O),Raw Water,Yi O,原水 (Yi O),0.00000,0,0.00000,0,,0.00000,0,0.00000,0,,,,-1.00000,-1,,,,-1.00000,-1,,,,-1.00000,-1,,,,-1,-1,,,,-1,-1,,2026-04-23 01:10:50.421,2026-04-23 01:10:50.421
40315,5,2,2026-04-22 08:08:49.956,2026-04-21 22:00:00.000,,TO,Tai O,大澳,true,true,true,41572,43,Filtered Water (3),Filtered Water,"3",過濾後水 (3),,,-1.00000,-1,,0.19000,0,2.00000,2,,,,-1.00000,-1,,,,-1.00000,-1,,,,-1.00000,-1,,,,-1,-1,,,,-1,-1,,2026-04-23 01:10:50.421,2026-04-23 01:10:50.421
40317,2,1,2026-04-22 10:27:01.910,2026-04-22 09:00:00.000,,SMB,Silver Mine Bay,銀鑛灣,true,true,true,41578,0,Raw Water,Raw Water,"",原水,6.66000,7,2.00000,2,,0.47000,1,2.00000,2,,,,-1.00000,-1,,,,-1.00000,-1,,,,-1.00000,-1,,,,-1,-1,,,,-1,-1,,2026-04-23 01:10:50.421,2026-04-23 01:10:50.421
40314,4,2,2026-04-22 07:25:50.647,2026-04-22 01:00:00.000,,CS,Cheung Sha,長沙,true,true,true,41564,20,Dosed Water,Dosed Water,"",投藥後水,6.81000,7,2.00000,2,,,,-1.00000,-1,,0.87000,1,2.00000,2,,,,-1.00000,-1,,,,-1.00000,-1,,,,-1,-1,,,,-1,-1,,2026-04-23 01:10:50.421,2026-04-23 01:10:50.421
40322,1,0,2026-04-22 18:00:20.569,2026-04-21 21:00:00.000,,SHW,Siu Ho Wan,小蠔灣,true,true,true,41609,33,Clarified Water (A & B),Clarified Water (A & B),"",澄清後水 (A & B),7.02000,7,2.00000,2,,0.39000,0,2.00000,2,,0.89000,1,2.00000,2,,,,-1.00000,-1,,,,-1.00000,-1,,,,-1,-1,,,,-1,-1,,2026-04-23 01:10:50.421,2026-04-23 01:10:50.421
40322,1,0,2026-04-22 18:00:20.569,2026-04-21 21:00:00.000,,SHW,Siu Ho Wan,小蠔灣,true,true,true,41608,20,Dosed Water,Dosed Water,"",投藥後水,6.84000,7,2.00000,2,,,,-1.00000,-1,,,,-1.00000,-1,,,,-1.00000,-1,,,,-1.00000,-1,,,,-1,-1,,,,-1,-1,,2026-04-23 01:10:50.421,2026-04-23 01:10:50.421
40322,1,0,2026-04-22 18:00:20.569,2026-04-21 21:00:00.000,,SHW,Siu Ho Wan,小蠔灣,true,true,true,41611,100,Final Water,Final Water,"",食水,8.44000,9,2.00000,2,,0.20000,0,1.00000,2,,0.95000,1,2.00000,2,,0.43000,0,2.00000,1,,,,-1.00000,-1,,,,-1,-1,,,,-1,-1,,2026-04-23 01:10:50.421,2026-04-23 01:10:50.421
40322,1,0,2026-04-22 18:00:20.569,2026-04-21 21:00:00.000,,SHW,Siu Ho Wan,小蠔灣,true,true,true,41607,0,Raw Water,Raw Water,"",原水,7.18000,7,2.00000,2,,0.88000,1,2.00000,2,,,,-1.00000,-1,,,,-1.00000,-1,,,,-1.00000,-1,,,,-1,-1,,,,-1,-1,,2026-04-23 01:10:50.421,2026-04-23 01:10:50.421
40313,3,2,2026-04-22 06:44:56.822,2026-04-22 01:00:00.000,,RH,Red Hill,紅山,true,true,true,41558,0,Raw Water,Raw Water,"",原水,7.09000,7,2.00000,2,,1.49000,2,2.00000,2,,,,-1.00000,-1,,,,-1.00000,-1,,,,-1.00000,-1,,,,-1,-1,,,,-1,-1,,2026-04-23 01:10:50.421,2026-04-23 01:10:50.421
40312,2,2,2026-04-22 06:36:48.974,2026-04-22 05:00:00.000,,SMB,Silver Mine Bay,銀鑛灣,true,true,true,41557,100,Final Water,Final Water,"",食水,8.66000,9,2.00000,2,,0.12000,0,2.00000,2,,0.98000,1,2.00000,2,,0.45000,0,2.00000,2,,,,-1.00000,-1,,,,-1,-1,,,,-1,-1,,2026-04-23 01:10:50.421,2026-04-23 01:10:50.421
40312,2,2,2026-04-22 06:36:48.974,2026-04-22 05:00:00.000,,SMB,Silver Mine Bay,銀鑛灣,true,true,true,41553,0,Raw Water,Raw Water,"",原水,6.71000,7,2.00000,2,,0.52000,0,2.00000,2,,,,-1.00000,-1,,,,-1.00000,-1,,,,-1.00000,-1,,,,-1,-1,,,,-1,-1,,2026-04-23 01:10:50.421,2026-04-23 01:10:50.421
40323,4,2,2026-04-22 18:10:52.607,2026-04-22 17:00:00.000,,CS,Cheung Sha,長沙,true,true,true,41613,20,Dosed Water,Dosed Water,"",投藥後水,6.82000,7,2.00000,0,,,,-1.00000,-1,,0.85000,1,2.00000,2,"",,,-1.00000,-1,,,,-1.00000,-1,,,,-1,-1,,,,-1,-1,,2026-04-23 01:10:50.421,2026-04-23 01:10:50.421
40316,4,2,2026-04-22 09:50:02.911,2026-04-22 09:00:00.000,,CS,Cheung Sha,長沙,true,true,true,41575,20,Dosed Water,Dosed Water,"",投藥後水,6.70000,7,1.00000,2,,,,-1.00000,-1,,0.87000,1,2.00000,2,,,,-1.00000,-1,,,,-1.00000,-1,,,,-1,-1,,,,-1,-1,,2026-04-23 01:10:50.421,2026-04-23 01:10:50.421
40318,1,0,2026-04-22 11:04:02.845,2026-04-21 15:00:00.000,,SHW,Siu Ho Wan,小蠔灣,true,true,true,41587,100,Final Water,Final Water,"",食水,8.74000,9,2.00000,2,,0.33000,0,2.00000,2,,1.14000,1,2.00000,2,,0.53000,0,2.00000,2,,,,-1.00000,-1,,,,-1,-1,,,,-1,-1,,2026-04-23 01:10:50.421,2026-04-23 01:10:50.421
40320,5,2,2026-04-22 14:56:38.588,2026-04-20 22:00:00.000,,TO,Tai O,大澳,true,true,true,41595,20,Dosed Water,Dosed Water,"",投藥後水,6.53000,6,2.00000,2,,,,-1.00000,-1,,,,-1.00000,-1,,,,-1.00000,-1,,,,-1.00000,-1,,,,-1,-1,,,,-1,-1,,2026-04-23 01:10:50.421,2026-04-23 01:10:50.421
40320,5,2,2026-04-22 14:56:38.588,2026-04-20 22:00:00.000,,TO,Tai O,大澳,true,true,true,41598,43,Filtered Water (3),Filtered Water,"3",過濾後水 (3),,,-1.00000,-1,,0.15000,0,2.00000,2,,,,-1.00000,-1,,,,-1.00000,-1,,,,-1.00000,-1,,,,-1,-1,,,,-1,-1,,2026-04-23 01:10:50.421,2026-04-23 01:10:50.421
40299,3,1,2026-04-21 01:54:32.469,2026-04-21 01:00:00.000,,RH,Red Hill,紅山,true,true,true,41491,44,Filtered Water (1-2),Filtered Water,"1-2",過濾後水 (1-2),,,-1.00000,-1,,0.09000,0,2.00000,2,,0.49000,0,2.00000,2,,,,-1.00000,-1,,,,-1.00000,-1,,,,-1,-1,,,,-1,-1,,2026-04-22 01:11:01.839,2026-04-22 01:11:01.839
40307,5,2,2026-04-21 20:31:09.777,2026-04-21 10:00:00.000,,TO,Tai O,大澳,true,true,true,41530,41,Filtered Water (1),Filtered Water,"1",過濾後水 (1),,,-1.00000,-1,,0.13000,0,2.00000,2,,,,-1.00000,-1,,,,-1.00000,-1,,,,-1.00000,-1,,,,-1,-1,,,,-1,-1,,2026-04-22 01:11:01.839,2026-04-22 01:11:01.839
40307,5,2,2026-04-21 20:31:09.777,2026-04-21 10:00:00.000,,TO,Tai O,大澳,true,true,true,41531,42,Filtered Water (2),Filtered Water,"2",過濾後水 (2),,,-1.00000,-1,,0.16000,0,2.00000,2,,,,-1.00000,-1,,,,-1.00000,-1,,,,-1.00000,-1,,,,-1,-1,,,,-1,-1,,2026-04-22 01:11:01.839,2026-04-22 01:11:01.839
40302,4,2,2026-04-21 07:27:15.036,2026-04-21 01:00:00.000,,CS,Cheung Sha,長沙,true,true,true,41506,40,Filtered Water,Filtered Water,"",過濾後水,,,-1.00000,-1,,0.07400,0,3.00000,2,,0.50000,1,1.00000,2,,,,-1.00000,-1,,,,-1.00000,-1,,,,-1,-1,,,,-1,-1,,2026-04-22 01:11:01.839,2026-04-22 01:11:01.839
40305,2,1,2026-04-21 10:12:26.324,2026-04-21 09:00:00.000,,SMB,Silver Mine Bay,銀鑛灣,true,true,true,41520,40,Filtered Water,Filtered Water,"",過濾後水,,,-1.00000,-1,,0.12000,0,2.00000,2,,0.48000,0,2.00000,2,,,,-1.00000,-1,,,,-1.00000,-1,,,,-1,-1,,,,-1,-1,,2026-04-22 01:11:01.839,2026-04-22 01:11:01.839
40301,2,1,2026-04-21 06:43:39.950,2026-04-21 00:00:00.000,,SMB,Silver Mine Bay,銀鑛灣,true,true,true,41503,100,Final Water,Final Water,"",食水,8.68000,9,2.00000,2,,0.11000,0,2.00000,2,,1.13000,1,2.00000,2,,0.47000,0,2.00000,2,,,,-1.00000,-1,,,,-1,-1,,,,-1,-1,,2026-04-22 01:11:01.839,2026-04-22 01:11:01.839
40298,3,1,2026-04-21 01:51:21.457,2026-04-20 17:00:00.000,,RH,Red Hill,紅山,true,true,true,41488,100,Final Water,Final Water,"",食水,0.10000,0,1.00000,2,,8.61000,9,2.00000,2,,1.12000,1,2.00000,2,,0.50000,0,1.00000,2,abnormal at 14:45,,,-1.00000,-1,,,,-1,-1,,,,-1,-1,,2026-04-22 01:11:01.839,2026-04-22 01:11:01.839
40298,3,1,2026-04-21 01:51:21.457,2026-04-20 17:00:00.000,,RH,Red Hill,紅山,true,true,true,41485,20,Dosed Water,Dosed Water,"",投藥後水,7.03000,7,2.00000,2,,,,-1.00000,-1,,0.95000,1,2.00000,1,,,,-1.00000,-1,,,,-1.00000,-1,,,,-1,-1,,,,-1,-1,,2026-04-22 01:11:01.839,2026-04-22 01:11:01.839
40307,5,2,2026-04-21 20:31:09.777,2026-04-21 10:00:00.000,,TO,Tai O,大澳,true,true,true,41533,100,Final Water,Final Water,"",食水,8.45000,8,2.00000,2,,0.12000,0,2.00000,2,,0.99000,1,2.00000,2,,0.49000,0,2.00000,2,,,,-1.00000,-1,,,,-1,-1,,,,-1,-1,,2026-04-22 01:11:01.839,2026-04-22 01:11:01.839
40307,5,2,2026-04-21 20:31:09.777,2026-04-21 10:00:00.000,,TO,Tai O,大澳,true,true,true,41532,43,Filtered Water (3),Filtered Water,"3",過濾後水 (3),,,-1.00000,-1,,0.17000,0,2.00000,2,,,,-1.00000,-1,,,,-1.00000,-1,,,,-1.00000,-1,,,,-1,-1,,,,-1,-1,,2026-04-22 01:11:01.839,2026-04-22 01:11:01.839
40302,4,2,2026-04-21 07:27:15.036,2026-04-21 01:00:00.000,,CS,Cheung Sha,長沙,true,true,true,41507,100,Final Water,Final Water,"",食水,8.60000,9,1.00000,1,,0.07900,0,3.00000,1,,1.03000,1,2.00000,2,,0.49000,1,2.00000,1,,,,-1.00000,-1,,,,-1,-1,,,,-1,-1,,2026-04-22 01:11:01.839,2026-04-22 01:11:01.839
40302,4,2,2026-04-21 07:27:15.036,2026-04-21 01:00:00.000,,CS,Cheung Sha,長沙,true,true,true,41505,20,Dosed Water,Dosed Water,"",投藥後水,6.83000,7,2.00000,2,,,,-1.00000,-1,,0.83000,1,2.00000,2,,,,-1.00000,-1,,,,-1.00000,-1,,,,-1,-1,,,,-1,-1,,2026-04-22 01:11:01.839,2026-04-22 01:11:01.839
40305,2,1,2026-04-21 10:12:26.324,2026-04-21 09:00:00.000,,SMB,Silver Mine Bay,銀鑛灣,true,true,true,41517,0,Raw Water,Raw Water,"",原水,6.68000,7,2.00000,2,,0.48000,1,2.00000,2,,,,-1.00000,-1,,,,-1.00000,-1,,,,-1.00000,-1,,,,-1,-1,,,,-1,-1,,2026-04-22 01:11:01.839,2026-04-22 01:11:01.839
40305,2,1,2026-04-21 10:12:26.324,2026-04-21 09:00:00.000,,SMB,Silver Mine Bay,銀鑛灣,true,true,true,41521,100,Final Water,Final Water,"",食水,8.76000,9,2.00000,2,,0.14000,0,2.00000,2,,1.09000,1,2.00000,2,,0.45000,0,2.00000,2,,,,-1.00000,-1,,,,-1,-1,,,,-1,-1,,2026-04-22 01:11:01.839,2026-04-22 01:11:01.839
40303,1,0,2026-04-21 09:39:27.681,2026-04-20 13:00:00.000,,SHW,Siu Ho Wan,小蠔灣,true,true,true,41512,100,Final Water,Final Water,"",食水,8.42000,8,2.00000,2,,0.20000,0,1.00000,2,,0.92000,1,2.00000,2,,0.49000,1,2.00000,1,,,,-1.00000,-1,,,,-1,-1,,,,-1,-1,,2026-04-22 01:11:01.839,2026-04-22 01:11:01.839
40311,1,0,2026-04-21 21:08:22.226,2026-04-20 21:00:00.000,,SHW,Siu Ho Wan,小蠔灣,true,true,true,41552,100,Final Water,Final Water,"",食水,8.73000,9,2.00000,2,,0.20000,0,1.00000,2,,1.02000,1,2.00000,2,,0.47000,0,2.00000,2,,,,-1.00000,-1,,,,-1,-1,,,,-1,-1,,2026-04-23 01:10:50.421,2026-04-22 01:11:01.839
40311,1,0,2026-04-21 21:08:22.226,2026-04-20 21:00:00.000,,SHW,Siu Ho Wan,小蠔灣,true,true,true,41549,20,Dosed Water,Dosed Water,"",投藥後水,6.89000,7,2.00000,2,,,,-1.00000,-1,,,,-1.00000,-1,,,,-1.00000,-1,,,,-1.00000,-1,,,,-1,-1,,,,-1,-1,,2026-04-23 01:10:50.421,2026-04-22 01:11:01.839
40304,4,2,2026-04-21 09:50:35.937,2026-04-21 09:00:00.000,,CS,Cheung Sha,長沙,true,true,true,41516,100,Final Water,Final Water,"",食水,8.52000,9,2.00000,2,,0.09400,0,3.00000,1,,1.03000,1,2.00000,2,,0.49600,0,3.00000,2,,,,-1.00000,-1,,,,-1,-1,,,,-1,-1,,2026-04-22 01:11:01.839,2026-04-22 01:11:01.839
40308,4,2,2026-04-21 19:00:23.642,2026-04-21 17:00:00.000,,CS,Cheung Sha,長沙,true,true,true,41537,100,Final Water,Final Water,"",食水,8.63000,9,2.00000,2,,0.09500,0,3.00000,1,,1.05000,1,2.00000,2,,0.50800,1,3.00000,2,,,,-1.00000,-1,,,,-1,-1,,,,-1,-1,,2026-04-22 01:11:01.839,2026-04-22 01:11:01.839
40308,4,2,2026-04-21 19:00:23.642,2026-04-21 17:00:00.000,,CS,Cheung Sha,長沙,true,true,true,41535,20,Dosed Water,Dosed Water,"",投藥後水,6.84000,7,2.00000,2,,,,-1.00000,-1,,0.89000,1,2.00000,2,,,,-1.00000,-1,,,,-1.00000,-1,,,,-1,-1,,,,-1,-1,,2026-04-22 01:11:01.839,2026-04-22 01:11:01.839
40312,2,2,2026-04-22 06:36:48.974,2026-04-22 05:00:00.000,,SMB,Silver Mine Bay,銀鑛灣,true,true,true,41556,40,Filtered Water,Filtered Water,"",過濾後水,,,-1.00000,-1,,0.09000,0,2.00000,2,,0.48000,0,2.00000,2,,,,-1.00000,-1,,,,-1.00000,-1,,,,-1,-1,,,,-1,-1,,2026-04-23 01:10:50.421,2026-04-23 01:10:50.421
40315,5,2,2026-04-22 08:08:49.956,2026-04-21 22:00:00.000,,TO,Tai O,大澳,true,true,true,41571,42,Filtered Water (2),Filtered Water,"2",過濾後水 (2),,,-1.00000,-1,,0.17000,0,2.00000,2,,,,-1.00000,-1,,,,-1.00000,-1,,,,-1.00000,-1,,,,-1,-1,,,,-1,-1,,2026-04-23 01:10:50.421,2026-04-23 01:10:50.421
40316,4,2,2026-04-22 09:50:02.911,2026-04-22 09:00:00.000,,CS,Cheung Sha,長沙,true,true,true,41576,40,Filtered Water,Filtered Water,"",過濾後水,,,-1.00000,-1,,0.09100,0,3.00000,3,,0.54000,1,2.00000,2,,,,-1.00000,-1,,,,-1.00000,-1,,,,-1,-1,,,,-1,-1,,2026-04-23 01:10:50.421,2026-04-23 01:10:50.421
40320,5,2,2026-04-22 14:56:38.588,2026-04-20 22:00:00.000,,TO,Tai O,大澳,true,true,true,41596,41,Filtered Water (1),Filtered Water,"1",過濾後水 (1),,,-1.00000,-1,,0.16000,0,2.00000,2,,,,-1.00000,-1,,,,-1.00000,-1,,,,-1.00000,-1,,,,-1,-1,,,,-1,-1,,2026-04-23 01:10:50.421,2026-04-23 01:10:50.421
40313,3,2,2026-04-22 06:44:56.822,2026-04-22 01:00:00.000,,RH,Red Hill,紅山,true,true,true,41560,44,Filtered Water (1-2),Filtered Water,"1-2",過濾後水 (1-2),,,-1.00000,-1,,0.08000,0,2.00000,2,,0.52000,1,2.00000,1,,,,-1.00000,-1,,,,-1.00000,-1,,,,-1,-1,,,,-1,-1,,2026-04-23 01:10:50.421,2026-04-23 01:10:50.421
40319,3,0,2026-04-22 11:38:28.234,2026-04-22 09:00:00.000,,RH,Red Hill,紅山,true,true,true,41591,45,Filtered Water (3-4),Filtered Water,"3-4",過濾後水 (3-4),,,-1.00000,-1,,0.08000,0,2.00000,1,,0.50000,1,1.00000,1,,,,-1.00000,-1,,,,-1.00000,-1,,,,-1,-1,,,,-1,-1,,2026-04-23 01:10:50.421,2026-04-23 01:10:50.421
40317,2,1,2026-04-22 10:27:01.910,2026-04-22 09:00:00.000,,SMB,Silver Mine Bay,銀鑛灣,true,true,true,41580,30,Clarified Water,Clarified Water,"",澄清後水,6.88000,7,2.00000,2,,0.29000,0,2.00000,2,,0.96000,2,2.00000,0,,,,-1.00000,-1,,,,-1.00000,-1,,,,-1,-1,,,,-1,-1,,2026-04-23 01:10:50.421,2026-04-23 01:10:50.421
40315,5,2,2026-04-22 08:08:49.956,2026-04-21 22:00:00.000,,TO,Tai O,大澳,true,true,true,41568,2,Raw Water (Shek Pik),Raw Water,Shek Pik,原水 (Shek Pik),6.77000,7,2.00000,2,,0.88000,1,2.00000,2,,,,-1.00000,-1,,,,-1.00000,-1,,,,-1.00000,-1,,,,-1,-1,,,,-1,-1,,2026-04-23 01:10:50.421,2026-04-23 01:10:50.421
40320,5,2,2026-04-22 14:56:38.588,2026-04-20 22:00:00.000,,TO,Tai O,大澳,true,true,true,41593,1,Raw Water (Yi O),Raw Water,Yi O,原水 (Yi O),0.00000,0,0.00000,0,,0.00000,0,0.00000,0,,,,-1.00000,-1,,,,-1.00000,-1,,,,-1.00000,-1,,,,-1,-1,,,,-1,-1,,2026-04-23 01:10:50.421,2026-04-23 01:10:50.421
40321,5,2,2026-04-22 15:07:20.339,2026-04-22 10:00:00.000,,TO,Tai O,大澳,true,true,true,41602,20,Dosed Water,Dosed Water,"",投藥後水,6.50000,7,1.00000,2,,,,-1.00000,-1,,,,-1.00000,-1,,,,-1.00000,-1,,,,-1.00000,-1,,,,-1,-1,,,,-1,-1,,2026-04-23 01:10:50.421,2026-04-23 01:10:50.421
40321,5,2,2026-04-22 15:07:20.339,2026-04-22 10:00:00.000,,TO,Tai O,大澳,true,true,true,41605,43,Filtered Water (3),Filtered Water,"3",過濾後水 (3),,,-1.00000,-1,,0.17000,0,2.00000,2,,,,-1.00000,-1,,,,-1.00000,-1,,,,-1.00000,-1,,,,-1,-1,,,,-1,-1,,2026-04-23 01:10:50.421,2026-04-23 01:10:50.421
40315,5,2,2026-04-22 08:08:49.956,2026-04-21 22:00:00.000,,TO,Tai O,大澳,true,true,true,41569,20,Dosed Water,Dosed Water,"",投藥後水,6.53000,7,2.00000,2,,,,-1.00000,-1,,,,-1.00000,-1,,,,-1.00000,-1,,,,-1.00000,-1,,,,-1,-1,,,,-1,-1,,2026-04-23 01:10:50.421,2026-04-23 01:10:50.421
40315,5,2,2026-04-22 08:08:49.956,2026-04-21 22:00:00.000,,TO,Tai O,大澳,true,true,true,41573,100,Final Water,Final Water,"",食水,8.38000,8,2.00000,2,,0.19000,0,2.00000,2,,1.07000,1,2.00000,1,,0.50000,0,1.00000,2,,,,-1.00000,-1,,,,-1,-1,,,,-1,-1,,2026-04-23 01:10:50.421,2026-04-23 01:10:50.421
40317,2,1,2026-04-22 10:27:01.910,2026-04-22 09:00:00.000,,SMB,Silver Mine Bay,銀鑛灣,true,true,true,41582,100,Final Water,Final Water,"",食水,8.77000,9,2.00000,2,,0.14000,0,2.00000,2,,0.89000,1,2.00000,2,,0.45000,1,2.00000,1,,,,-1.00000,-1,,,,-1,-1,,,,-1,-1,,2026-04-23 01:10:50.421,2026-04-23 01:10:50.421
40316,4,2,2026-04-22 09:50:02.911,2026-04-22 09:00:00.000,,CS,Cheung Sha,長沙,true,true,true,41577,100,Final Water,Final Water,"",食水,8.47000,9,2.00000,2,,0.08400,0,3.00000,3,,1.11000,1,2.00000,2,,0.51000,1,2.00000,1,,,,-1.00000,-1,,,,-1,-1,,,,-1,-1,,2026-04-23 01:10:50.421,2026-04-23 01:10:50.421
40303,1,0,2026-04-21 09:39:27.681,2026-04-20 13:00:00.000,,SHW,Siu Ho Wan,小蠔灣,true,true,true,41510,33,Clarified Water (A & B),Clarified Water (A & B),"",澄清後水 (A & B),6.83000,7,2.00000,2,,0.45000,0,2.00000,2,,0.70000,1,1.00000,1,,,,-1.00000,-1,,,,-1.00000,-1,,,,-1,-1,,,,-1,-1,,2026-04-22 01:11:01.839,2026-04-22 01:11:01.839
40309,2,2,2026-04-21 19:10:23.073,2026-04-21 17:00:00.000,,SMB,Silver Mine Bay,銀鑛灣,true,true,true,41538,0,Raw Water,Raw Water,"",原水,6.68000,7,2.00000,2,,0.55000,1,2.00000,2,,,,-1.00000,-1,,,,-1.00000,-1,,,,-1.00000,-1,,,,-1,-1,,,,-1,-1,,2026-04-22 01:11:01.839,2026-04-22 01:11:01.839
40304,4,2,2026-04-21 09:50:35.937,2026-04-21 09:00:00.000,,CS,Cheung Sha,長沙,true,true,true,41513,0,Raw Water,Raw Water,"",原水,6.88000,7,2.00000,2,,0.73200,1,3.00000,1,,,,-1.00000,-1,,,,-1.00000,-1,,,,-1.00000,-1,,,,-1,-1,,,,-1,-1,,2026-04-22 01:11:01.839,2026-04-22 01:11:01.839
40308,4,2,2026-04-21 19:00:23.642,2026-04-21 17:00:00.000,,CS,Cheung Sha,長沙,true,true,true,41534,0,Raw Water,Raw Water,"",原水,7.07000,7,2.00000,2,,0.72600,1,3.00000,2,,,,-1.00000,-1,,,,-1.00000,-1,,,,-1.00000,-1,,,,-1,-1,,,,-1,-1,,2026-04-22 01:11:01.839,2026-04-22 01:11:01.839
40307,5,2,2026-04-21 20:31:09.777,2026-04-21 10:00:00.000,,TO,Tai O,大澳,true,true,true,41528,2,Raw Water (Shek Pik),Raw Water,Shek Pik,原水 (Shek Pik),6.76000,7,2.00000,2,,0.79000,1,2.00000,2,,,,-1.00000,-1,,,,-1.00000,-1,,,,-1.00000,-1,,,,-1,-1,,,,-1,-1,,2026-04-22 01:11:01.839,2026-04-22 01:11:01.839
40300,2,2,2026-04-21 06:43:28.647,2026-04-20 17:30:00.000,,SMB,Silver Mine Bay,銀鑛灣,true,true,true,41496,30,Clarified Water,Clarified Water,"",澄清後水,6.89000,7,2.00000,2,,0.21000,0,2.00000,2,,0.94000,1,2.00000,2,,,,-1.00000,-1,,,,-1.00000,-1,,,,-1,-1,,,,-1,-1,,2026-04-22 01:11:01.839,2026-04-22 01:11:01.839
40300,2,2,2026-04-21 06:43:28.647,2026-04-20 17:30:00.000,,SMB,Silver Mine Bay,銀鑛灣,true,true,true,41497,40,Filtered Water,Filtered Water,"",過濾後水,,,-1.00000,-1,,0.15000,0,2.00000,2,,0.77000,1,2.00000,2,,,,-1.00000,-1,,,,-1.00000,-1,,,,-1,-1,,,,-1,-1,,2026-04-22 01:11:01.839,2026-04-22 01:11:01.839
40301,2,1,2026-04-21 06:43:39.950,2026-04-21 00:00:00.000,,SMB,Silver Mine Bay,銀鑛灣,true,true,true,41502,40,Filtered Water,Filtered Water,"",過濾後水,,,-1.00000,-1,,0.12000,0,2.00000,2,,0.77000,1,2.00000,2,,,,-1.00000,-1,,,,-1.00000,-1,,,,-1,-1,,,,-1,-1,,2026-04-22 01:11:01.839,2026-04-22 01:11:01.839
40315,5,2,2026-04-22 08:08:49.956,2026-04-21 22:00:00.000,,TO,Tai O,大澳,true,true,true,41570,41,Filtered Water (1),Filtered Water,"1",過濾後水 (1),,,-1.00000,-1,,0.20000,0,1.00000,2,,,,-1.00000,-1,,,,-1.00000,-1,,,,-1.00000,-1,,,,-1,-1,,,,-1,-1,,2026-04-23 01:10:50.421,2026-04-23 01:10:50.421
40322,1,0,2026-04-22 18:00:20.569,2026-04-21 21:00:00.000,,SHW,Siu Ho Wan,小蠔灣,true,true,true,41610,40,Filtered Water,Filtered Water,"",過濾後水,,,-1.00000,-1,,0.10000,0,1.00000,2,,0.68000,1,2.00000,2,,,,-1.00000,-1,,,,-1.00000,-1,,,,-1,-1,,,,-1,-1,,2026-04-23 01:10:50.421,2026-04-23 01:10:50.421
40321,5,2,2026-04-22 15:07:20.339,2026-04-22 10:00:00.000,,TO,Tai O,大澳,true,true,true,41604,42,Filtered Water (2),Filtered Water,"2",過濾後水 (2),,,-1.00000,-1,,0.17000,0,2.00000,2,,,,-1.00000,-1,,,,-1.00000,-1,,,,-1.00000,-1,,,,-1,-1,,,,-1,-1,,2026-04-23 01:10:50.421,2026-04-23 01:10:50.421
40318,1,0,2026-04-22 11:04:02.845,2026-04-21 15:00:00.000,,SHW,Siu Ho Wan,小蠔灣,true,true,true,41586,40,Filtered Water,Filtered Water,"",過濾後水,,,-1.00000,-1,,0.11000,0,2.00000,2,,0.40000,0,1.00000,2,,,,-1.00000,-1,,,,-1.00000,-1,,,,-1,-1,,,,-1,-1,,2026-04-23 01:10:50.421,2026-04-23 01:10:50.421
40320,5,2,2026-04-22 14:56:38.588,2026-04-20 22:00:00.000,,TO,Tai O,大澳,true,true,true,41594,2,Raw Water (Shek Pik),Raw Water,Shek Pik,原水 (Shek Pik),6.76000,7,2.00000,2,,0.79000,1,2.00000,1,,,,-1.00000,-1,,,,-1.00000,-1,,,,-1.00000,-1,,,,-1,-1,,,,-1,-1,,2026-04-23 01:10:50.421,2026-04-23 01:10:50.421
40313,3,2,2026-04-22 06:44:56.822,2026-04-22 01:00:00.000,,RH,Red Hill,紅山,true,true,true,41561,45,Filtered Water (3-4),Filtered Water,"3-4",過濾後水 (3-4),,,-1.00000,-1,,0.08000,0,2.00000,2,,0.55000,0,2.00000,2,,,,-1.00000,-1,,,,-1.00000,-1,,,,-1,-1,,,,-1,-1,,2026-04-23 01:10:50.421,2026-04-23 01:10:50.421
40317,2,1,2026-04-22 10:27:01.910,2026-04-22 09:00:00.000,,SMB,Silver Mine Bay,銀鑛灣,true,true,true,41579,20,Dosed Water,Dosed Water,"",投藥後水,6.71000,7,2.00000,2,,,,-1.00000,-1,,,,-1.00000,-1,,,,-1.00000,-1,,,,-1.00000,-1,,,,-1,-1,,,,-1,-1,,2026-04-23 01:10:50.421,2026-04-23 01:10:50.421
40319,3,0,2026-04-22 11:38:28.234,2026-04-22 09:00:00.000,,RH,Red Hill,紅山,true,true,true,41592,100,Final Water,Final Water,"",食水,8.49000,9,2.00000,2,,0.10000,0,1.00000,2,"",1.00000,1,0.00000,2,,0.49000,0,2.00000,2,,,,-1.00000,-1,,,,-1,-1,,,,-1,-1,,2026-04-23 01:10:50.421,2026-04-23 01:10:50.421
40319,3,0,2026-04-22 11:38:28.234,2026-04-22 09:00:00.000,,RH,Red Hill,紅山,true,true,true,41589,20,Dosed Water,Dosed Water,"",投藥後水,6.75000,7,2.00000,2,,,,-1.00000,-1,,0.86000,1,2.00000,2,,,,-1.00000,-1,,,,-1.00000,-1,,,,-1,-1,,,,-1,-1,,2026-04-23 01:10:50.421,2026-04-23 01:10:50.421
40321,5,2,2026-04-22 15:07:20.339,2026-04-22 10:00:00.000,,TO,Tai O,大澳,true,true,true,41606,100,Final Water,Final Water,"",食水,8.48000,8,2.00000,2,,0.12000,0,2.00000,2,,1.10000,1,1.00000,2,,0.49000,0,2.00000,2,,,,-1.00000,-1,,,,-1,-1,,,,-1,-1,,2026-04-23 01:10:50.421,2026-04-23 01:10:50.421
40323,4,2,2026-04-22 18:10:52.607,2026-04-22 17:00:00.000,,CS,Cheung Sha,長沙,true,true,true,41615,100,Final Water,Final Water,"",食水,8.55000,9,2.00000,2,,0.08700,0,3.00000,1,,1.02000,1,2.00000,2,,0.51000,1,2.00000,1,,,,-1.00000,-1,,,,-1,-1,,,,-1,-1,,2026-04-23 01:10:50.421,2026-04-23 01:10:50.421
40317,2,1,2026-04-22 10:27:01.910,2026-04-22 09:00:00.000,,SMB,Silver Mine Bay,銀鑛灣,true,true,true,41581,40,Filtered Water,Filtered Water,"",過濾後水,,,-1.00000,-1,,0.11000,0,2.00000,2,,0.63000,0,2.00000,2,,,,-1.00000,-1,,,,-1.00000,-1,,,,-1,-1,,,,-1,-1,,2026-04-23 01:10:50.421,2026-04-23 01:10:50.421
40314,4,2,2026-04-22 07:25:50.647,2026-04-22 01:00:00.000,,CS,Cheung Sha,長沙,true,true,true,41565,40,Filtered Water,Filtered Water,"",過濾後水,,,-1.00000,-1,,0.08800,0,3.00000,2,,0.51000,0,2.00000,2,,,,-1.00000,-1,,,,-1.00000,-1,,,,-1,-1,,,,-1,-1,,2026-04-23 01:10:50.421,2026-04-23 01:10:50.421
40320,5,2,2026-04-22 14:56:38.588,2026-04-20 22:00:00.000,,TO,Tai O,大澳,true,true,true,41597,42,Filtered Water (2),Filtered Water,"2",過濾後水 (2),,,-1.00000,-1,,0.17000,0,2.00000,2,,,,-1.00000,-1,,,,-1.00000,-1,,,,-1.00000,-1,,,,-1,-1,,,,-1,-1,,2026-04-23 01:10:50.421,2026-04-23 01:10:50.421
40312,2,2,2026-04-22 06:36:48.974,2026-04-22 05:00:00.000,,SMB,Silver Mine Bay,銀鑛灣,true,true,true,41555,30,Clarified Water,Clarified Water,"",澄清後水,6.89000,7,2.00000,2,,0.17000,0,2.00000,2,,0.80000,1,1.00000,2,,,,-1.00000,-1,,,,-1.00000,-1,,,,-1,-1,,,,-1,-1,,2026-04-23 01:10:50.421,2026-04-23 01:10:50.421
40318,1,0,2026-04-22 11:04:02.845,2026-04-21 15:00:00.000,,SHW,Siu Ho Wan,小蠔灣,true,true,true,41584,20,Dosed Water,Dosed Water,"",投藥後水,6.87000,7,2.00000,2,,,,-1.00000,-1,,,,-1.00000,-1,,,,-1.00000,-1,,,,-1.00000,-1,,,,-1,-1,,,,-1,-1,,2026-04-23 01:10:50.421,2026-04-23 01:10:50.421
40318,1,0,2026-04-22 11:04:02.845,2026-04-21 15:00:00.000,,SHW,Siu Ho Wan,小蠔灣,true,true,true,41585,33,Clarified Water (A & B),Clarified Water (A & B),"",澄清後水 (A & B),6.77000,7,2.00000,2,,0.31000,0,2.00000,2,,0.70000,1,1.00000,2,,,,-1.00000,-1,,,,-1.00000,-1,,,,-1,-1,,,,-1,-1,,2026-04-23 01:10:50.421,2026-04-23 01:10:50.421
40313,3,2,2026-04-22 06:44:56.822,2026-04-22 01:00:00.000,,RH,Red Hill,紅山,true,true,true,41562,100,Final Water,Final Water,"",食水,8.47000,9,2.00000,2,,0.12000,0,2.00000,2,,1.08000,1,2.00000,2,,0.47000,0,2.00000,2,,,,-1.00000,-1,,,,-1,-1,,,,-1,-1,,2026-04-23 01:10:50.421,2026-04-23 01:10:50.421
